# RUNTIME X3 START 2026-02-26T12:41:19Z
HEAD=5ab7d399
===== G_DB_WRITE_READ_HASH_X3 =====
[RUN1] CMD: timeout 240 cargo test --manifest-path src-tauri/Cargo.toml test_sha256_computation -- --nocapture
    Finished `test` profile [unoptimized + debuginfo] target(s) in 0.24s
     Running unittests src/lib.rs (src-tauri/target/debug/deps/titane_infinity-1b72106b7b929a96)

running 0 tests

test result: ok. 0 passed; 0 failed; 0 ignored; 0 measured; 4444 filtered out; finished in 0.00s

     Running unittests src/main.rs (src-tauri/target/debug/deps/titane_infinity-f5425128dd7b299a)

running 1 test
test services::db_service::tests::test_sha256_computation ... ok

test result: ok. 1 passed; 0 failed; 0 ignored; 0 measured; 877 filtered out; finished in 0.00s

     Running tests/integration/agent_ia_workflow_test.rs (src-tauri/target/debug/deps/agent_ia_workflow_test-61e4d00cd8db4c4a)

running 0 tests

test result: ok. 0 passed; 0 failed; 0 ignored; 0 measured; 2 filtered out; finished in 0.00s

     Running tests/commands_v21_smoke_tests.rs (src-tauri/target/debug/deps/commands_v21_smoke_tests-7c0eae182f2efaa0)

running 0 tests

test result: ok. 0 passed; 0 failed; 0 ignored; 0 measured; 0 filtered out; finished in 0.00s

     Running tests/stress/concurrent_access_test.rs (src-tauri/target/debug/deps/concurrent_access_test-69237e04a683daba)

running 0 tests

test result: ok. 0 passed; 0 failed; 0 ignored; 0 measured; 2 filtered out; finished in 0.00s

     Running tests/cycle_engine_tests.rs (src-tauri/target/debug/deps/cycle_engine_tests-a4af6a00b076ded9)

running 0 tests

test result: ok. 0 passed; 0 failed; 0 ignored; 0 measured; 23 filtered out; finished in 0.00s

     Running tests/dashmap_performance_test.rs (src-tauri/target/debug/deps/dashmap_performance_test-34208319f72f76e5)

running 0 tests

test result: ok. 0 passed; 0 failed; 0 ignored; 0 measured; 6 filtered out; finished in 0.00s

     Running tests/integration/fallback_chain_test.rs (src-tauri/target/debug/deps/fallback_chain_test-89781b481f3952c7)

running 0 tests

test result: ok. 0 passed; 0 failed; 0 ignored; 0 measured; 3 filtered out; finished in 0.00s

     Running tests/intelligent_cache_test.rs (src-tauri/target/debug/deps/intelligent_cache_test-bec7ef9a96e7d047)

running 0 tests

test result: ok. 0 passed; 0 failed; 0 ignored; 0 measured; 8 filtered out; finished in 0.00s

     Running tests/ipc_cache_test.rs (src-tauri/target/debug/deps/ipc_cache_test-f5b21d22071f70f0)

running 0 tests

test result: ok. 0 passed; 0 failed; 0 ignored; 0 measured; 11 filtered out; finished in 0.00s

     Running tests/kernel_integration_tests.rs (src-tauri/target/debug/deps/kernel_integration_tests-73883c594fdf1455)

running 0 tests

test result: ok. 0 passed; 0 failed; 0 ignored; 0 measured; 11 filtered out; finished in 0.00s

     Running tests/stress/metrics_stress_test.rs (src-tauri/target/debug/deps/metrics_stress_test-23730176c1e96df9)

running 0 tests

test result: ok. 0 passed; 0 failed; 0 ignored; 0 measured; 2 filtered out; finished in 0.00s

     Running tests/multimodal_integration_test.rs (src-tauri/target/debug/deps/multimodal_integration_test-2ac583ded36cc1a2)

running 0 tests

test result: ok. 0 passed; 0 failed; 0 ignored; 0 measured; 1 filtered out; finished in 0.00s

     Running tests/omega_p2_performance_test.rs (src-tauri/target/debug/deps/omega_p2_performance_test-cb4473076f0955af)

running 0 tests

test result: ok. 0 passed; 0 failed; 0 ignored; 0 measured; 3 filtered out; finished in 0.00s

     Running tests/p3_provider_meta_gates.rs (src-tauri/target/debug/deps/p3_provider_meta_gates-16eaacd8104c719f)

running 0 tests

test result: ok. 0 passed; 0 failed; 0 ignored; 0 measured; 4 filtered out; finished in 0.00s

     Running tests/security/permission_enforcement_test.rs (src-tauri/target/debug/deps/permission_enforcement_test-db57f2f58743a956)

running 0 tests

test result: ok. 0 passed; 0 failed; 0 ignored; 0 measured; 4 filtered out; finished in 0.00s

     Running tests/secure_engine_tests.rs (src-tauri/target/debug/deps/secure_engine_tests-1b68e8df171ac563)

running 0 tests

test result: ok. 0 passed; 0 failed; 0 ignored; 0 measured; 3 filtered out; finished in 0.00s

     Running tests/security_tests.rs (src-tauri/target/debug/deps/security_tests-06099e4266f74d66)

running 0 tests

test result: ok. 0 passed; 0 failed; 0 ignored; 0 measured; 10 filtered out; finished in 0.00s

     Running tests/integration/singularity_integration_test.rs (src-tauri/target/debug/deps/singularity_integration_test-ccf73373b2f3f27a)

running 0 tests

test result: ok. 0 passed; 0 failed; 0 ignored; 0 measured; 3 filtered out; finished in 0.00s

     Running tests/unified_memory_tests.rs (src-tauri/target/debug/deps/unified_memory_tests-6e20221bbdf685a6)

running 0 tests

test result: ok. 0 passed; 0 failed; 0 ignored; 0 measured; 10 filtered out; finished in 0.00s

[RUN1] EXIT=0
[RUN2] CMD: timeout 240 cargo test --manifest-path src-tauri/Cargo.toml test_sha256_computation -- --nocapture
    Finished `test` profile [unoptimized + debuginfo] target(s) in 0.28s
     Running unittests src/lib.rs (src-tauri/target/debug/deps/titane_infinity-1b72106b7b929a96)

running 0 tests

test result: ok. 0 passed; 0 failed; 0 ignored; 0 measured; 4444 filtered out; finished in 0.00s

     Running unittests src/main.rs (src-tauri/target/debug/deps/titane_infinity-f5425128dd7b299a)

running 1 test
test services::db_service::tests::test_sha256_computation ... ok

test result: ok. 1 passed; 0 failed; 0 ignored; 0 measured; 877 filtered out; finished in 0.00s

     Running tests/integration/agent_ia_workflow_test.rs (src-tauri/target/debug/deps/agent_ia_workflow_test-61e4d00cd8db4c4a)

running 0 tests

test result: ok. 0 passed; 0 failed; 0 ignored; 0 measured; 2 filtered out; finished in 0.00s

     Running tests/commands_v21_smoke_tests.rs (src-tauri/target/debug/deps/commands_v21_smoke_tests-7c0eae182f2efaa0)

running 0 tests

test result: ok. 0 passed; 0 failed; 0 ignored; 0 measured; 0 filtered out; finished in 0.00s

     Running tests/stress/concurrent_access_test.rs (src-tauri/target/debug/deps/concurrent_access_test-69237e04a683daba)

running 0 tests

test result: ok. 0 passed; 0 failed; 0 ignored; 0 measured; 2 filtered out; finished in 0.00s

     Running tests/cycle_engine_tests.rs (src-tauri/target/debug/deps/cycle_engine_tests-a4af6a00b076ded9)

running 0 tests

test result: ok. 0 passed; 0 failed; 0 ignored; 0 measured; 23 filtered out; finished in 0.00s

     Running tests/dashmap_performance_test.rs (src-tauri/target/debug/deps/dashmap_performance_test-34208319f72f76e5)

running 0 tests

test result: ok. 0 passed; 0 failed; 0 ignored; 0 measured; 6 filtered out; finished in 0.00s

     Running tests/integration/fallback_chain_test.rs (src-tauri/target/debug/deps/fallback_chain_test-89781b481f3952c7)

running 0 tests

test result: ok. 0 passed; 0 failed; 0 ignored; 0 measured; 3 filtered out; finished in 0.00s

     Running tests/intelligent_cache_test.rs (src-tauri/target/debug/deps/intelligent_cache_test-bec7ef9a96e7d047)

running 0 tests

test result: ok. 0 passed; 0 failed; 0 ignored; 0 measured; 8 filtered out; finished in 0.00s

     Running tests/ipc_cache_test.rs (src-tauri/target/debug/deps/ipc_cache_test-f5b21d22071f70f0)

running 0 tests

test result: ok. 0 passed; 0 failed; 0 ignored; 0 measured; 11 filtered out; finished in 0.00s

     Running tests/kernel_integration_tests.rs (src-tauri/target/debug/deps/kernel_integration_tests-73883c594fdf1455)

running 0 tests

test result: ok. 0 passed; 0 failed; 0 ignored; 0 measured; 11 filtered out; finished in 0.00s

     Running tests/stress/metrics_stress_test.rs (src-tauri/target/debug/deps/metrics_stress_test-23730176c1e96df9)

running 0 tests

test result: ok. 0 passed; 0 failed; 0 ignored; 0 measured; 2 filtered out; finished in 0.00s

     Running tests/multimodal_integration_test.rs (src-tauri/target/debug/deps/multimodal_integration_test-2ac583ded36cc1a2)

running 0 tests

test result: ok. 0 passed; 0 failed; 0 ignored; 0 measured; 1 filtered out; finished in 0.00s

     Running tests/omega_p2_performance_test.rs (src-tauri/target/debug/deps/omega_p2_performance_test-cb4473076f0955af)

running 0 tests

test result: ok. 0 passed; 0 failed; 0 ignored; 0 measured; 3 filtered out; finished in 0.00s

     Running tests/p3_provider_meta_gates.rs (src-tauri/target/debug/deps/p3_provider_meta_gates-16eaacd8104c719f)

running 0 tests

test result: ok. 0 passed; 0 failed; 0 ignored; 0 measured; 4 filtered out; finished in 0.00s

     Running tests/security/permission_enforcement_test.rs (src-tauri/target/debug/deps/permission_enforcement_test-db57f2f58743a956)

running 0 tests

test result: ok. 0 passed; 0 failed; 0 ignored; 0 measured; 4 filtered out; finished in 0.00s

     Running tests/secure_engine_tests.rs (src-tauri/target/debug/deps/secure_engine_tests-1b68e8df171ac563)

running 0 tests

test result: ok. 0 passed; 0 failed; 0 ignored; 0 measured; 3 filtered out; finished in 0.00s

     Running tests/security_tests.rs (src-tauri/target/debug/deps/security_tests-06099e4266f74d66)

running 0 tests

test result: ok. 0 passed; 0 failed; 0 ignored; 0 measured; 10 filtered out; finished in 0.00s

     Running tests/integration/singularity_integration_test.rs (src-tauri/target/debug/deps/singularity_integration_test-ccf73373b2f3f27a)

running 0 tests

test result: ok. 0 passed; 0 failed; 0 ignored; 0 measured; 3 filtered out; finished in 0.00s

     Running tests/unified_memory_tests.rs (src-tauri/target/debug/deps/unified_memory_tests-6e20221bbdf685a6)

running 0 tests

test result: ok. 0 passed; 0 failed; 0 ignored; 0 measured; 10 filtered out; finished in 0.00s

[RUN2] EXIT=0
[RUN3] CMD: timeout 240 cargo test --manifest-path src-tauri/Cargo.toml test_sha256_computation -- --nocapture
    Finished `test` profile [unoptimized + debuginfo] target(s) in 0.31s
     Running unittests src/lib.rs (src-tauri/target/debug/deps/titane_infinity-1b72106b7b929a96)

running 0 tests

test result: ok. 0 passed; 0 failed; 0 ignored; 0 measured; 4444 filtered out; finished in 0.00s

     Running unittests src/main.rs (src-tauri/target/debug/deps/titane_infinity-f5425128dd7b299a)

running 1 test
test services::db_service::tests::test_sha256_computation ... ok

test result: ok. 1 passed; 0 failed; 0 ignored; 0 measured; 877 filtered out; finished in 0.00s

     Running tests/integration/agent_ia_workflow_test.rs (src-tauri/target/debug/deps/agent_ia_workflow_test-61e4d00cd8db4c4a)

running 0 tests

test result: ok. 0 passed; 0 failed; 0 ignored; 0 measured; 2 filtered out; finished in 0.00s

     Running tests/commands_v21_smoke_tests.rs (src-tauri/target/debug/deps/commands_v21_smoke_tests-7c0eae182f2efaa0)

running 0 tests

test result: ok. 0 passed; 0 failed; 0 ignored; 0 measured; 0 filtered out; finished in 0.00s

     Running tests/stress/concurrent_access_test.rs (src-tauri/target/debug/deps/concurrent_access_test-69237e04a683daba)

running 0 tests

test result: ok. 0 passed; 0 failed; 0 ignored; 0 measured; 2 filtered out; finished in 0.00s

     Running tests/cycle_engine_tests.rs (src-tauri/target/debug/deps/cycle_engine_tests-a4af6a00b076ded9)

running 0 tests

test result: ok. 0 passed; 0 failed; 0 ignored; 0 measured; 23 filtered out; finished in 0.00s

     Running tests/dashmap_performance_test.rs (src-tauri/target/debug/deps/dashmap_performance_test-34208319f72f76e5)

running 0 tests

test result: ok. 0 passed; 0 failed; 0 ignored; 0 measured; 6 filtered out; finished in 0.00s

     Running tests/integration/fallback_chain_test.rs (src-tauri/target/debug/deps/fallback_chain_test-89781b481f3952c7)

running 0 tests

test result: ok. 0 passed; 0 failed; 0 ignored; 0 measured; 3 filtered out; finished in 0.00s

     Running tests/intelligent_cache_test.rs (src-tauri/target/debug/deps/intelligent_cache_test-bec7ef9a96e7d047)

running 0 tests

test result: ok. 0 passed; 0 failed; 0 ignored; 0 measured; 8 filtered out; finished in 0.00s

     Running tests/ipc_cache_test.rs (src-tauri/target/debug/deps/ipc_cache_test-f5b21d22071f70f0)

running 0 tests

test result: ok. 0 passed; 0 failed; 0 ignored; 0 measured; 11 filtered out; finished in 0.00s

     Running tests/kernel_integration_tests.rs (src-tauri/target/debug/deps/kernel_integration_tests-73883c594fdf1455)

running 0 tests

test result: ok. 0 passed; 0 failed; 0 ignored; 0 measured; 11 filtered out; finished in 0.00s

     Running tests/stress/metrics_stress_test.rs (src-tauri/target/debug/deps/metrics_stress_test-23730176c1e96df9)

running 0 tests

test result: ok. 0 passed; 0 failed; 0 ignored; 0 measured; 2 filtered out; finished in 0.00s

     Running tests/multimodal_integration_test.rs (src-tauri/target/debug/deps/multimodal_integration_test-2ac583ded36cc1a2)

running 0 tests

test result: ok. 0 passed; 0 failed; 0 ignored; 0 measured; 1 filtered out; finished in 0.00s

     Running tests/omega_p2_performance_test.rs (src-tauri/target/debug/deps/omega_p2_performance_test-cb4473076f0955af)

running 0 tests

test result: ok. 0 passed; 0 failed; 0 ignored; 0 measured; 3 filtered out; finished in 0.00s

     Running tests/p3_provider_meta_gates.rs (src-tauri/target/debug/deps/p3_provider_meta_gates-16eaacd8104c719f)

running 0 tests

test result: ok. 0 passed; 0 failed; 0 ignored; 0 measured; 4 filtered out; finished in 0.00s

     Running tests/security/permission_enforcement_test.rs (src-tauri/target/debug/deps/permission_enforcement_test-db57f2f58743a956)

running 0 tests

test result: ok. 0 passed; 0 failed; 0 ignored; 0 measured; 4 filtered out; finished in 0.00s

     Running tests/secure_engine_tests.rs (src-tauri/target/debug/deps/secure_engine_tests-1b68e8df171ac563)

running 0 tests

test result: ok. 0 passed; 0 failed; 0 ignored; 0 measured; 3 filtered out; finished in 0.00s

     Running tests/security_tests.rs (src-tauri/target/debug/deps/security_tests-06099e4266f74d66)

running 0 tests

test result: ok. 0 passed; 0 failed; 0 ignored; 0 measured; 10 filtered out; finished in 0.00s

     Running tests/integration/singularity_integration_test.rs (src-tauri/target/debug/deps/singularity_integration_test-ccf73373b2f3f27a)

running 0 tests

test result: ok. 0 passed; 0 failed; 0 ignored; 0 measured; 3 filtered out; finished in 0.00s

     Running tests/unified_memory_tests.rs (src-tauri/target/debug/deps/unified_memory_tests-6e20221bbdf685a6)

running 0 tests

test result: ok. 0 passed; 0 failed; 0 ignored; 0 measured; 10 filtered out; finished in 0.00s

[RUN3] EXIT=0
===== G_EVENTS_APPEND_ONLY =====
[RUN1] CMD: timeout 240 cargo test --manifest-path src-tauri/Cargo.toml test_append_only_no_update -- --nocapture
    Finished `test` profile [unoptimized + debuginfo] target(s) in 0.26s
     Running unittests src/lib.rs (src-tauri/target/debug/deps/titane_infinity-1b72106b7b929a96)

running 0 tests

test result: ok. 0 passed; 0 failed; 0 ignored; 0 measured; 4444 filtered out; finished in 0.00s

     Running unittests src/main.rs (src-tauri/target/debug/deps/titane_infinity-f5425128dd7b299a)

running 1 test
test services::db_service::tests::test_append_only_no_update ... ok

test result: ok. 1 passed; 0 failed; 0 ignored; 0 measured; 877 filtered out; finished in 0.00s

     Running tests/integration/agent_ia_workflow_test.rs (src-tauri/target/debug/deps/agent_ia_workflow_test-61e4d00cd8db4c4a)

running 0 tests

test result: ok. 0 passed; 0 failed; 0 ignored; 0 measured; 2 filtered out; finished in 0.00s

     Running tests/commands_v21_smoke_tests.rs (src-tauri/target/debug/deps/commands_v21_smoke_tests-7c0eae182f2efaa0)

running 0 tests

test result: ok. 0 passed; 0 failed; 0 ignored; 0 measured; 0 filtered out; finished in 0.00s

     Running tests/stress/concurrent_access_test.rs (src-tauri/target/debug/deps/concurrent_access_test-69237e04a683daba)

running 0 tests

test result: ok. 0 passed; 0 failed; 0 ignored; 0 measured; 2 filtered out; finished in 0.00s

     Running tests/cycle_engine_tests.rs (src-tauri/target/debug/deps/cycle_engine_tests-a4af6a00b076ded9)

running 0 tests

test result: ok. 0 passed; 0 failed; 0 ignored; 0 measured; 23 filtered out; finished in 0.00s

     Running tests/dashmap_performance_test.rs (src-tauri/target/debug/deps/dashmap_performance_test-34208319f72f76e5)

running 0 tests

test result: ok. 0 passed; 0 failed; 0 ignored; 0 measured; 6 filtered out; finished in 0.00s

     Running tests/integration/fallback_chain_test.rs (src-tauri/target/debug/deps/fallback_chain_test-89781b481f3952c7)

running 0 tests

test result: ok. 0 passed; 0 failed; 0 ignored; 0 measured; 3 filtered out; finished in 0.00s

     Running tests/intelligent_cache_test.rs (src-tauri/target/debug/deps/intelligent_cache_test-bec7ef9a96e7d047)

running 0 tests

test result: ok. 0 passed; 0 failed; 0 ignored; 0 measured; 8 filtered out; finished in 0.00s

     Running tests/ipc_cache_test.rs (src-tauri/target/debug/deps/ipc_cache_test-f5b21d22071f70f0)

running 0 tests

test result: ok. 0 passed; 0 failed; 0 ignored; 0 measured; 11 filtered out; finished in 0.00s

     Running tests/kernel_integration_tests.rs (src-tauri/target/debug/deps/kernel_integration_tests-73883c594fdf1455)

running 0 tests

test result: ok. 0 passed; 0 failed; 0 ignored; 0 measured; 11 filtered out; finished in 0.00s

     Running tests/stress/metrics_stress_test.rs (src-tauri/target/debug/deps/metrics_stress_test-23730176c1e96df9)

running 0 tests

test result: ok. 0 passed; 0 failed; 0 ignored; 0 measured; 2 filtered out; finished in 0.00s

     Running tests/multimodal_integration_test.rs (src-tauri/target/debug/deps/multimodal_integration_test-2ac583ded36cc1a2)

running 0 tests

test result: ok. 0 passed; 0 failed; 0 ignored; 0 measured; 1 filtered out; finished in 0.00s

     Running tests/omega_p2_performance_test.rs (src-tauri/target/debug/deps/omega_p2_performance_test-cb4473076f0955af)

running 0 tests

test result: ok. 0 passed; 0 failed; 0 ignored; 0 measured; 3 filtered out; finished in 0.00s

     Running tests/p3_provider_meta_gates.rs (src-tauri/target/debug/deps/p3_provider_meta_gates-16eaacd8104c719f)

running 0 tests

test result: ok. 0 passed; 0 failed; 0 ignored; 0 measured; 4 filtered out; finished in 0.00s

     Running tests/security/permission_enforcement_test.rs (src-tauri/target/debug/deps/permission_enforcement_test-db57f2f58743a956)

running 0 tests

test result: ok. 0 passed; 0 failed; 0 ignored; 0 measured; 4 filtered out; finished in 0.00s

     Running tests/secure_engine_tests.rs (src-tauri/target/debug/deps/secure_engine_tests-1b68e8df171ac563)

running 0 tests

test result: ok. 0 passed; 0 failed; 0 ignored; 0 measured; 3 filtered out; finished in 0.00s

     Running tests/security_tests.rs (src-tauri/target/debug/deps/security_tests-06099e4266f74d66)

running 0 tests

test result: ok. 0 passed; 0 failed; 0 ignored; 0 measured; 10 filtered out; finished in 0.00s

     Running tests/integration/singularity_integration_test.rs (src-tauri/target/debug/deps/singularity_integration_test-ccf73373b2f3f27a)

running 0 tests

test result: ok. 0 passed; 0 failed; 0 ignored; 0 measured; 3 filtered out; finished in 0.00s

     Running tests/unified_memory_tests.rs (src-tauri/target/debug/deps/unified_memory_tests-6e20221bbdf685a6)

running 0 tests

test result: ok. 0 passed; 0 failed; 0 ignored; 0 measured; 10 filtered out; finished in 0.00s

[RUN1] EXIT=0
[RUN2] CMD: timeout 240 cargo test --manifest-path src-tauri/Cargo.toml test_append_only_no_update -- --nocapture
    Finished `test` profile [unoptimized + debuginfo] target(s) in 0.27s
     Running unittests src/lib.rs (src-tauri/target/debug/deps/titane_infinity-1b72106b7b929a96)

running 0 tests

test result: ok. 0 passed; 0 failed; 0 ignored; 0 measured; 4444 filtered out; finished in 0.00s

     Running unittests src/main.rs (src-tauri/target/debug/deps/titane_infinity-f5425128dd7b299a)

running 1 test
test services::db_service::tests::test_append_only_no_update ... ok

test result: ok. 1 passed; 0 failed; 0 ignored; 0 measured; 877 filtered out; finished in 0.00s

     Running tests/integration/agent_ia_workflow_test.rs (src-tauri/target/debug/deps/agent_ia_workflow_test-61e4d00cd8db4c4a)

running 0 tests

test result: ok. 0 passed; 0 failed; 0 ignored; 0 measured; 2 filtered out; finished in 0.00s

     Running tests/commands_v21_smoke_tests.rs (src-tauri/target/debug/deps/commands_v21_smoke_tests-7c0eae182f2efaa0)

running 0 tests

test result: ok. 0 passed; 0 failed; 0 ignored; 0 measured; 0 filtered out; finished in 0.00s

     Running tests/stress/concurrent_access_test.rs (src-tauri/target/debug/deps/concurrent_access_test-69237e04a683daba)

running 0 tests

test result: ok. 0 passed; 0 failed; 0 ignored; 0 measured; 2 filtered out; finished in 0.00s

     Running tests/cycle_engine_tests.rs (src-tauri/target/debug/deps/cycle_engine_tests-a4af6a00b076ded9)

running 0 tests

test result: ok. 0 passed; 0 failed; 0 ignored; 0 measured; 23 filtered out; finished in 0.00s

     Running tests/dashmap_performance_test.rs (src-tauri/target/debug/deps/dashmap_performance_test-34208319f72f76e5)

running 0 tests

test result: ok. 0 passed; 0 failed; 0 ignored; 0 measured; 6 filtered out; finished in 0.00s

     Running tests/integration/fallback_chain_test.rs (src-tauri/target/debug/deps/fallback_chain_test-89781b481f3952c7)

running 0 tests

test result: ok. 0 passed; 0 failed; 0 ignored; 0 measured; 3 filtered out; finished in 0.00s

     Running tests/intelligent_cache_test.rs (src-tauri/target/debug/deps/intelligent_cache_test-bec7ef9a96e7d047)

running 0 tests

test result: ok. 0 passed; 0 failed; 0 ignored; 0 measured; 8 filtered out; finished in 0.00s

     Running tests/ipc_cache_test.rs (src-tauri/target/debug/deps/ipc_cache_test-f5b21d22071f70f0)

running 0 tests

test result: ok. 0 passed; 0 failed; 0 ignored; 0 measured; 11 filtered out; finished in 0.00s

     Running tests/kernel_integration_tests.rs (src-tauri/target/debug/deps/kernel_integration_tests-73883c594fdf1455)

running 0 tests

test result: ok. 0 passed; 0 failed; 0 ignored; 0 measured; 11 filtered out; finished in 0.00s

     Running tests/stress/metrics_stress_test.rs (src-tauri/target/debug/deps/metrics_stress_test-23730176c1e96df9)

running 0 tests

test result: ok. 0 passed; 0 failed; 0 ignored; 0 measured; 2 filtered out; finished in 0.00s

     Running tests/multimodal_integration_test.rs (src-tauri/target/debug/deps/multimodal_integration_test-2ac583ded36cc1a2)

running 0 tests

test result: ok. 0 passed; 0 failed; 0 ignored; 0 measured; 1 filtered out; finished in 0.00s

     Running tests/omega_p2_performance_test.rs (src-tauri/target/debug/deps/omega_p2_performance_test-cb4473076f0955af)

running 0 tests

test result: ok. 0 passed; 0 failed; 0 ignored; 0 measured; 3 filtered out; finished in 0.00s

     Running tests/p3_provider_meta_gates.rs (src-tauri/target/debug/deps/p3_provider_meta_gates-16eaacd8104c719f)

running 0 tests

test result: ok. 0 passed; 0 failed; 0 ignored; 0 measured; 4 filtered out; finished in 0.00s

     Running tests/security/permission_enforcement_test.rs (src-tauri/target/debug/deps/permission_enforcement_test-db57f2f58743a956)

running 0 tests

test result: ok. 0 passed; 0 failed; 0 ignored; 0 measured; 4 filtered out; finished in 0.00s

     Running tests/secure_engine_tests.rs (src-tauri/target/debug/deps/secure_engine_tests-1b68e8df171ac563)

running 0 tests

test result: ok. 0 passed; 0 failed; 0 ignored; 0 measured; 3 filtered out; finished in 0.00s

     Running tests/security_tests.rs (src-tauri/target/debug/deps/security_tests-06099e4266f74d66)

running 0 tests

test result: ok. 0 passed; 0 failed; 0 ignored; 0 measured; 10 filtered out; finished in 0.00s

     Running tests/integration/singularity_integration_test.rs (src-tauri/target/debug/deps/singularity_integration_test-ccf73373b2f3f27a)

running 0 tests

test result: ok. 0 passed; 0 failed; 0 ignored; 0 measured; 3 filtered out; finished in 0.00s

     Running tests/unified_memory_tests.rs (src-tauri/target/debug/deps/unified_memory_tests-6e20221bbdf685a6)

running 0 tests

test result: ok. 0 passed; 0 failed; 0 ignored; 0 measured; 10 filtered out; finished in 0.00s

[RUN2] EXIT=0
[RUN3] CMD: timeout 240 cargo test --manifest-path src-tauri/Cargo.toml test_append_only_no_update -- --nocapture
    Finished `test` profile [unoptimized + debuginfo] target(s) in 0.25s
     Running unittests src/lib.rs (src-tauri/target/debug/deps/titane_infinity-1b72106b7b929a96)

running 0 tests

test result: ok. 0 passed; 0 failed; 0 ignored; 0 measured; 4444 filtered out; finished in 0.00s

     Running unittests src/main.rs (src-tauri/target/debug/deps/titane_infinity-f5425128dd7b299a)

running 1 test
test services::db_service::tests::test_append_only_no_update ... ok

test result: ok. 1 passed; 0 failed; 0 ignored; 0 measured; 877 filtered out; finished in 0.00s

     Running tests/integration/agent_ia_workflow_test.rs (src-tauri/target/debug/deps/agent_ia_workflow_test-61e4d00cd8db4c4a)

running 0 tests

test result: ok. 0 passed; 0 failed; 0 ignored; 0 measured; 2 filtered out; finished in 0.00s

     Running tests/commands_v21_smoke_tests.rs (src-tauri/target/debug/deps/commands_v21_smoke_tests-7c0eae182f2efaa0)

running 0 tests

test result: ok. 0 passed; 0 failed; 0 ignored; 0 measured; 0 filtered out; finished in 0.00s

     Running tests/stress/concurrent_access_test.rs (src-tauri/target/debug/deps/concurrent_access_test-69237e04a683daba)

running 0 tests

test result: ok. 0 passed; 0 failed; 0 ignored; 0 measured; 2 filtered out; finished in 0.00s

     Running tests/cycle_engine_tests.rs (src-tauri/target/debug/deps/cycle_engine_tests-a4af6a00b076ded9)

running 0 tests

test result: ok. 0 passed; 0 failed; 0 ignored; 0 measured; 23 filtered out; finished in 0.00s

     Running tests/dashmap_performance_test.rs (src-tauri/target/debug/deps/dashmap_performance_test-34208319f72f76e5)

running 0 tests

test result: ok. 0 passed; 0 failed; 0 ignored; 0 measured; 6 filtered out; finished in 0.00s

     Running tests/integration/fallback_chain_test.rs (src-tauri/target/debug/deps/fallback_chain_test-89781b481f3952c7)

running 0 tests

test result: ok. 0 passed; 0 failed; 0 ignored; 0 measured; 3 filtered out; finished in 0.00s

     Running tests/intelligent_cache_test.rs (src-tauri/target/debug/deps/intelligent_cache_test-bec7ef9a96e7d047)

running 0 tests

test result: ok. 0 passed; 0 failed; 0 ignored; 0 measured; 8 filtered out; finished in 0.00s

     Running tests/ipc_cache_test.rs (src-tauri/target/debug/deps/ipc_cache_test-f5b21d22071f70f0)

running 0 tests

test result: ok. 0 passed; 0 failed; 0 ignored; 0 measured; 11 filtered out; finished in 0.00s

     Running tests/kernel_integration_tests.rs (src-tauri/target/debug/deps/kernel_integration_tests-73883c594fdf1455)

running 0 tests

test result: ok. 0 passed; 0 failed; 0 ignored; 0 measured; 11 filtered out; finished in 0.00s

     Running tests/stress/metrics_stress_test.rs (src-tauri/target/debug/deps/metrics_stress_test-23730176c1e96df9)

running 0 tests

test result: ok. 0 passed; 0 failed; 0 ignored; 0 measured; 2 filtered out; finished in 0.00s

     Running tests/multimodal_integration_test.rs (src-tauri/target/debug/deps/multimodal_integration_test-2ac583ded36cc1a2)

running 0 tests

test result: ok. 0 passed; 0 failed; 0 ignored; 0 measured; 1 filtered out; finished in 0.00s

     Running tests/omega_p2_performance_test.rs (src-tauri/target/debug/deps/omega_p2_performance_test-cb4473076f0955af)

running 0 tests

test result: ok. 0 passed; 0 failed; 0 ignored; 0 measured; 3 filtered out; finished in 0.00s

     Running tests/p3_provider_meta_gates.rs (src-tauri/target/debug/deps/p3_provider_meta_gates-16eaacd8104c719f)

running 0 tests

test result: ok. 0 passed; 0 failed; 0 ignored; 0 measured; 4 filtered out; finished in 0.00s

     Running tests/security/permission_enforcement_test.rs (src-tauri/target/debug/deps/permission_enforcement_test-db57f2f58743a956)

running 0 tests

test result: ok. 0 passed; 0 failed; 0 ignored; 0 measured; 4 filtered out; finished in 0.00s

     Running tests/secure_engine_tests.rs (src-tauri/target/debug/deps/secure_engine_tests-1b68e8df171ac563)

running 0 tests

test result: ok. 0 passed; 0 failed; 0 ignored; 0 measured; 3 filtered out; finished in 0.00s

     Running tests/security_tests.rs (src-tauri/target/debug/deps/security_tests-06099e4266f74d66)

running 0 tests

test result: ok. 0 passed; 0 failed; 0 ignored; 0 measured; 10 filtered out; finished in 0.00s

     Running tests/integration/singularity_integration_test.rs (src-tauri/target/debug/deps/singularity_integration_test-ccf73373b2f3f27a)

running 0 tests

test result: ok. 0 passed; 0 failed; 0 ignored; 0 measured; 3 filtered out; finished in 0.00s

     Running tests/unified_memory_tests.rs (src-tauri/target/debug/deps/unified_memory_tests-6e20221bbdf685a6)

running 0 tests

test result: ok. 0 passed; 0 failed; 0 ignored; 0 measured; 10 filtered out; finished in 0.00s

[RUN3] EXIT=0
===== G_POLICY_ENFORCED =====
[RUN1] CMD: timeout 240 cargo test --manifest-path src-tauri/Cargo.toml engines::conversation_os::policy::tests::test_endpoint_allowlist -- --nocapture
    Finished `test` profile [unoptimized + debuginfo] target(s) in 0.26s
     Running unittests src/lib.rs (src-tauri/target/debug/deps/titane_infinity-1b72106b7b929a96)

running 1 test
test engines::conversation_os::policy::tests::test_endpoint_allowlist ... ok

test result: ok. 1 passed; 0 failed; 0 ignored; 0 measured; 4443 filtered out; finished in 0.00s

     Running unittests src/main.rs (src-tauri/target/debug/deps/titane_infinity-f5425128dd7b299a)

running 0 tests

test result: ok. 0 passed; 0 failed; 0 ignored; 0 measured; 878 filtered out; finished in 0.00s

     Running tests/integration/agent_ia_workflow_test.rs (src-tauri/target/debug/deps/agent_ia_workflow_test-61e4d00cd8db4c4a)

running 0 tests

test result: ok. 0 passed; 0 failed; 0 ignored; 0 measured; 2 filtered out; finished in 0.00s

     Running tests/commands_v21_smoke_tests.rs (src-tauri/target/debug/deps/commands_v21_smoke_tests-7c0eae182f2efaa0)

running 0 tests

test result: ok. 0 passed; 0 failed; 0 ignored; 0 measured; 0 filtered out; finished in 0.00s

     Running tests/stress/concurrent_access_test.rs (src-tauri/target/debug/deps/concurrent_access_test-69237e04a683daba)

running 0 tests

test result: ok. 0 passed; 0 failed; 0 ignored; 0 measured; 2 filtered out; finished in 0.00s

     Running tests/cycle_engine_tests.rs (src-tauri/target/debug/deps/cycle_engine_tests-a4af6a00b076ded9)

running 0 tests

test result: ok. 0 passed; 0 failed; 0 ignored; 0 measured; 23 filtered out; finished in 0.00s

     Running tests/dashmap_performance_test.rs (src-tauri/target/debug/deps/dashmap_performance_test-34208319f72f76e5)

running 0 tests

test result: ok. 0 passed; 0 failed; 0 ignored; 0 measured; 6 filtered out; finished in 0.00s

     Running tests/integration/fallback_chain_test.rs (src-tauri/target/debug/deps/fallback_chain_test-89781b481f3952c7)

running 0 tests

test result: ok. 0 passed; 0 failed; 0 ignored; 0 measured; 3 filtered out; finished in 0.00s

     Running tests/intelligent_cache_test.rs (src-tauri/target/debug/deps/intelligent_cache_test-bec7ef9a96e7d047)

running 0 tests

test result: ok. 0 passed; 0 failed; 0 ignored; 0 measured; 8 filtered out; finished in 0.00s

     Running tests/ipc_cache_test.rs (src-tauri/target/debug/deps/ipc_cache_test-f5b21d22071f70f0)

running 0 tests

test result: ok. 0 passed; 0 failed; 0 ignored; 0 measured; 11 filtered out; finished in 0.00s

     Running tests/kernel_integration_tests.rs (src-tauri/target/debug/deps/kernel_integration_tests-73883c594fdf1455)

running 0 tests

test result: ok. 0 passed; 0 failed; 0 ignored; 0 measured; 11 filtered out; finished in 0.00s

     Running tests/stress/metrics_stress_test.rs (src-tauri/target/debug/deps/metrics_stress_test-23730176c1e96df9)

running 0 tests

test result: ok. 0 passed; 0 failed; 0 ignored; 0 measured; 2 filtered out; finished in 0.00s

     Running tests/multimodal_integration_test.rs (src-tauri/target/debug/deps/multimodal_integration_test-2ac583ded36cc1a2)

running 0 tests

test result: ok. 0 passed; 0 failed; 0 ignored; 0 measured; 1 filtered out; finished in 0.00s

     Running tests/omega_p2_performance_test.rs (src-tauri/target/debug/deps/omega_p2_performance_test-cb4473076f0955af)

running 0 tests

test result: ok. 0 passed; 0 failed; 0 ignored; 0 measured; 3 filtered out; finished in 0.00s

     Running tests/p3_provider_meta_gates.rs (src-tauri/target/debug/deps/p3_provider_meta_gates-16eaacd8104c719f)

running 0 tests

test result: ok. 0 passed; 0 failed; 0 ignored; 0 measured; 4 filtered out; finished in 0.00s

     Running tests/security/permission_enforcement_test.rs (src-tauri/target/debug/deps/permission_enforcement_test-db57f2f58743a956)

running 0 tests

test result: ok. 0 passed; 0 failed; 0 ignored; 0 measured; 4 filtered out; finished in 0.00s

     Running tests/secure_engine_tests.rs (src-tauri/target/debug/deps/secure_engine_tests-1b68e8df171ac563)

running 0 tests

test result: ok. 0 passed; 0 failed; 0 ignored; 0 measured; 3 filtered out; finished in 0.00s

     Running tests/security_tests.rs (src-tauri/target/debug/deps/security_tests-06099e4266f74d66)

running 0 tests

test result: ok. 0 passed; 0 failed; 0 ignored; 0 measured; 10 filtered out; finished in 0.00s

     Running tests/integration/singularity_integration_test.rs (src-tauri/target/debug/deps/singularity_integration_test-ccf73373b2f3f27a)

running 0 tests

test result: ok. 0 passed; 0 failed; 0 ignored; 0 measured; 3 filtered out; finished in 0.00s

     Running tests/unified_memory_tests.rs (src-tauri/target/debug/deps/unified_memory_tests-6e20221bbdf685a6)

running 0 tests

test result: ok. 0 passed; 0 failed; 0 ignored; 0 measured; 10 filtered out; finished in 0.00s

[RUN1] EXIT=0
[RUN2] CMD: timeout 240 cargo test --manifest-path src-tauri/Cargo.toml engines::conversation_os::policy::tests::test_endpoint_allowlist -- --nocapture
    Finished `test` profile [unoptimized + debuginfo] target(s) in 0.39s
     Running unittests src/lib.rs (src-tauri/target/debug/deps/titane_infinity-1b72106b7b929a96)

running 1 test
test engines::conversation_os::policy::tests::test_endpoint_allowlist ... ok

test result: ok. 1 passed; 0 failed; 0 ignored; 0 measured; 4443 filtered out; finished in 0.00s

     Running unittests src/main.rs (src-tauri/target/debug/deps/titane_infinity-f5425128dd7b299a)

running 0 tests

test result: ok. 0 passed; 0 failed; 0 ignored; 0 measured; 878 filtered out; finished in 0.00s

     Running tests/integration/agent_ia_workflow_test.rs (src-tauri/target/debug/deps/agent_ia_workflow_test-61e4d00cd8db4c4a)

running 0 tests

test result: ok. 0 passed; 0 failed; 0 ignored; 0 measured; 2 filtered out; finished in 0.00s

     Running tests/commands_v21_smoke_tests.rs (src-tauri/target/debug/deps/commands_v21_smoke_tests-7c0eae182f2efaa0)

running 0 tests

test result: ok. 0 passed; 0 failed; 0 ignored; 0 measured; 0 filtered out; finished in 0.00s

     Running tests/stress/concurrent_access_test.rs (src-tauri/target/debug/deps/concurrent_access_test-69237e04a683daba)

running 0 tests

test result: ok. 0 passed; 0 failed; 0 ignored; 0 measured; 2 filtered out; finished in 0.00s

     Running tests/cycle_engine_tests.rs (src-tauri/target/debug/deps/cycle_engine_tests-a4af6a00b076ded9)

running 0 tests

test result: ok. 0 passed; 0 failed; 0 ignored; 0 measured; 23 filtered out; finished in 0.00s

     Running tests/dashmap_performance_test.rs (src-tauri/target/debug/deps/dashmap_performance_test-34208319f72f76e5)

running 0 tests

test result: ok. 0 passed; 0 failed; 0 ignored; 0 measured; 6 filtered out; finished in 0.00s

     Running tests/integration/fallback_chain_test.rs (src-tauri/target/debug/deps/fallback_chain_test-89781b481f3952c7)

running 0 tests

test result: ok. 0 passed; 0 failed; 0 ignored; 0 measured; 3 filtered out; finished in 0.00s

     Running tests/intelligent_cache_test.rs (src-tauri/target/debug/deps/intelligent_cache_test-bec7ef9a96e7d047)

running 0 tests

test result: ok. 0 passed; 0 failed; 0 ignored; 0 measured; 8 filtered out; finished in 0.00s

     Running tests/ipc_cache_test.rs (src-tauri/target/debug/deps/ipc_cache_test-f5b21d22071f70f0)

running 0 tests

test result: ok. 0 passed; 0 failed; 0 ignored; 0 measured; 11 filtered out; finished in 0.00s

     Running tests/kernel_integration_tests.rs (src-tauri/target/debug/deps/kernel_integration_tests-73883c594fdf1455)

running 0 tests

test result: ok. 0 passed; 0 failed; 0 ignored; 0 measured; 11 filtered out; finished in 0.00s

     Running tests/stress/metrics_stress_test.rs (src-tauri/target/debug/deps/metrics_stress_test-23730176c1e96df9)

running 0 tests

test result: ok. 0 passed; 0 failed; 0 ignored; 0 measured; 2 filtered out; finished in 0.00s

     Running tests/multimodal_integration_test.rs (src-tauri/target/debug/deps/multimodal_integration_test-2ac583ded36cc1a2)

running 0 tests

test result: ok. 0 passed; 0 failed; 0 ignored; 0 measured; 1 filtered out; finished in 0.00s

     Running tests/omega_p2_performance_test.rs (src-tauri/target/debug/deps/omega_p2_performance_test-cb4473076f0955af)

running 0 tests

test result: ok. 0 passed; 0 failed; 0 ignored; 0 measured; 3 filtered out; finished in 0.00s

     Running tests/p3_provider_meta_gates.rs (src-tauri/target/debug/deps/p3_provider_meta_gates-16eaacd8104c719f)

running 0 tests

test result: ok. 0 passed; 0 failed; 0 ignored; 0 measured; 4 filtered out; finished in 0.00s

     Running tests/security/permission_enforcement_test.rs (src-tauri/target/debug/deps/permission_enforcement_test-db57f2f58743a956)

running 0 tests

test result: ok. 0 passed; 0 failed; 0 ignored; 0 measured; 4 filtered out; finished in 0.00s

     Running tests/secure_engine_tests.rs (src-tauri/target/debug/deps/secure_engine_tests-1b68e8df171ac563)

running 0 tests

test result: ok. 0 passed; 0 failed; 0 ignored; 0 measured; 3 filtered out; finished in 0.00s

     Running tests/security_tests.rs (src-tauri/target/debug/deps/security_tests-06099e4266f74d66)

running 0 tests

test result: ok. 0 passed; 0 failed; 0 ignored; 0 measured; 10 filtered out; finished in 0.00s

     Running tests/integration/singularity_integration_test.rs (src-tauri/target/debug/deps/singularity_integration_test-ccf73373b2f3f27a)

running 0 tests

test result: ok. 0 passed; 0 failed; 0 ignored; 0 measured; 3 filtered out; finished in 0.00s

     Running tests/unified_memory_tests.rs (src-tauri/target/debug/deps/unified_memory_tests-6e20221bbdf685a6)

running 0 tests

test result: ok. 0 passed; 0 failed; 0 ignored; 0 measured; 10 filtered out; finished in 0.00s

[RUN2] EXIT=0
[RUN3] CMD: timeout 240 cargo test --manifest-path src-tauri/Cargo.toml engines::conversation_os::policy::tests::test_endpoint_allowlist -- --nocapture
    Finished `test` profile [unoptimized + debuginfo] target(s) in 0.25s
     Running unittests src/lib.rs (src-tauri/target/debug/deps/titane_infinity-1b72106b7b929a96)

running 1 test
test engines::conversation_os::policy::tests::test_endpoint_allowlist ... ok

test result: ok. 1 passed; 0 failed; 0 ignored; 0 measured; 4443 filtered out; finished in 0.00s

     Running unittests src/main.rs (src-tauri/target/debug/deps/titane_infinity-f5425128dd7b299a)

running 0 tests

test result: ok. 0 passed; 0 failed; 0 ignored; 0 measured; 878 filtered out; finished in 0.00s

     Running tests/integration/agent_ia_workflow_test.rs (src-tauri/target/debug/deps/agent_ia_workflow_test-61e4d00cd8db4c4a)

running 0 tests

test result: ok. 0 passed; 0 failed; 0 ignored; 0 measured; 2 filtered out; finished in 0.00s

     Running tests/commands_v21_smoke_tests.rs (src-tauri/target/debug/deps/commands_v21_smoke_tests-7c0eae182f2efaa0)

running 0 tests

test result: ok. 0 passed; 0 failed; 0 ignored; 0 measured; 0 filtered out; finished in 0.00s

     Running tests/stress/concurrent_access_test.rs (src-tauri/target/debug/deps/concurrent_access_test-69237e04a683daba)

running 0 tests

test result: ok. 0 passed; 0 failed; 0 ignored; 0 measured; 2 filtered out; finished in 0.00s

     Running tests/cycle_engine_tests.rs (src-tauri/target/debug/deps/cycle_engine_tests-a4af6a00b076ded9)

running 0 tests

test result: ok. 0 passed; 0 failed; 0 ignored; 0 measured; 23 filtered out; finished in 0.00s

     Running tests/dashmap_performance_test.rs (src-tauri/target/debug/deps/dashmap_performance_test-34208319f72f76e5)

running 0 tests

test result: ok. 0 passed; 0 failed; 0 ignored; 0 measured; 6 filtered out; finished in 0.00s

     Running tests/integration/fallback_chain_test.rs (src-tauri/target/debug/deps/fallback_chain_test-89781b481f3952c7)

running 0 tests

test result: ok. 0 passed; 0 failed; 0 ignored; 0 measured; 3 filtered out; finished in 0.00s

     Running tests/intelligent_cache_test.rs (src-tauri/target/debug/deps/intelligent_cache_test-bec7ef9a96e7d047)

running 0 tests

test result: ok. 0 passed; 0 failed; 0 ignored; 0 measured; 8 filtered out; finished in 0.00s

     Running tests/ipc_cache_test.rs (src-tauri/target/debug/deps/ipc_cache_test-f5b21d22071f70f0)

running 0 tests

test result: ok. 0 passed; 0 failed; 0 ignored; 0 measured; 11 filtered out; finished in 0.00s

     Running tests/kernel_integration_tests.rs (src-tauri/target/debug/deps/kernel_integration_tests-73883c594fdf1455)

running 0 tests

test result: ok. 0 passed; 0 failed; 0 ignored; 0 measured; 11 filtered out; finished in 0.00s

     Running tests/stress/metrics_stress_test.rs (src-tauri/target/debug/deps/metrics_stress_test-23730176c1e96df9)

running 0 tests

test result: ok. 0 passed; 0 failed; 0 ignored; 0 measured; 2 filtered out; finished in 0.00s

     Running tests/multimodal_integration_test.rs (src-tauri/target/debug/deps/multimodal_integration_test-2ac583ded36cc1a2)

running 0 tests

test result: ok. 0 passed; 0 failed; 0 ignored; 0 measured; 1 filtered out; finished in 0.00s

     Running tests/omega_p2_performance_test.rs (src-tauri/target/debug/deps/omega_p2_performance_test-cb4473076f0955af)

running 0 tests

test result: ok. 0 passed; 0 failed; 0 ignored; 0 measured; 3 filtered out; finished in 0.00s

     Running tests/p3_provider_meta_gates.rs (src-tauri/target/debug/deps/p3_provider_meta_gates-16eaacd8104c719f)

running 0 tests

test result: ok. 0 passed; 0 failed; 0 ignored; 0 measured; 4 filtered out; finished in 0.00s

     Running tests/security/permission_enforcement_test.rs (src-tauri/target/debug/deps/permission_enforcement_test-db57f2f58743a956)

running 0 tests

test result: ok. 0 passed; 0 failed; 0 ignored; 0 measured; 4 filtered out; finished in 0.00s

     Running tests/secure_engine_tests.rs (src-tauri/target/debug/deps/secure_engine_tests-1b68e8df171ac563)

running 0 tests

test result: ok. 0 passed; 0 failed; 0 ignored; 0 measured; 3 filtered out; finished in 0.00s

     Running tests/security_tests.rs (src-tauri/target/debug/deps/security_tests-06099e4266f74d66)

running 0 tests

test result: ok. 0 passed; 0 failed; 0 ignored; 0 measured; 10 filtered out; finished in 0.00s

     Running tests/integration/singularity_integration_test.rs (src-tauri/target/debug/deps/singularity_integration_test-ccf73373b2f3f27a)

running 0 tests

test result: ok. 0 passed; 0 failed; 0 ignored; 0 measured; 3 filtered out; finished in 0.00s

     Running tests/unified_memory_tests.rs (src-tauri/target/debug/deps/unified_memory_tests-6e20221bbdf685a6)

running 0 tests

test result: ok. 0 passed; 0 failed; 0 ignored; 0 measured; 10 filtered out; finished in 0.00s

[RUN3] EXIT=0
===== G_ROUTER_DETERMINISTIC =====
[RUN1] CMD: timeout 240 cargo test --manifest-path src-tauri/Cargo.toml engines::conversation_os::router::tests::test_search_intent -- --nocapture
    Finished `test` profile [unoptimized + debuginfo] target(s) in 0.25s
     Running unittests src/lib.rs (src-tauri/target/debug/deps/titane_infinity-1b72106b7b929a96)

running 1 test
test engines::conversation_os::router::tests::test_search_intent ... ok

test result: ok. 1 passed; 0 failed; 0 ignored; 0 measured; 4443 filtered out; finished in 0.00s

     Running unittests src/main.rs (src-tauri/target/debug/deps/titane_infinity-f5425128dd7b299a)

running 0 tests

test result: ok. 0 passed; 0 failed; 0 ignored; 0 measured; 878 filtered out; finished in 0.00s

     Running tests/integration/agent_ia_workflow_test.rs (src-tauri/target/debug/deps/agent_ia_workflow_test-61e4d00cd8db4c4a)

running 0 tests

test result: ok. 0 passed; 0 failed; 0 ignored; 0 measured; 2 filtered out; finished in 0.00s

     Running tests/commands_v21_smoke_tests.rs (src-tauri/target/debug/deps/commands_v21_smoke_tests-7c0eae182f2efaa0)

running 0 tests

test result: ok. 0 passed; 0 failed; 0 ignored; 0 measured; 0 filtered out; finished in 0.00s

     Running tests/stress/concurrent_access_test.rs (src-tauri/target/debug/deps/concurrent_access_test-69237e04a683daba)

running 0 tests

test result: ok. 0 passed; 0 failed; 0 ignored; 0 measured; 2 filtered out; finished in 0.00s

     Running tests/cycle_engine_tests.rs (src-tauri/target/debug/deps/cycle_engine_tests-a4af6a00b076ded9)

running 0 tests

test result: ok. 0 passed; 0 failed; 0 ignored; 0 measured; 23 filtered out; finished in 0.00s

     Running tests/dashmap_performance_test.rs (src-tauri/target/debug/deps/dashmap_performance_test-34208319f72f76e5)

running 0 tests

test result: ok. 0 passed; 0 failed; 0 ignored; 0 measured; 6 filtered out; finished in 0.00s

     Running tests/integration/fallback_chain_test.rs (src-tauri/target/debug/deps/fallback_chain_test-89781b481f3952c7)

running 0 tests

test result: ok. 0 passed; 0 failed; 0 ignored; 0 measured; 3 filtered out; finished in 0.00s

     Running tests/intelligent_cache_test.rs (src-tauri/target/debug/deps/intelligent_cache_test-bec7ef9a96e7d047)

running 0 tests

test result: ok. 0 passed; 0 failed; 0 ignored; 0 measured; 8 filtered out; finished in 0.00s

     Running tests/ipc_cache_test.rs (src-tauri/target/debug/deps/ipc_cache_test-f5b21d22071f70f0)

running 0 tests

test result: ok. 0 passed; 0 failed; 0 ignored; 0 measured; 11 filtered out; finished in 0.00s

     Running tests/kernel_integration_tests.rs (src-tauri/target/debug/deps/kernel_integration_tests-73883c594fdf1455)

running 0 tests

test result: ok. 0 passed; 0 failed; 0 ignored; 0 measured; 11 filtered out; finished in 0.00s

     Running tests/stress/metrics_stress_test.rs (src-tauri/target/debug/deps/metrics_stress_test-23730176c1e96df9)

running 0 tests

test result: ok. 0 passed; 0 failed; 0 ignored; 0 measured; 2 filtered out; finished in 0.00s

     Running tests/multimodal_integration_test.rs (src-tauri/target/debug/deps/multimodal_integration_test-2ac583ded36cc1a2)

running 0 tests

test result: ok. 0 passed; 0 failed; 0 ignored; 0 measured; 1 filtered out; finished in 0.00s

     Running tests/omega_p2_performance_test.rs (src-tauri/target/debug/deps/omega_p2_performance_test-cb4473076f0955af)

running 0 tests

test result: ok. 0 passed; 0 failed; 0 ignored; 0 measured; 3 filtered out; finished in 0.00s

     Running tests/p3_provider_meta_gates.rs (src-tauri/target/debug/deps/p3_provider_meta_gates-16eaacd8104c719f)

running 0 tests

test result: ok. 0 passed; 0 failed; 0 ignored; 0 measured; 4 filtered out; finished in 0.00s

     Running tests/security/permission_enforcement_test.rs (src-tauri/target/debug/deps/permission_enforcement_test-db57f2f58743a956)

running 0 tests

test result: ok. 0 passed; 0 failed; 0 ignored; 0 measured; 4 filtered out; finished in 0.00s

     Running tests/secure_engine_tests.rs (src-tauri/target/debug/deps/secure_engine_tests-1b68e8df171ac563)

running 0 tests

test result: ok. 0 passed; 0 failed; 0 ignored; 0 measured; 3 filtered out; finished in 0.00s

     Running tests/security_tests.rs (src-tauri/target/debug/deps/security_tests-06099e4266f74d66)

running 0 tests

test result: ok. 0 passed; 0 failed; 0 ignored; 0 measured; 10 filtered out; finished in 0.00s

     Running tests/integration/singularity_integration_test.rs (src-tauri/target/debug/deps/singularity_integration_test-ccf73373b2f3f27a)

running 0 tests

test result: ok. 0 passed; 0 failed; 0 ignored; 0 measured; 3 filtered out; finished in 0.00s

     Running tests/unified_memory_tests.rs (src-tauri/target/debug/deps/unified_memory_tests-6e20221bbdf685a6)

running 0 tests

test result: ok. 0 passed; 0 failed; 0 ignored; 0 measured; 10 filtered out; finished in 0.00s

[RUN1] EXIT=0
[RUN2] CMD: timeout 240 cargo test --manifest-path src-tauri/Cargo.toml engines::conversation_os::router::tests::test_search_intent -- --nocapture
    Finished `test` profile [unoptimized + debuginfo] target(s) in 0.24s
     Running unittests src/lib.rs (src-tauri/target/debug/deps/titane_infinity-1b72106b7b929a96)

running 1 test
test engines::conversation_os::router::tests::test_search_intent ... ok

test result: ok. 1 passed; 0 failed; 0 ignored; 0 measured; 4443 filtered out; finished in 0.00s

     Running unittests src/main.rs (src-tauri/target/debug/deps/titane_infinity-f5425128dd7b299a)

running 0 tests

test result: ok. 0 passed; 0 failed; 0 ignored; 0 measured; 878 filtered out; finished in 0.00s

     Running tests/integration/agent_ia_workflow_test.rs (src-tauri/target/debug/deps/agent_ia_workflow_test-61e4d00cd8db4c4a)

running 0 tests

test result: ok. 0 passed; 0 failed; 0 ignored; 0 measured; 2 filtered out; finished in 0.00s

     Running tests/commands_v21_smoke_tests.rs (src-tauri/target/debug/deps/commands_v21_smoke_tests-7c0eae182f2efaa0)

running 0 tests

test result: ok. 0 passed; 0 failed; 0 ignored; 0 measured; 0 filtered out; finished in 0.00s

     Running tests/stress/concurrent_access_test.rs (src-tauri/target/debug/deps/concurrent_access_test-69237e04a683daba)

running 0 tests

test result: ok. 0 passed; 0 failed; 0 ignored; 0 measured; 2 filtered out; finished in 0.00s

     Running tests/cycle_engine_tests.rs (src-tauri/target/debug/deps/cycle_engine_tests-a4af6a00b076ded9)

running 0 tests

test result: ok. 0 passed; 0 failed; 0 ignored; 0 measured; 23 filtered out; finished in 0.00s

     Running tests/dashmap_performance_test.rs (src-tauri/target/debug/deps/dashmap_performance_test-34208319f72f76e5)

running 0 tests

test result: ok. 0 passed; 0 failed; 0 ignored; 0 measured; 6 filtered out; finished in 0.00s

     Running tests/integration/fallback_chain_test.rs (src-tauri/target/debug/deps/fallback_chain_test-89781b481f3952c7)

running 0 tests

test result: ok. 0 passed; 0 failed; 0 ignored; 0 measured; 3 filtered out; finished in 0.00s

     Running tests/intelligent_cache_test.rs (src-tauri/target/debug/deps/intelligent_cache_test-bec7ef9a96e7d047)

running 0 tests

test result: ok. 0 passed; 0 failed; 0 ignored; 0 measured; 8 filtered out; finished in 0.00s

     Running tests/ipc_cache_test.rs (src-tauri/target/debug/deps/ipc_cache_test-f5b21d22071f70f0)

running 0 tests

test result: ok. 0 passed; 0 failed; 0 ignored; 0 measured; 11 filtered out; finished in 0.00s

     Running tests/kernel_integration_tests.rs (src-tauri/target/debug/deps/kernel_integration_tests-73883c594fdf1455)

running 0 tests

test result: ok. 0 passed; 0 failed; 0 ignored; 0 measured; 11 filtered out; finished in 0.00s

     Running tests/stress/metrics_stress_test.rs (src-tauri/target/debug/deps/metrics_stress_test-23730176c1e96df9)

running 0 tests

test result: ok. 0 passed; 0 failed; 0 ignored; 0 measured; 2 filtered out; finished in 0.00s

     Running tests/multimodal_integration_test.rs (src-tauri/target/debug/deps/multimodal_integration_test-2ac583ded36cc1a2)

running 0 tests

test result: ok. 0 passed; 0 failed; 0 ignored; 0 measured; 1 filtered out; finished in 0.00s

     Running tests/omega_p2_performance_test.rs (src-tauri/target/debug/deps/omega_p2_performance_test-cb4473076f0955af)

running 0 tests

test result: ok. 0 passed; 0 failed; 0 ignored; 0 measured; 3 filtered out; finished in 0.00s

     Running tests/p3_provider_meta_gates.rs (src-tauri/target/debug/deps/p3_provider_meta_gates-16eaacd8104c719f)

running 0 tests

test result: ok. 0 passed; 0 failed; 0 ignored; 0 measured; 4 filtered out; finished in 0.00s

     Running tests/security/permission_enforcement_test.rs (src-tauri/target/debug/deps/permission_enforcement_test-db57f2f58743a956)

running 0 tests

test result: ok. 0 passed; 0 failed; 0 ignored; 0 measured; 4 filtered out; finished in 0.00s

     Running tests/secure_engine_tests.rs (src-tauri/target/debug/deps/secure_engine_tests-1b68e8df171ac563)

running 0 tests

test result: ok. 0 passed; 0 failed; 0 ignored; 0 measured; 3 filtered out; finished in 0.00s

     Running tests/security_tests.rs (src-tauri/target/debug/deps/security_tests-06099e4266f74d66)

running 0 tests

test result: ok. 0 passed; 0 failed; 0 ignored; 0 measured; 10 filtered out; finished in 0.00s

     Running tests/integration/singularity_integration_test.rs (src-tauri/target/debug/deps/singularity_integration_test-ccf73373b2f3f27a)

running 0 tests

test result: ok. 0 passed; 0 failed; 0 ignored; 0 measured; 3 filtered out; finished in 0.00s

     Running tests/unified_memory_tests.rs (src-tauri/target/debug/deps/unified_memory_tests-6e20221bbdf685a6)

running 0 tests

test result: ok. 0 passed; 0 failed; 0 ignored; 0 measured; 10 filtered out; finished in 0.00s

[RUN2] EXIT=0
[RUN3] CMD: timeout 240 cargo test --manifest-path src-tauri/Cargo.toml engines::conversation_os::router::tests::test_search_intent -- --nocapture
    Finished `test` profile [unoptimized + debuginfo] target(s) in 0.25s
     Running unittests src/lib.rs (src-tauri/target/debug/deps/titane_infinity-1b72106b7b929a96)

running 1 test
test engines::conversation_os::router::tests::test_search_intent ... ok

test result: ok. 1 passed; 0 failed; 0 ignored; 0 measured; 4443 filtered out; finished in 0.00s

     Running unittests src/main.rs (src-tauri/target/debug/deps/titane_infinity-f5425128dd7b299a)

running 0 tests

test result: ok. 0 passed; 0 failed; 0 ignored; 0 measured; 878 filtered out; finished in 0.00s

     Running tests/integration/agent_ia_workflow_test.rs (src-tauri/target/debug/deps/agent_ia_workflow_test-61e4d00cd8db4c4a)

running 0 tests

test result: ok. 0 passed; 0 failed; 0 ignored; 0 measured; 2 filtered out; finished in 0.00s

     Running tests/commands_v21_smoke_tests.rs (src-tauri/target/debug/deps/commands_v21_smoke_tests-7c0eae182f2efaa0)

running 0 tests

test result: ok. 0 passed; 0 failed; 0 ignored; 0 measured; 0 filtered out; finished in 0.00s

     Running tests/stress/concurrent_access_test.rs (src-tauri/target/debug/deps/concurrent_access_test-69237e04a683daba)

running 0 tests

test result: ok. 0 passed; 0 failed; 0 ignored; 0 measured; 2 filtered out; finished in 0.00s

     Running tests/cycle_engine_tests.rs (src-tauri/target/debug/deps/cycle_engine_tests-a4af6a00b076ded9)

running 0 tests

test result: ok. 0 passed; 0 failed; 0 ignored; 0 measured; 23 filtered out; finished in 0.00s

     Running tests/dashmap_performance_test.rs (src-tauri/target/debug/deps/dashmap_performance_test-34208319f72f76e5)

running 0 tests

test result: ok. 0 passed; 0 failed; 0 ignored; 0 measured; 6 filtered out; finished in 0.00s

     Running tests/integration/fallback_chain_test.rs (src-tauri/target/debug/deps/fallback_chain_test-89781b481f3952c7)

running 0 tests

test result: ok. 0 passed; 0 failed; 0 ignored; 0 measured; 3 filtered out; finished in 0.00s

     Running tests/intelligent_cache_test.rs (src-tauri/target/debug/deps/intelligent_cache_test-bec7ef9a96e7d047)

running 0 tests

test result: ok. 0 passed; 0 failed; 0 ignored; 0 measured; 8 filtered out; finished in 0.00s

     Running tests/ipc_cache_test.rs (src-tauri/target/debug/deps/ipc_cache_test-f5b21d22071f70f0)

running 0 tests

test result: ok. 0 passed; 0 failed; 0 ignored; 0 measured; 11 filtered out; finished in 0.00s

     Running tests/kernel_integration_tests.rs (src-tauri/target/debug/deps/kernel_integration_tests-73883c594fdf1455)

running 0 tests

test result: ok. 0 passed; 0 failed; 0 ignored; 0 measured; 11 filtered out; finished in 0.00s

     Running tests/stress/metrics_stress_test.rs (src-tauri/target/debug/deps/metrics_stress_test-23730176c1e96df9)

running 0 tests

test result: ok. 0 passed; 0 failed; 0 ignored; 0 measured; 2 filtered out; finished in 0.00s

     Running tests/multimodal_integration_test.rs (src-tauri/target/debug/deps/multimodal_integration_test-2ac583ded36cc1a2)

running 0 tests

test result: ok. 0 passed; 0 failed; 0 ignored; 0 measured; 1 filtered out; finished in 0.00s

     Running tests/omega_p2_performance_test.rs (src-tauri/target/debug/deps/omega_p2_performance_test-cb4473076f0955af)

running 0 tests

test result: ok. 0 passed; 0 failed; 0 ignored; 0 measured; 3 filtered out; finished in 0.00s

     Running tests/p3_provider_meta_gates.rs (src-tauri/target/debug/deps/p3_provider_meta_gates-16eaacd8104c719f)

running 0 tests

test result: ok. 0 passed; 0 failed; 0 ignored; 0 measured; 4 filtered out; finished in 0.00s

     Running tests/security/permission_enforcement_test.rs (src-tauri/target/debug/deps/permission_enforcement_test-db57f2f58743a956)

running 0 tests

test result: ok. 0 passed; 0 failed; 0 ignored; 0 measured; 4 filtered out; finished in 0.00s

     Running tests/secure_engine_tests.rs (src-tauri/target/debug/deps/secure_engine_tests-1b68e8df171ac563)

running 0 tests

test result: ok. 0 passed; 0 failed; 0 ignored; 0 measured; 3 filtered out; finished in 0.00s

     Running tests/security_tests.rs (src-tauri/target/debug/deps/security_tests-06099e4266f74d66)

running 0 tests

test result: ok. 0 passed; 0 failed; 0 ignored; 0 measured; 10 filtered out; finished in 0.00s

     Running tests/integration/singularity_integration_test.rs (src-tauri/target/debug/deps/singularity_integration_test-ccf73373b2f3f27a)

running 0 tests

test result: ok. 0 passed; 0 failed; 0 ignored; 0 measured; 3 filtered out; finished in 0.00s

     Running tests/unified_memory_tests.rs (src-tauri/target/debug/deps/unified_memory_tests-6e20221bbdf685a6)

running 0 tests

test result: ok. 0 passed; 0 failed; 0 ignored; 0 measured; 10 filtered out; finished in 0.00s

[RUN3] EXIT=0
===== G_NETSTATE_TRANSITIONS_VALID =====
[RUN1] CMD: timeout 240 cargo test --manifest-path src-tauri/Cargo.toml engines::conversation_os::resilience::tests::test_circuit_breaker_recovery -- --nocapture
    Finished `test` profile [unoptimized + debuginfo] target(s) in 0.24s
     Running unittests src/lib.rs (src-tauri/target/debug/deps/titane_infinity-1b72106b7b929a96)

running 1 test
test engines::conversation_os::resilience::tests::test_circuit_breaker_recovery ... ok

test result: ok. 1 passed; 0 failed; 0 ignored; 0 measured; 4443 filtered out; finished in 0.15s

     Running unittests src/main.rs (src-tauri/target/debug/deps/titane_infinity-f5425128dd7b299a)

running 0 tests

test result: ok. 0 passed; 0 failed; 0 ignored; 0 measured; 878 filtered out; finished in 0.00s

     Running tests/integration/agent_ia_workflow_test.rs (src-tauri/target/debug/deps/agent_ia_workflow_test-61e4d00cd8db4c4a)

running 0 tests

test result: ok. 0 passed; 0 failed; 0 ignored; 0 measured; 2 filtered out; finished in 0.00s

     Running tests/commands_v21_smoke_tests.rs (src-tauri/target/debug/deps/commands_v21_smoke_tests-7c0eae182f2efaa0)

running 0 tests

test result: ok. 0 passed; 0 failed; 0 ignored; 0 measured; 0 filtered out; finished in 0.00s

     Running tests/stress/concurrent_access_test.rs (src-tauri/target/debug/deps/concurrent_access_test-69237e04a683daba)

running 0 tests

test result: ok. 0 passed; 0 failed; 0 ignored; 0 measured; 2 filtered out; finished in 0.00s

     Running tests/cycle_engine_tests.rs (src-tauri/target/debug/deps/cycle_engine_tests-a4af6a00b076ded9)

running 0 tests

test result: ok. 0 passed; 0 failed; 0 ignored; 0 measured; 23 filtered out; finished in 0.00s

     Running tests/dashmap_performance_test.rs (src-tauri/target/debug/deps/dashmap_performance_test-34208319f72f76e5)

running 0 tests

test result: ok. 0 passed; 0 failed; 0 ignored; 0 measured; 6 filtered out; finished in 0.00s

     Running tests/integration/fallback_chain_test.rs (src-tauri/target/debug/deps/fallback_chain_test-89781b481f3952c7)

running 0 tests

test result: ok. 0 passed; 0 failed; 0 ignored; 0 measured; 3 filtered out; finished in 0.00s

     Running tests/intelligent_cache_test.rs (src-tauri/target/debug/deps/intelligent_cache_test-bec7ef9a96e7d047)

running 0 tests

test result: ok. 0 passed; 0 failed; 0 ignored; 0 measured; 8 filtered out; finished in 0.00s

     Running tests/ipc_cache_test.rs (src-tauri/target/debug/deps/ipc_cache_test-f5b21d22071f70f0)

running 0 tests

test result: ok. 0 passed; 0 failed; 0 ignored; 0 measured; 11 filtered out; finished in 0.00s

     Running tests/kernel_integration_tests.rs (src-tauri/target/debug/deps/kernel_integration_tests-73883c594fdf1455)

running 0 tests

test result: ok. 0 passed; 0 failed; 0 ignored; 0 measured; 11 filtered out; finished in 0.00s

     Running tests/stress/metrics_stress_test.rs (src-tauri/target/debug/deps/metrics_stress_test-23730176c1e96df9)

running 0 tests

test result: ok. 0 passed; 0 failed; 0 ignored; 0 measured; 2 filtered out; finished in 0.00s

     Running tests/multimodal_integration_test.rs (src-tauri/target/debug/deps/multimodal_integration_test-2ac583ded36cc1a2)

running 0 tests

test result: ok. 0 passed; 0 failed; 0 ignored; 0 measured; 1 filtered out; finished in 0.00s

     Running tests/omega_p2_performance_test.rs (src-tauri/target/debug/deps/omega_p2_performance_test-cb4473076f0955af)

running 0 tests

test result: ok. 0 passed; 0 failed; 0 ignored; 0 measured; 3 filtered out; finished in 0.00s

     Running tests/p3_provider_meta_gates.rs (src-tauri/target/debug/deps/p3_provider_meta_gates-16eaacd8104c719f)

running 0 tests

test result: ok. 0 passed; 0 failed; 0 ignored; 0 measured; 4 filtered out; finished in 0.00s

     Running tests/security/permission_enforcement_test.rs (src-tauri/target/debug/deps/permission_enforcement_test-db57f2f58743a956)

running 0 tests

test result: ok. 0 passed; 0 failed; 0 ignored; 0 measured; 4 filtered out; finished in 0.00s

     Running tests/secure_engine_tests.rs (src-tauri/target/debug/deps/secure_engine_tests-1b68e8df171ac563)

running 0 tests

test result: ok. 0 passed; 0 failed; 0 ignored; 0 measured; 3 filtered out; finished in 0.00s

     Running tests/security_tests.rs (src-tauri/target/debug/deps/security_tests-06099e4266f74d66)

running 0 tests

test result: ok. 0 passed; 0 failed; 0 ignored; 0 measured; 10 filtered out; finished in 0.00s

     Running tests/integration/singularity_integration_test.rs (src-tauri/target/debug/deps/singularity_integration_test-ccf73373b2f3f27a)

running 0 tests

test result: ok. 0 passed; 0 failed; 0 ignored; 0 measured; 3 filtered out; finished in 0.00s

     Running tests/unified_memory_tests.rs (src-tauri/target/debug/deps/unified_memory_tests-6e20221bbdf685a6)

running 0 tests

test result: ok. 0 passed; 0 failed; 0 ignored; 0 measured; 10 filtered out; finished in 0.00s

[RUN1] EXIT=0
[RUN2] CMD: timeout 240 cargo test --manifest-path src-tauri/Cargo.toml engines::conversation_os::resilience::tests::test_circuit_breaker_recovery -- --nocapture
    Finished `test` profile [unoptimized + debuginfo] target(s) in 0.25s
     Running unittests src/lib.rs (src-tauri/target/debug/deps/titane_infinity-1b72106b7b929a96)

running 1 test
test engines::conversation_os::resilience::tests::test_circuit_breaker_recovery ... ok

test result: ok. 1 passed; 0 failed; 0 ignored; 0 measured; 4443 filtered out; finished in 0.15s

     Running unittests src/main.rs (src-tauri/target/debug/deps/titane_infinity-f5425128dd7b299a)

running 0 tests

test result: ok. 0 passed; 0 failed; 0 ignored; 0 measured; 878 filtered out; finished in 0.00s

     Running tests/integration/agent_ia_workflow_test.rs (src-tauri/target/debug/deps/agent_ia_workflow_test-61e4d00cd8db4c4a)

running 0 tests

test result: ok. 0 passed; 0 failed; 0 ignored; 0 measured; 2 filtered out; finished in 0.00s

     Running tests/commands_v21_smoke_tests.rs (src-tauri/target/debug/deps/commands_v21_smoke_tests-7c0eae182f2efaa0)

running 0 tests

test result: ok. 0 passed; 0 failed; 0 ignored; 0 measured; 0 filtered out; finished in 0.00s

     Running tests/stress/concurrent_access_test.rs (src-tauri/target/debug/deps/concurrent_access_test-69237e04a683daba)

running 0 tests

test result: ok. 0 passed; 0 failed; 0 ignored; 0 measured; 2 filtered out; finished in 0.00s

     Running tests/cycle_engine_tests.rs (src-tauri/target/debug/deps/cycle_engine_tests-a4af6a00b076ded9)

running 0 tests

test result: ok. 0 passed; 0 failed; 0 ignored; 0 measured; 23 filtered out; finished in 0.00s

     Running tests/dashmap_performance_test.rs (src-tauri/target/debug/deps/dashmap_performance_test-34208319f72f76e5)

running 0 tests

test result: ok. 0 passed; 0 failed; 0 ignored; 0 measured; 6 filtered out; finished in 0.00s

     Running tests/integration/fallback_chain_test.rs (src-tauri/target/debug/deps/fallback_chain_test-89781b481f3952c7)

running 0 tests

test result: ok. 0 passed; 0 failed; 0 ignored; 0 measured; 3 filtered out; finished in 0.00s

     Running tests/intelligent_cache_test.rs (src-tauri/target/debug/deps/intelligent_cache_test-bec7ef9a96e7d047)

running 0 tests

test result: ok. 0 passed; 0 failed; 0 ignored; 0 measured; 8 filtered out; finished in 0.00s

     Running tests/ipc_cache_test.rs (src-tauri/target/debug/deps/ipc_cache_test-f5b21d22071f70f0)

running 0 tests

test result: ok. 0 passed; 0 failed; 0 ignored; 0 measured; 11 filtered out; finished in 0.00s

     Running tests/kernel_integration_tests.rs (src-tauri/target/debug/deps/kernel_integration_tests-73883c594fdf1455)

running 0 tests

test result: ok. 0 passed; 0 failed; 0 ignored; 0 measured; 11 filtered out; finished in 0.00s

     Running tests/stress/metrics_stress_test.rs (src-tauri/target/debug/deps/metrics_stress_test-23730176c1e96df9)

running 0 tests

test result: ok. 0 passed; 0 failed; 0 ignored; 0 measured; 2 filtered out; finished in 0.00s

     Running tests/multimodal_integration_test.rs (src-tauri/target/debug/deps/multimodal_integration_test-2ac583ded36cc1a2)

running 0 tests

test result: ok. 0 passed; 0 failed; 0 ignored; 0 measured; 1 filtered out; finished in 0.00s

     Running tests/omega_p2_performance_test.rs (src-tauri/target/debug/deps/omega_p2_performance_test-cb4473076f0955af)

running 0 tests

test result: ok. 0 passed; 0 failed; 0 ignored; 0 measured; 3 filtered out; finished in 0.00s

     Running tests/p3_provider_meta_gates.rs (src-tauri/target/debug/deps/p3_provider_meta_gates-16eaacd8104c719f)

running 0 tests

test result: ok. 0 passed; 0 failed; 0 ignored; 0 measured; 4 filtered out; finished in 0.00s

     Running tests/security/permission_enforcement_test.rs (src-tauri/target/debug/deps/permission_enforcement_test-db57f2f58743a956)

running 0 tests

test result: ok. 0 passed; 0 failed; 0 ignored; 0 measured; 4 filtered out; finished in 0.00s

     Running tests/secure_engine_tests.rs (src-tauri/target/debug/deps/secure_engine_tests-1b68e8df171ac563)

running 0 tests

test result: ok. 0 passed; 0 failed; 0 ignored; 0 measured; 3 filtered out; finished in 0.00s

     Running tests/security_tests.rs (src-tauri/target/debug/deps/security_tests-06099e4266f74d66)

running 0 tests

test result: ok. 0 passed; 0 failed; 0 ignored; 0 measured; 10 filtered out; finished in 0.00s

     Running tests/integration/singularity_integration_test.rs (src-tauri/target/debug/deps/singularity_integration_test-ccf73373b2f3f27a)

running 0 tests

test result: ok. 0 passed; 0 failed; 0 ignored; 0 measured; 3 filtered out; finished in 0.00s

     Running tests/unified_memory_tests.rs (src-tauri/target/debug/deps/unified_memory_tests-6e20221bbdf685a6)

running 0 tests

test result: ok. 0 passed; 0 failed; 0 ignored; 0 measured; 10 filtered out; finished in 0.00s

[RUN2] EXIT=0
[RUN3] CMD: timeout 240 cargo test --manifest-path src-tauri/Cargo.toml engines::conversation_os::resilience::tests::test_circuit_breaker_recovery -- --nocapture
    Finished `test` profile [unoptimized + debuginfo] target(s) in 0.24s
     Running unittests src/lib.rs (src-tauri/target/debug/deps/titane_infinity-1b72106b7b929a96)

running 1 test
test engines::conversation_os::resilience::tests::test_circuit_breaker_recovery ... ok

test result: ok. 1 passed; 0 failed; 0 ignored; 0 measured; 4443 filtered out; finished in 0.15s

     Running unittests src/main.rs (src-tauri/target/debug/deps/titane_infinity-f5425128dd7b299a)

running 0 tests

test result: ok. 0 passed; 0 failed; 0 ignored; 0 measured; 878 filtered out; finished in 0.00s

     Running tests/integration/agent_ia_workflow_test.rs (src-tauri/target/debug/deps/agent_ia_workflow_test-61e4d00cd8db4c4a)

running 0 tests

test result: ok. 0 passed; 0 failed; 0 ignored; 0 measured; 2 filtered out; finished in 0.00s

     Running tests/commands_v21_smoke_tests.rs (src-tauri/target/debug/deps/commands_v21_smoke_tests-7c0eae182f2efaa0)

running 0 tests

test result: ok. 0 passed; 0 failed; 0 ignored; 0 measured; 0 filtered out; finished in 0.00s

     Running tests/stress/concurrent_access_test.rs (src-tauri/target/debug/deps/concurrent_access_test-69237e04a683daba)

running 0 tests

test result: ok. 0 passed; 0 failed; 0 ignored; 0 measured; 2 filtered out; finished in 0.00s

     Running tests/cycle_engine_tests.rs (src-tauri/target/debug/deps/cycle_engine_tests-a4af6a00b076ded9)

running 0 tests

test result: ok. 0 passed; 0 failed; 0 ignored; 0 measured; 23 filtered out; finished in 0.00s

     Running tests/dashmap_performance_test.rs (src-tauri/target/debug/deps/dashmap_performance_test-34208319f72f76e5)

running 0 tests

test result: ok. 0 passed; 0 failed; 0 ignored; 0 measured; 6 filtered out; finished in 0.00s

     Running tests/integration/fallback_chain_test.rs (src-tauri/target/debug/deps/fallback_chain_test-89781b481f3952c7)

running 0 tests

test result: ok. 0 passed; 0 failed; 0 ignored; 0 measured; 3 filtered out; finished in 0.00s

     Running tests/intelligent_cache_test.rs (src-tauri/target/debug/deps/intelligent_cache_test-bec7ef9a96e7d047)

running 0 tests

test result: ok. 0 passed; 0 failed; 0 ignored; 0 measured; 8 filtered out; finished in 0.00s

     Running tests/ipc_cache_test.rs (src-tauri/target/debug/deps/ipc_cache_test-f5b21d22071f70f0)

running 0 tests

test result: ok. 0 passed; 0 failed; 0 ignored; 0 measured; 11 filtered out; finished in 0.00s

     Running tests/kernel_integration_tests.rs (src-tauri/target/debug/deps/kernel_integration_tests-73883c594fdf1455)

running 0 tests

test result: ok. 0 passed; 0 failed; 0 ignored; 0 measured; 11 filtered out; finished in 0.00s

     Running tests/stress/metrics_stress_test.rs (src-tauri/target/debug/deps/metrics_stress_test-23730176c1e96df9)

running 0 tests

test result: ok. 0 passed; 0 failed; 0 ignored; 0 measured; 2 filtered out; finished in 0.00s

     Running tests/multimodal_integration_test.rs (src-tauri/target/debug/deps/multimodal_integration_test-2ac583ded36cc1a2)

running 0 tests

test result: ok. 0 passed; 0 failed; 0 ignored; 0 measured; 1 filtered out; finished in 0.00s

     Running tests/omega_p2_performance_test.rs (src-tauri/target/debug/deps/omega_p2_performance_test-cb4473076f0955af)

running 0 tests

test result: ok. 0 passed; 0 failed; 0 ignored; 0 measured; 3 filtered out; finished in 0.00s

     Running tests/p3_provider_meta_gates.rs (src-tauri/target/debug/deps/p3_provider_meta_gates-16eaacd8104c719f)

running 0 tests

test result: ok. 0 passed; 0 failed; 0 ignored; 0 measured; 4 filtered out; finished in 0.00s

     Running tests/security/permission_enforcement_test.rs (src-tauri/target/debug/deps/permission_enforcement_test-db57f2f58743a956)

running 0 tests

test result: ok. 0 passed; 0 failed; 0 ignored; 0 measured; 4 filtered out; finished in 0.00s

     Running tests/secure_engine_tests.rs (src-tauri/target/debug/deps/secure_engine_tests-1b68e8df171ac563)

running 0 tests

test result: ok. 0 passed; 0 failed; 0 ignored; 0 measured; 3 filtered out; finished in 0.00s

     Running tests/security_tests.rs (src-tauri/target/debug/deps/security_tests-06099e4266f74d66)

running 0 tests

test result: ok. 0 passed; 0 failed; 0 ignored; 0 measured; 10 filtered out; finished in 0.00s

     Running tests/integration/singularity_integration_test.rs (src-tauri/target/debug/deps/singularity_integration_test-ccf73373b2f3f27a)

running 0 tests

test result: ok. 0 passed; 0 failed; 0 ignored; 0 measured; 3 filtered out; finished in 0.00s

     Running tests/unified_memory_tests.rs (src-tauri/target/debug/deps/unified_memory_tests-6e20221bbdf685a6)

running 0 tests

test result: ok. 0 passed; 0 failed; 0 ignored; 0 measured; 10 filtered out; finished in 0.00s

[RUN3] EXIT=0
===== G_BUDGET_ENFORCED =====
[RUN1] CMD: timeout 240 cargo test --manifest-path src-tauri/Cargo.toml engines::conversation_os::resilience::tests::test_rate_limiter_consume -- --nocapture
    Finished `test` profile [unoptimized + debuginfo] target(s) in 0.24s
     Running unittests src/lib.rs (src-tauri/target/debug/deps/titane_infinity-1b72106b7b929a96)

running 1 test
test engines::conversation_os::resilience::tests::test_rate_limiter_consume ... ok

test result: ok. 1 passed; 0 failed; 0 ignored; 0 measured; 4443 filtered out; finished in 0.00s

     Running unittests src/main.rs (src-tauri/target/debug/deps/titane_infinity-f5425128dd7b299a)

running 0 tests

test result: ok. 0 passed; 0 failed; 0 ignored; 0 measured; 878 filtered out; finished in 0.00s

     Running tests/integration/agent_ia_workflow_test.rs (src-tauri/target/debug/deps/agent_ia_workflow_test-61e4d00cd8db4c4a)

running 0 tests

test result: ok. 0 passed; 0 failed; 0 ignored; 0 measured; 2 filtered out; finished in 0.00s

     Running tests/commands_v21_smoke_tests.rs (src-tauri/target/debug/deps/commands_v21_smoke_tests-7c0eae182f2efaa0)

running 0 tests

test result: ok. 0 passed; 0 failed; 0 ignored; 0 measured; 0 filtered out; finished in 0.00s

     Running tests/stress/concurrent_access_test.rs (src-tauri/target/debug/deps/concurrent_access_test-69237e04a683daba)

running 0 tests

test result: ok. 0 passed; 0 failed; 0 ignored; 0 measured; 2 filtered out; finished in 0.00s

     Running tests/cycle_engine_tests.rs (src-tauri/target/debug/deps/cycle_engine_tests-a4af6a00b076ded9)

running 0 tests

test result: ok. 0 passed; 0 failed; 0 ignored; 0 measured; 23 filtered out; finished in 0.00s

     Running tests/dashmap_performance_test.rs (src-tauri/target/debug/deps/dashmap_performance_test-34208319f72f76e5)

running 0 tests

test result: ok. 0 passed; 0 failed; 0 ignored; 0 measured; 6 filtered out; finished in 0.00s

     Running tests/integration/fallback_chain_test.rs (src-tauri/target/debug/deps/fallback_chain_test-89781b481f3952c7)

running 0 tests

test result: ok. 0 passed; 0 failed; 0 ignored; 0 measured; 3 filtered out; finished in 0.00s

     Running tests/intelligent_cache_test.rs (src-tauri/target/debug/deps/intelligent_cache_test-bec7ef9a96e7d047)

running 0 tests

test result: ok. 0 passed; 0 failed; 0 ignored; 0 measured; 8 filtered out; finished in 0.00s

     Running tests/ipc_cache_test.rs (src-tauri/target/debug/deps/ipc_cache_test-f5b21d22071f70f0)

running 0 tests

test result: ok. 0 passed; 0 failed; 0 ignored; 0 measured; 11 filtered out; finished in 0.00s

     Running tests/kernel_integration_tests.rs (src-tauri/target/debug/deps/kernel_integration_tests-73883c594fdf1455)

running 0 tests

test result: ok. 0 passed; 0 failed; 0 ignored; 0 measured; 11 filtered out; finished in 0.00s

     Running tests/stress/metrics_stress_test.rs (src-tauri/target/debug/deps/metrics_stress_test-23730176c1e96df9)

running 0 tests

test result: ok. 0 passed; 0 failed; 0 ignored; 0 measured; 2 filtered out; finished in 0.00s

     Running tests/multimodal_integration_test.rs (src-tauri/target/debug/deps/multimodal_integration_test-2ac583ded36cc1a2)

running 0 tests

test result: ok. 0 passed; 0 failed; 0 ignored; 0 measured; 1 filtered out; finished in 0.00s

     Running tests/omega_p2_performance_test.rs (src-tauri/target/debug/deps/omega_p2_performance_test-cb4473076f0955af)

running 0 tests

test result: ok. 0 passed; 0 failed; 0 ignored; 0 measured; 3 filtered out; finished in 0.00s

     Running tests/p3_provider_meta_gates.rs (src-tauri/target/debug/deps/p3_provider_meta_gates-16eaacd8104c719f)

running 0 tests

test result: ok. 0 passed; 0 failed; 0 ignored; 0 measured; 4 filtered out; finished in 0.00s

     Running tests/security/permission_enforcement_test.rs (src-tauri/target/debug/deps/permission_enforcement_test-db57f2f58743a956)

running 0 tests

test result: ok. 0 passed; 0 failed; 0 ignored; 0 measured; 4 filtered out; finished in 0.00s

     Running tests/secure_engine_tests.rs (src-tauri/target/debug/deps/secure_engine_tests-1b68e8df171ac563)

running 0 tests

test result: ok. 0 passed; 0 failed; 0 ignored; 0 measured; 3 filtered out; finished in 0.00s

     Running tests/security_tests.rs (src-tauri/target/debug/deps/security_tests-06099e4266f74d66)

running 0 tests

test result: ok. 0 passed; 0 failed; 0 ignored; 0 measured; 10 filtered out; finished in 0.00s

     Running tests/integration/singularity_integration_test.rs (src-tauri/target/debug/deps/singularity_integration_test-ccf73373b2f3f27a)

running 0 tests

test result: ok. 0 passed; 0 failed; 0 ignored; 0 measured; 3 filtered out; finished in 0.00s

     Running tests/unified_memory_tests.rs (src-tauri/target/debug/deps/unified_memory_tests-6e20221bbdf685a6)

running 0 tests

test result: ok. 0 passed; 0 failed; 0 ignored; 0 measured; 10 filtered out; finished in 0.00s

[RUN1] EXIT=0
[RUN2] CMD: timeout 240 cargo test --manifest-path src-tauri/Cargo.toml engines::conversation_os::resilience::tests::test_rate_limiter_consume -- --nocapture
    Finished `test` profile [unoptimized + debuginfo] target(s) in 0.26s
     Running unittests src/lib.rs (src-tauri/target/debug/deps/titane_infinity-1b72106b7b929a96)

running 1 test
test engines::conversation_os::resilience::tests::test_rate_limiter_consume ... ok

test result: ok. 1 passed; 0 failed; 0 ignored; 0 measured; 4443 filtered out; finished in 0.00s

     Running unittests src/main.rs (src-tauri/target/debug/deps/titane_infinity-f5425128dd7b299a)

running 0 tests

test result: ok. 0 passed; 0 failed; 0 ignored; 0 measured; 878 filtered out; finished in 0.00s

     Running tests/integration/agent_ia_workflow_test.rs (src-tauri/target/debug/deps/agent_ia_workflow_test-61e4d00cd8db4c4a)

running 0 tests

test result: ok. 0 passed; 0 failed; 0 ignored; 0 measured; 2 filtered out; finished in 0.00s

     Running tests/commands_v21_smoke_tests.rs (src-tauri/target/debug/deps/commands_v21_smoke_tests-7c0eae182f2efaa0)

running 0 tests

test result: ok. 0 passed; 0 failed; 0 ignored; 0 measured; 0 filtered out; finished in 0.00s

     Running tests/stress/concurrent_access_test.rs (src-tauri/target/debug/deps/concurrent_access_test-69237e04a683daba)

running 0 tests

test result: ok. 0 passed; 0 failed; 0 ignored; 0 measured; 2 filtered out; finished in 0.00s

     Running tests/cycle_engine_tests.rs (src-tauri/target/debug/deps/cycle_engine_tests-a4af6a00b076ded9)

running 0 tests

test result: ok. 0 passed; 0 failed; 0 ignored; 0 measured; 23 filtered out; finished in 0.00s

     Running tests/dashmap_performance_test.rs (src-tauri/target/debug/deps/dashmap_performance_test-34208319f72f76e5)

running 0 tests

test result: ok. 0 passed; 0 failed; 0 ignored; 0 measured; 6 filtered out; finished in 0.00s

     Running tests/integration/fallback_chain_test.rs (src-tauri/target/debug/deps/fallback_chain_test-89781b481f3952c7)

running 0 tests

test result: ok. 0 passed; 0 failed; 0 ignored; 0 measured; 3 filtered out; finished in 0.00s

     Running tests/intelligent_cache_test.rs (src-tauri/target/debug/deps/intelligent_cache_test-bec7ef9a96e7d047)

running 0 tests

test result: ok. 0 passed; 0 failed; 0 ignored; 0 measured; 8 filtered out; finished in 0.00s

     Running tests/ipc_cache_test.rs (src-tauri/target/debug/deps/ipc_cache_test-f5b21d22071f70f0)

running 0 tests

test result: ok. 0 passed; 0 failed; 0 ignored; 0 measured; 11 filtered out; finished in 0.00s

     Running tests/kernel_integration_tests.rs (src-tauri/target/debug/deps/kernel_integration_tests-73883c594fdf1455)

running 0 tests

test result: ok. 0 passed; 0 failed; 0 ignored; 0 measured; 11 filtered out; finished in 0.00s

     Running tests/stress/metrics_stress_test.rs (src-tauri/target/debug/deps/metrics_stress_test-23730176c1e96df9)

running 0 tests

test result: ok. 0 passed; 0 failed; 0 ignored; 0 measured; 2 filtered out; finished in 0.00s

     Running tests/multimodal_integration_test.rs (src-tauri/target/debug/deps/multimodal_integration_test-2ac583ded36cc1a2)

running 0 tests

test result: ok. 0 passed; 0 failed; 0 ignored; 0 measured; 1 filtered out; finished in 0.00s

     Running tests/omega_p2_performance_test.rs (src-tauri/target/debug/deps/omega_p2_performance_test-cb4473076f0955af)

running 0 tests

test result: ok. 0 passed; 0 failed; 0 ignored; 0 measured; 3 filtered out; finished in 0.00s

     Running tests/p3_provider_meta_gates.rs (src-tauri/target/debug/deps/p3_provider_meta_gates-16eaacd8104c719f)

running 0 tests

test result: ok. 0 passed; 0 failed; 0 ignored; 0 measured; 4 filtered out; finished in 0.00s

     Running tests/security/permission_enforcement_test.rs (src-tauri/target/debug/deps/permission_enforcement_test-db57f2f58743a956)

running 0 tests

test result: ok. 0 passed; 0 failed; 0 ignored; 0 measured; 4 filtered out; finished in 0.00s

     Running tests/secure_engine_tests.rs (src-tauri/target/debug/deps/secure_engine_tests-1b68e8df171ac563)

running 0 tests

test result: ok. 0 passed; 0 failed; 0 ignored; 0 measured; 3 filtered out; finished in 0.00s

     Running tests/security_tests.rs (src-tauri/target/debug/deps/security_tests-06099e4266f74d66)

running 0 tests

test result: ok. 0 passed; 0 failed; 0 ignored; 0 measured; 10 filtered out; finished in 0.00s

     Running tests/integration/singularity_integration_test.rs (src-tauri/target/debug/deps/singularity_integration_test-ccf73373b2f3f27a)

running 0 tests

test result: ok. 0 passed; 0 failed; 0 ignored; 0 measured; 3 filtered out; finished in 0.00s

     Running tests/unified_memory_tests.rs (src-tauri/target/debug/deps/unified_memory_tests-6e20221bbdf685a6)

running 0 tests

test result: ok. 0 passed; 0 failed; 0 ignored; 0 measured; 10 filtered out; finished in 0.00s

[RUN2] EXIT=0
[RUN3] CMD: timeout 240 cargo test --manifest-path src-tauri/Cargo.toml engines::conversation_os::resilience::tests::test_rate_limiter_consume -- --nocapture
    Finished `test` profile [unoptimized + debuginfo] target(s) in 0.24s
     Running unittests src/lib.rs (src-tauri/target/debug/deps/titane_infinity-1b72106b7b929a96)

running 1 test
test engines::conversation_os::resilience::tests::test_rate_limiter_consume ... ok

test result: ok. 1 passed; 0 failed; 0 ignored; 0 measured; 4443 filtered out; finished in 0.00s

     Running unittests src/main.rs (src-tauri/target/debug/deps/titane_infinity-f5425128dd7b299a)

running 0 tests

test result: ok. 0 passed; 0 failed; 0 ignored; 0 measured; 878 filtered out; finished in 0.00s

     Running tests/integration/agent_ia_workflow_test.rs (src-tauri/target/debug/deps/agent_ia_workflow_test-61e4d00cd8db4c4a)

running 0 tests

test result: ok. 0 passed; 0 failed; 0 ignored; 0 measured; 2 filtered out; finished in 0.00s

     Running tests/commands_v21_smoke_tests.rs (src-tauri/target/debug/deps/commands_v21_smoke_tests-7c0eae182f2efaa0)

running 0 tests

test result: ok. 0 passed; 0 failed; 0 ignored; 0 measured; 0 filtered out; finished in 0.00s

     Running tests/stress/concurrent_access_test.rs (src-tauri/target/debug/deps/concurrent_access_test-69237e04a683daba)

running 0 tests

test result: ok. 0 passed; 0 failed; 0 ignored; 0 measured; 2 filtered out; finished in 0.00s

     Running tests/cycle_engine_tests.rs (src-tauri/target/debug/deps/cycle_engine_tests-a4af6a00b076ded9)

running 0 tests

test result: ok. 0 passed; 0 failed; 0 ignored; 0 measured; 23 filtered out; finished in 0.00s

     Running tests/dashmap_performance_test.rs (src-tauri/target/debug/deps/dashmap_performance_test-34208319f72f76e5)

running 0 tests

test result: ok. 0 passed; 0 failed; 0 ignored; 0 measured; 6 filtered out; finished in 0.00s

     Running tests/integration/fallback_chain_test.rs (src-tauri/target/debug/deps/fallback_chain_test-89781b481f3952c7)

running 0 tests

test result: ok. 0 passed; 0 failed; 0 ignored; 0 measured; 3 filtered out; finished in 0.00s

     Running tests/intelligent_cache_test.rs (src-tauri/target/debug/deps/intelligent_cache_test-bec7ef9a96e7d047)

running 0 tests

test result: ok. 0 passed; 0 failed; 0 ignored; 0 measured; 8 filtered out; finished in 0.00s

     Running tests/ipc_cache_test.rs (src-tauri/target/debug/deps/ipc_cache_test-f5b21d22071f70f0)

running 0 tests

test result: ok. 0 passed; 0 failed; 0 ignored; 0 measured; 11 filtered out; finished in 0.00s

     Running tests/kernel_integration_tests.rs (src-tauri/target/debug/deps/kernel_integration_tests-73883c594fdf1455)

running 0 tests

test result: ok. 0 passed; 0 failed; 0 ignored; 0 measured; 11 filtered out; finished in 0.00s

     Running tests/stress/metrics_stress_test.rs (src-tauri/target/debug/deps/metrics_stress_test-23730176c1e96df9)

running 0 tests

test result: ok. 0 passed; 0 failed; 0 ignored; 0 measured; 2 filtered out; finished in 0.00s

     Running tests/multimodal_integration_test.rs (src-tauri/target/debug/deps/multimodal_integration_test-2ac583ded36cc1a2)

running 0 tests

test result: ok. 0 passed; 0 failed; 0 ignored; 0 measured; 1 filtered out; finished in 0.00s

     Running tests/omega_p2_performance_test.rs (src-tauri/target/debug/deps/omega_p2_performance_test-cb4473076f0955af)

running 0 tests

test result: ok. 0 passed; 0 failed; 0 ignored; 0 measured; 3 filtered out; finished in 0.00s

     Running tests/p3_provider_meta_gates.rs (src-tauri/target/debug/deps/p3_provider_meta_gates-16eaacd8104c719f)

running 0 tests

test result: ok. 0 passed; 0 failed; 0 ignored; 0 measured; 4 filtered out; finished in 0.00s

     Running tests/security/permission_enforcement_test.rs (src-tauri/target/debug/deps/permission_enforcement_test-db57f2f58743a956)

running 0 tests

test result: ok. 0 passed; 0 failed; 0 ignored; 0 measured; 4 filtered out; finished in 0.00s

     Running tests/secure_engine_tests.rs (src-tauri/target/debug/deps/secure_engine_tests-1b68e8df171ac563)

running 0 tests

test result: ok. 0 passed; 0 failed; 0 ignored; 0 measured; 3 filtered out; finished in 0.00s

     Running tests/security_tests.rs (src-tauri/target/debug/deps/security_tests-06099e4266f74d66)

running 0 tests

test result: ok. 0 passed; 0 failed; 0 ignored; 0 measured; 10 filtered out; finished in 0.00s

     Running tests/integration/singularity_integration_test.rs (src-tauri/target/debug/deps/singularity_integration_test-ccf73373b2f3f27a)

running 0 tests

test result: ok. 0 passed; 0 failed; 0 ignored; 0 measured; 3 filtered out; finished in 0.00s

     Running tests/unified_memory_tests.rs (src-tauri/target/debug/deps/unified_memory_tests-6e20221bbdf685a6)

running 0 tests

test result: ok. 0 passed; 0 failed; 0 ignored; 0 measured; 10 filtered out; finished in 0.00s

[RUN3] EXIT=0
===== G_SEARCH_CREDS_EXPLICIT =====
[RUN1] CMD: timeout 240 cargo test --manifest-path src-tauri/Cargo.toml services::search_gateway::tests::test_search_requires_brave_api_key -- --nocapture
    Finished `test` profile [unoptimized + debuginfo] target(s) in 0.25s
     Running unittests src/lib.rs (src-tauri/target/debug/deps/titane_infinity-1b72106b7b929a96)

running 0 tests

test result: ok. 0 passed; 0 failed; 0 ignored; 0 measured; 4444 filtered out; finished in 0.00s

     Running unittests src/main.rs (src-tauri/target/debug/deps/titane_infinity-f5425128dd7b299a)

running 1 test
test services::search_gateway::tests::test_search_requires_brave_api_key ... ok

test result: ok. 1 passed; 0 failed; 0 ignored; 0 measured; 877 filtered out; finished in 0.04s

     Running tests/integration/agent_ia_workflow_test.rs (src-tauri/target/debug/deps/agent_ia_workflow_test-61e4d00cd8db4c4a)

running 0 tests

test result: ok. 0 passed; 0 failed; 0 ignored; 0 measured; 2 filtered out; finished in 0.00s

     Running tests/commands_v21_smoke_tests.rs (src-tauri/target/debug/deps/commands_v21_smoke_tests-7c0eae182f2efaa0)

running 0 tests

test result: ok. 0 passed; 0 failed; 0 ignored; 0 measured; 0 filtered out; finished in 0.00s

     Running tests/stress/concurrent_access_test.rs (src-tauri/target/debug/deps/concurrent_access_test-69237e04a683daba)

running 0 tests

test result: ok. 0 passed; 0 failed; 0 ignored; 0 measured; 2 filtered out; finished in 0.00s

     Running tests/cycle_engine_tests.rs (src-tauri/target/debug/deps/cycle_engine_tests-a4af6a00b076ded9)

running 0 tests

test result: ok. 0 passed; 0 failed; 0 ignored; 0 measured; 23 filtered out; finished in 0.00s

     Running tests/dashmap_performance_test.rs (src-tauri/target/debug/deps/dashmap_performance_test-34208319f72f76e5)

running 0 tests

test result: ok. 0 passed; 0 failed; 0 ignored; 0 measured; 6 filtered out; finished in 0.00s

     Running tests/integration/fallback_chain_test.rs (src-tauri/target/debug/deps/fallback_chain_test-89781b481f3952c7)

running 0 tests

test result: ok. 0 passed; 0 failed; 0 ignored; 0 measured; 3 filtered out; finished in 0.00s

     Running tests/intelligent_cache_test.rs (src-tauri/target/debug/deps/intelligent_cache_test-bec7ef9a96e7d047)

running 0 tests

test result: ok. 0 passed; 0 failed; 0 ignored; 0 measured; 8 filtered out; finished in 0.00s

     Running tests/ipc_cache_test.rs (src-tauri/target/debug/deps/ipc_cache_test-f5b21d22071f70f0)

running 0 tests

test result: ok. 0 passed; 0 failed; 0 ignored; 0 measured; 11 filtered out; finished in 0.00s

     Running tests/kernel_integration_tests.rs (src-tauri/target/debug/deps/kernel_integration_tests-73883c594fdf1455)

running 0 tests

test result: ok. 0 passed; 0 failed; 0 ignored; 0 measured; 11 filtered out; finished in 0.00s

     Running tests/stress/metrics_stress_test.rs (src-tauri/target/debug/deps/metrics_stress_test-23730176c1e96df9)

running 0 tests

test result: ok. 0 passed; 0 failed; 0 ignored; 0 measured; 2 filtered out; finished in 0.00s

     Running tests/multimodal_integration_test.rs (src-tauri/target/debug/deps/multimodal_integration_test-2ac583ded36cc1a2)

running 0 tests

test result: ok. 0 passed; 0 failed; 0 ignored; 0 measured; 1 filtered out; finished in 0.00s

     Running tests/omega_p2_performance_test.rs (src-tauri/target/debug/deps/omega_p2_performance_test-cb4473076f0955af)

running 0 tests

test result: ok. 0 passed; 0 failed; 0 ignored; 0 measured; 3 filtered out; finished in 0.00s

     Running tests/p3_provider_meta_gates.rs (src-tauri/target/debug/deps/p3_provider_meta_gates-16eaacd8104c719f)

running 0 tests

test result: ok. 0 passed; 0 failed; 0 ignored; 0 measured; 4 filtered out; finished in 0.00s

     Running tests/security/permission_enforcement_test.rs (src-tauri/target/debug/deps/permission_enforcement_test-db57f2f58743a956)

running 0 tests

test result: ok. 0 passed; 0 failed; 0 ignored; 0 measured; 4 filtered out; finished in 0.00s

     Running tests/secure_engine_tests.rs (src-tauri/target/debug/deps/secure_engine_tests-1b68e8df171ac563)

running 0 tests

test result: ok. 0 passed; 0 failed; 0 ignored; 0 measured; 3 filtered out; finished in 0.00s

     Running tests/security_tests.rs (src-tauri/target/debug/deps/security_tests-06099e4266f74d66)

running 0 tests

test result: ok. 0 passed; 0 failed; 0 ignored; 0 measured; 10 filtered out; finished in 0.00s

     Running tests/integration/singularity_integration_test.rs (src-tauri/target/debug/deps/singularity_integration_test-ccf73373b2f3f27a)

running 0 tests

test result: ok. 0 passed; 0 failed; 0 ignored; 0 measured; 3 filtered out; finished in 0.00s

     Running tests/unified_memory_tests.rs (src-tauri/target/debug/deps/unified_memory_tests-6e20221bbdf685a6)

running 0 tests

test result: ok. 0 passed; 0 failed; 0 ignored; 0 measured; 10 filtered out; finished in 0.00s

[RUN1] EXIT=0
[RUN2] CMD: timeout 240 cargo test --manifest-path src-tauri/Cargo.toml services::search_gateway::tests::test_search_requires_brave_api_key -- --nocapture
    Finished `test` profile [unoptimized + debuginfo] target(s) in 0.24s
     Running unittests src/lib.rs (src-tauri/target/debug/deps/titane_infinity-1b72106b7b929a96)

running 0 tests

test result: ok. 0 passed; 0 failed; 0 ignored; 0 measured; 4444 filtered out; finished in 0.00s

     Running unittests src/main.rs (src-tauri/target/debug/deps/titane_infinity-f5425128dd7b299a)

running 1 test
test services::search_gateway::tests::test_search_requires_brave_api_key ... ok

test result: ok. 1 passed; 0 failed; 0 ignored; 0 measured; 877 filtered out; finished in 0.03s

     Running tests/integration/agent_ia_workflow_test.rs (src-tauri/target/debug/deps/agent_ia_workflow_test-61e4d00cd8db4c4a)

running 0 tests

test result: ok. 0 passed; 0 failed; 0 ignored; 0 measured; 2 filtered out; finished in 0.00s

     Running tests/commands_v21_smoke_tests.rs (src-tauri/target/debug/deps/commands_v21_smoke_tests-7c0eae182f2efaa0)

running 0 tests

test result: ok. 0 passed; 0 failed; 0 ignored; 0 measured; 0 filtered out; finished in 0.00s

     Running tests/stress/concurrent_access_test.rs (src-tauri/target/debug/deps/concurrent_access_test-69237e04a683daba)

running 0 tests

test result: ok. 0 passed; 0 failed; 0 ignored; 0 measured; 2 filtered out; finished in 0.00s

     Running tests/cycle_engine_tests.rs (src-tauri/target/debug/deps/cycle_engine_tests-a4af6a00b076ded9)

running 0 tests

test result: ok. 0 passed; 0 failed; 0 ignored; 0 measured; 23 filtered out; finished in 0.00s

     Running tests/dashmap_performance_test.rs (src-tauri/target/debug/deps/dashmap_performance_test-34208319f72f76e5)

running 0 tests

test result: ok. 0 passed; 0 failed; 0 ignored; 0 measured; 6 filtered out; finished in 0.00s

     Running tests/integration/fallback_chain_test.rs (src-tauri/target/debug/deps/fallback_chain_test-89781b481f3952c7)

running 0 tests

test result: ok. 0 passed; 0 failed; 0 ignored; 0 measured; 3 filtered out; finished in 0.00s

     Running tests/intelligent_cache_test.rs (src-tauri/target/debug/deps/intelligent_cache_test-bec7ef9a96e7d047)

running 0 tests

test result: ok. 0 passed; 0 failed; 0 ignored; 0 measured; 8 filtered out; finished in 0.00s

     Running tests/ipc_cache_test.rs (src-tauri/target/debug/deps/ipc_cache_test-f5b21d22071f70f0)

running 0 tests

test result: ok. 0 passed; 0 failed; 0 ignored; 0 measured; 11 filtered out; finished in 0.00s

     Running tests/kernel_integration_tests.rs (src-tauri/target/debug/deps/kernel_integration_tests-73883c594fdf1455)

running 0 tests

test result: ok. 0 passed; 0 failed; 0 ignored; 0 measured; 11 filtered out; finished in 0.00s

     Running tests/stress/metrics_stress_test.rs (src-tauri/target/debug/deps/metrics_stress_test-23730176c1e96df9)

running 0 tests

test result: ok. 0 passed; 0 failed; 0 ignored; 0 measured; 2 filtered out; finished in 0.00s

     Running tests/multimodal_integration_test.rs (src-tauri/target/debug/deps/multimodal_integration_test-2ac583ded36cc1a2)

running 0 tests

test result: ok. 0 passed; 0 failed; 0 ignored; 0 measured; 1 filtered out; finished in 0.00s

     Running tests/omega_p2_performance_test.rs (src-tauri/target/debug/deps/omega_p2_performance_test-cb4473076f0955af)

running 0 tests

test result: ok. 0 passed; 0 failed; 0 ignored; 0 measured; 3 filtered out; finished in 0.00s

     Running tests/p3_provider_meta_gates.rs (src-tauri/target/debug/deps/p3_provider_meta_gates-16eaacd8104c719f)

running 0 tests

test result: ok. 0 passed; 0 failed; 0 ignored; 0 measured; 4 filtered out; finished in 0.00s

     Running tests/security/permission_enforcement_test.rs (src-tauri/target/debug/deps/permission_enforcement_test-db57f2f58743a956)

running 0 tests

test result: ok. 0 passed; 0 failed; 0 ignored; 0 measured; 4 filtered out; finished in 0.00s

     Running tests/secure_engine_tests.rs (src-tauri/target/debug/deps/secure_engine_tests-1b68e8df171ac563)

running 0 tests

test result: ok. 0 passed; 0 failed; 0 ignored; 0 measured; 3 filtered out; finished in 0.00s

     Running tests/security_tests.rs (src-tauri/target/debug/deps/security_tests-06099e4266f74d66)

running 0 tests

test result: ok. 0 passed; 0 failed; 0 ignored; 0 measured; 10 filtered out; finished in 0.00s

     Running tests/integration/singularity_integration_test.rs (src-tauri/target/debug/deps/singularity_integration_test-ccf73373b2f3f27a)

running 0 tests

test result: ok. 0 passed; 0 failed; 0 ignored; 0 measured; 3 filtered out; finished in 0.00s

     Running tests/unified_memory_tests.rs (src-tauri/target/debug/deps/unified_memory_tests-6e20221bbdf685a6)

running 0 tests

test result: ok. 0 passed; 0 failed; 0 ignored; 0 measured; 10 filtered out; finished in 0.00s

[RUN2] EXIT=0
[RUN3] CMD: timeout 240 cargo test --manifest-path src-tauri/Cargo.toml services::search_gateway::tests::test_search_requires_brave_api_key -- --nocapture
    Finished `test` profile [unoptimized + debuginfo] target(s) in 0.23s
     Running unittests src/lib.rs (src-tauri/target/debug/deps/titane_infinity-1b72106b7b929a96)

running 0 tests

test result: ok. 0 passed; 0 failed; 0 ignored; 0 measured; 4444 filtered out; finished in 0.00s

     Running unittests src/main.rs (src-tauri/target/debug/deps/titane_infinity-f5425128dd7b299a)

running 1 test
test services::search_gateway::tests::test_search_requires_brave_api_key ... ok

test result: ok. 1 passed; 0 failed; 0 ignored; 0 measured; 877 filtered out; finished in 0.04s

     Running tests/integration/agent_ia_workflow_test.rs (src-tauri/target/debug/deps/agent_ia_workflow_test-61e4d00cd8db4c4a)

running 0 tests

test result: ok. 0 passed; 0 failed; 0 ignored; 0 measured; 2 filtered out; finished in 0.00s

     Running tests/commands_v21_smoke_tests.rs (src-tauri/target/debug/deps/commands_v21_smoke_tests-7c0eae182f2efaa0)

running 0 tests

test result: ok. 0 passed; 0 failed; 0 ignored; 0 measured; 0 filtered out; finished in 0.00s

     Running tests/stress/concurrent_access_test.rs (src-tauri/target/debug/deps/concurrent_access_test-69237e04a683daba)

running 0 tests

test result: ok. 0 passed; 0 failed; 0 ignored; 0 measured; 2 filtered out; finished in 0.00s

     Running tests/cycle_engine_tests.rs (src-tauri/target/debug/deps/cycle_engine_tests-a4af6a00b076ded9)

running 0 tests

test result: ok. 0 passed; 0 failed; 0 ignored; 0 measured; 23 filtered out; finished in 0.00s

     Running tests/dashmap_performance_test.rs (src-tauri/target/debug/deps/dashmap_performance_test-34208319f72f76e5)

running 0 tests

test result: ok. 0 passed; 0 failed; 0 ignored; 0 measured; 6 filtered out; finished in 0.00s

     Running tests/integration/fallback_chain_test.rs (src-tauri/target/debug/deps/fallback_chain_test-89781b481f3952c7)

running 0 tests

test result: ok. 0 passed; 0 failed; 0 ignored; 0 measured; 3 filtered out; finished in 0.00s

     Running tests/intelligent_cache_test.rs (src-tauri/target/debug/deps/intelligent_cache_test-bec7ef9a96e7d047)

running 0 tests

test result: ok. 0 passed; 0 failed; 0 ignored; 0 measured; 8 filtered out; finished in 0.00s

     Running tests/ipc_cache_test.rs (src-tauri/target/debug/deps/ipc_cache_test-f5b21d22071f70f0)

running 0 tests

test result: ok. 0 passed; 0 failed; 0 ignored; 0 measured; 11 filtered out; finished in 0.00s

     Running tests/kernel_integration_tests.rs (src-tauri/target/debug/deps/kernel_integration_tests-73883c594fdf1455)

running 0 tests

test result: ok. 0 passed; 0 failed; 0 ignored; 0 measured; 11 filtered out; finished in 0.00s

     Running tests/stress/metrics_stress_test.rs (src-tauri/target/debug/deps/metrics_stress_test-23730176c1e96df9)

running 0 tests

test result: ok. 0 passed; 0 failed; 0 ignored; 0 measured; 2 filtered out; finished in 0.00s

     Running tests/multimodal_integration_test.rs (src-tauri/target/debug/deps/multimodal_integration_test-2ac583ded36cc1a2)

running 0 tests

test result: ok. 0 passed; 0 failed; 0 ignored; 0 measured; 1 filtered out; finished in 0.00s

     Running tests/omega_p2_performance_test.rs (src-tauri/target/debug/deps/omega_p2_performance_test-cb4473076f0955af)

running 0 tests

test result: ok. 0 passed; 0 failed; 0 ignored; 0 measured; 3 filtered out; finished in 0.00s

     Running tests/p3_provider_meta_gates.rs (src-tauri/target/debug/deps/p3_provider_meta_gates-16eaacd8104c719f)

running 0 tests

test result: ok. 0 passed; 0 failed; 0 ignored; 0 measured; 4 filtered out; finished in 0.00s

     Running tests/security/permission_enforcement_test.rs (src-tauri/target/debug/deps/permission_enforcement_test-db57f2f58743a956)

running 0 tests

test result: ok. 0 passed; 0 failed; 0 ignored; 0 measured; 4 filtered out; finished in 0.00s

     Running tests/secure_engine_tests.rs (src-tauri/target/debug/deps/secure_engine_tests-1b68e8df171ac563)

running 0 tests

test result: ok. 0 passed; 0 failed; 0 ignored; 0 measured; 3 filtered out; finished in 0.00s

     Running tests/security_tests.rs (src-tauri/target/debug/deps/security_tests-06099e4266f74d66)

running 0 tests

test result: ok. 0 passed; 0 failed; 0 ignored; 0 measured; 10 filtered out; finished in 0.00s

     Running tests/integration/singularity_integration_test.rs (src-tauri/target/debug/deps/singularity_integration_test-ccf73373b2f3f27a)

running 0 tests

test result: ok. 0 passed; 0 failed; 0 ignored; 0 measured; 3 filtered out; finished in 0.00s

     Running tests/unified_memory_tests.rs (src-tauri/target/debug/deps/unified_memory_tests-6e20221bbdf685a6)

running 0 tests

test result: ok. 0 passed; 0 failed; 0 ignored; 0 measured; 10 filtered out; finished in 0.00s

[RUN3] EXIT=0
# RUNTIME X3 END 2026-02-26T12:41:29Z
