]633;E;{   echo -e "path\\tclassification\\trole\\tauthority_source\\twhy\\tsafe_action"\x3b   while IFS= read -r p\x3b do     if [[ "$p" == "$PACK"/* ]]\x3b then       echo -e "$p\\tBELONGS_TO_FUTURE_BOUNDARY\\tCURRENT_PROOFPACK_PATH\\tCURRENT_LANE_APPEND_ONLY\\tcurrent lane proof artifacts not part of isolated bucket-c boundary\\tHOLD_FOR_LATER"\x3b     elif [[ "$p" == proof_packs/* ]]\x3b then       echo -e "$p\\tLOCAL_ONLY_HISTORICAL\\tHISTORICAL_PROOFPACK_PATH\\tNO_BROAD_UNTRACKED_COMMIT_POLICY\\thistorical proof-pack residue intentionally excluded from current isolated commit\\tKEEP_LOCAL"\x3b     else       echo -e "$p\\tOUTLIER_NEEDS_GOVERNANCE\\tOTHER\\tUNTRACKED_OUTSIDE_PROOFPACK_SCOPE\\tpath outside proof-pack residue universe\\tBLOCK"\x3b     fi\x3b   done < "$RAW/post_commit_untracked_set.txt"\x3b } > "$RAW/post_commit_untracked_classification.tsv";199d0c27-f4ce-46bc-94d0-1da272f867dc]633;Cpath	classification	role	authority_source	why	safe_action
proof_packs/AUTHORIZED_TRIGGER_ACTIVATION_2026-03-07_0838_757ae4d4c/00_EXEC_SUMMARY.md	LOCAL_ONLY_HISTORICAL	HISTORICAL_PROOFPACK_PATH	NO_BROAD_UNTRACKED_COMMIT_POLICY	historical proof-pack residue intentionally excluded from current isolated commit	KEEP_LOCAL
proof_packs/AUTHORIZED_TRIGGER_ACTIVATION_2026-03-07_0838_757ae4d4c/01_BOOTSTRAP.md	LOCAL_ONLY_HISTORICAL	HISTORICAL_PROOFPACK_PATH	NO_BROAD_UNTRACKED_COMMIT_POLICY	historical proof-pack residue intentionally excluded from current isolated commit	KEEP_LOCAL
proof_packs/AUTHORIZED_TRIGGER_ACTIVATION_2026-03-07_0838_757ae4d4c/02_BASELINE_REFERENCE.md	LOCAL_ONLY_HISTORICAL	HISTORICAL_PROOFPACK_PATH	NO_BROAD_UNTRACKED_COMMIT_POLICY	historical proof-pack residue intentionally excluded from current isolated commit	KEEP_LOCAL
proof_packs/AUTHORIZED_TRIGGER_ACTIVATION_2026-03-07_0838_757ae4d4c/03_TRIGGER_CAPTURE.md	LOCAL_ONLY_HISTORICAL	HISTORICAL_PROOFPACK_PATH	NO_BROAD_UNTRACKED_COMMIT_POLICY	historical proof-pack residue intentionally excluded from current isolated commit	KEEP_LOCAL
proof_packs/AUTHORIZED_TRIGGER_ACTIVATION_2026-03-07_0838_757ae4d4c/04_THRESHOLD_VALIDATION.md	LOCAL_ONLY_HISTORICAL	HISTORICAL_PROOFPACK_PATH	NO_BROAD_UNTRACKED_COMMIT_POLICY	historical proof-pack residue intentionally excluded from current isolated commit	KEEP_LOCAL
proof_packs/AUTHORIZED_TRIGGER_ACTIVATION_2026-03-07_0838_757ae4d4c/05_TRIGGER_CLASSIFICATION.md	LOCAL_ONLY_HISTORICAL	HISTORICAL_PROOFPACK_PATH	NO_BROAD_UNTRACKED_COMMIT_POLICY	historical proof-pack residue intentionally excluded from current isolated commit	KEEP_LOCAL
proof_packs/AUTHORIZED_TRIGGER_ACTIVATION_2026-03-07_0838_757ae4d4c/06_DELTA_SCOPE.md	LOCAL_ONLY_HISTORICAL	HISTORICAL_PROOFPACK_PATH	NO_BROAD_UNTRACKED_COMMIT_POLICY	historical proof-pack residue intentionally excluded from current isolated commit	KEEP_LOCAL
proof_packs/AUTHORIZED_TRIGGER_ACTIVATION_2026-03-07_0838_757ae4d4c/07_ALLOWED_WAKE_PATH.md	LOCAL_ONLY_HISTORICAL	HISTORICAL_PROOFPACK_PATH	NO_BROAD_UNTRACKED_COMMIT_POLICY	historical proof-pack residue intentionally excluded from current isolated commit	KEEP_LOCAL
proof_packs/AUTHORIZED_TRIGGER_ACTIVATION_2026-03-07_0838_757ae4d4c/08_RESIDUAL_RISKS.md	LOCAL_ONLY_HISTORICAL	HISTORICAL_PROOFPACK_PATH	NO_BROAD_UNTRACKED_COMMIT_POLICY	historical proof-pack residue intentionally excluded from current isolated commit	KEEP_LOCAL
proof_packs/AUTHORIZED_TRIGGER_ACTIVATION_2026-03-07_0838_757ae4d4c/09_ACTIVATION_DECISION.md	LOCAL_ONLY_HISTORICAL	HISTORICAL_PROOFPACK_PATH	NO_BROAD_UNTRACKED_COMMIT_POLICY	historical proof-pack residue intentionally excluded from current isolated commit	KEEP_LOCAL
proof_packs/AUTHORIZED_TRIGGER_ACTIVATION_2026-03-07_0838_757ae4d4c/raw/bootstrap_summary.txt	LOCAL_ONLY_HISTORICAL	HISTORICAL_PROOFPACK_PATH	NO_BROAD_UNTRACKED_COMMIT_POLICY	historical proof-pack residue intentionally excluded from current isolated commit	KEEP_LOCAL
proof_packs/AUTHORIZED_TRIGGER_ACTIVATION_2026-03-07_0838_757ae4d4c/raw/check_baseline_757ae4d4c_from_idle.txt	LOCAL_ONLY_HISTORICAL	HISTORICAL_PROOFPACK_PATH	NO_BROAD_UNTRACKED_COMMIT_POLICY	historical proof-pack residue intentionally excluded from current isolated commit	KEEP_LOCAL
proof_packs/AUTHORIZED_TRIGGER_ACTIVATION_2026-03-07_0838_757ae4d4c/raw/check_baseline_757ae4d4c_from_sentinel.txt	LOCAL_ONLY_HISTORICAL	HISTORICAL_PROOFPACK_PATH	NO_BROAD_UNTRACKED_COMMIT_POLICY	historical proof-pack residue intentionally excluded from current isolated commit	KEEP_LOCAL
proof_packs/AUTHORIZED_TRIGGER_ACTIVATION_2026-03-07_0838_757ae4d4c/raw/check_baseline_757ae4d4c_from_wake.txt	LOCAL_ONLY_HISTORICAL	HISTORICAL_PROOFPACK_PATH	NO_BROAD_UNTRACKED_COMMIT_POLICY	historical proof-pack residue intentionally excluded from current isolated commit	KEEP_LOCAL
proof_packs/AUTHORIZED_TRIGGER_ACTIVATION_2026-03-07_0838_757ae4d4c/raw/check_state_governed_idle_confirmed.txt	LOCAL_ONLY_HISTORICAL	HISTORICAL_PROOFPACK_PATH	NO_BROAD_UNTRACKED_COMMIT_POLICY	historical proof-pack residue intentionally excluded from current isolated commit	KEEP_LOCAL
proof_packs/AUTHORIZED_TRIGGER_ACTIVATION_2026-03-07_0838_757ae4d4c/raw/check_state_standby_confirmed.txt	LOCAL_ONLY_HISTORICAL	HISTORICAL_PROOFPACK_PATH	NO_BROAD_UNTRACKED_COMMIT_POLICY	historical proof-pack residue intentionally excluded from current isolated commit	KEEP_LOCAL
proof_packs/AUTHORIZED_TRIGGER_ACTIVATION_2026-03-07_0838_757ae4d4c/raw/check_state_wake_protocol_ready.txt	LOCAL_ONLY_HISTORICAL	HISTORICAL_PROOFPACK_PATH	NO_BROAD_UNTRACKED_COMMIT_POLICY	historical proof-pack residue intentionally excluded from current isolated commit	KEEP_LOCAL
proof_packs/AUTHORIZED_TRIGGER_ACTIVATION_2026-03-07_0838_757ae4d4c/raw/git_branch_show_current.txt	LOCAL_ONLY_HISTORICAL	HISTORICAL_PROOFPACK_PATH	NO_BROAD_UNTRACKED_COMMIT_POLICY	historical proof-pack residue intentionally excluded from current isolated commit	KEEP_LOCAL
proof_packs/AUTHORIZED_TRIGGER_ACTIVATION_2026-03-07_0838_757ae4d4c/raw/git_rev_parse_short.txt	LOCAL_ONLY_HISTORICAL	HISTORICAL_PROOFPACK_PATH	NO_BROAD_UNTRACKED_COMMIT_POLICY	historical proof-pack residue intentionally excluded from current isolated commit	KEEP_LOCAL
proof_packs/AUTHORIZED_TRIGGER_ACTIVATION_2026-03-07_0838_757ae4d4c/raw/git_status_short.txt	LOCAL_ONLY_HISTORICAL	HISTORICAL_PROOFPACK_PATH	NO_BROAD_UNTRACKED_COMMIT_POLICY	historical proof-pack residue intentionally excluded from current isolated commit	KEEP_LOCAL
proof_packs/AUTHORIZED_TRIGGER_ACTIVATION_2026-03-07_0838_757ae4d4c/raw/reference_idle_pack.txt	LOCAL_ONLY_HISTORICAL	HISTORICAL_PROOFPACK_PATH	NO_BROAD_UNTRACKED_COMMIT_POLICY	historical proof-pack residue intentionally excluded from current isolated commit	KEEP_LOCAL
proof_packs/AUTHORIZED_TRIGGER_ACTIVATION_2026-03-07_0838_757ae4d4c/raw/reference_sentinel_pack.txt	LOCAL_ONLY_HISTORICAL	HISTORICAL_PROOFPACK_PATH	NO_BROAD_UNTRACKED_COMMIT_POLICY	historical proof-pack residue intentionally excluded from current isolated commit	KEEP_LOCAL
proof_packs/AUTHORIZED_TRIGGER_ACTIVATION_2026-03-07_0838_757ae4d4c/raw/reference_wake_pack.txt	LOCAL_ONLY_HISTORICAL	HISTORICAL_PROOFPACK_PATH	NO_BROAD_UNTRACKED_COMMIT_POLICY	historical proof-pack residue intentionally excluded from current isolated commit	KEEP_LOCAL
proof_packs/AUTHORIZED_TRIGGER_ACTIVATION_2026-03-07_0838_757ae4d4c/raw/trigger_signal_capture.txt	LOCAL_ONLY_HISTORICAL	HISTORICAL_PROOFPACK_PATH	NO_BROAD_UNTRACKED_COMMIT_POLICY	historical proof-pack residue intentionally excluded from current isolated commit	KEEP_LOCAL
proof_packs/AUTHORIZED_TRIGGER_ACTIVATION_2026-03-07_0838_757ae4d4c/raw/trigger_signal_origin_current_idle_signals.txt	LOCAL_ONLY_HISTORICAL	HISTORICAL_PROOFPACK_PATH	NO_BROAD_UNTRACKED_COMMIT_POLICY	historical proof-pack residue intentionally excluded from current isolated commit	KEEP_LOCAL
proof_packs/AUTHORIZED_TRIGGER_ACTIVATION_2026-03-07_0838_757ae4d4c/raw/wake_path_mapping_reference.md	LOCAL_ONLY_HISTORICAL	HISTORICAL_PROOFPACK_PATH	NO_BROAD_UNTRACKED_COMMIT_POLICY	historical proof-pack residue intentionally excluded from current isolated commit	KEEP_LOCAL
proof_packs/AUTHORIZED_TRIGGER_ACTIVATION_2026-03-07_0838_757ae4d4c/ROLLBACK.md	LOCAL_ONLY_HISTORICAL	HISTORICAL_PROOFPACK_PATH	NO_BROAD_UNTRACKED_COMMIT_POLICY	historical proof-pack residue intentionally excluded from current isolated commit	KEEP_LOCAL
proof_packs/AUTHORIZED_TRIGGER_ACTIVATION_2026-03-07_0838_757ae4d4c/VERDICT.md	LOCAL_ONLY_HISTORICAL	HISTORICAL_PROOFPACK_PATH	NO_BROAD_UNTRACKED_COMMIT_POLICY	historical proof-pack residue intentionally excluded from current isolated commit	KEEP_LOCAL
proof_packs/BASELINE_MONITOR_MODE_2026-03-07_1300_757ae4d4c/00_EXEC_SUMMARY.md	LOCAL_ONLY_HISTORICAL	HISTORICAL_PROOFPACK_PATH	NO_BROAD_UNTRACKED_COMMIT_POLICY	historical proof-pack residue intentionally excluded from current isolated commit	KEEP_LOCAL
proof_packs/BASELINE_MONITOR_MODE_2026-03-07_1300_757ae4d4c/01_BOOTSTRAP.md	LOCAL_ONLY_HISTORICAL	HISTORICAL_PROOFPACK_PATH	NO_BROAD_UNTRACKED_COMMIT_POLICY	historical proof-pack residue intentionally excluded from current isolated commit	KEEP_LOCAL
proof_packs/BASELINE_MONITOR_MODE_2026-03-07_1300_757ae4d4c/02_BASELINE_REFERENCE.md	LOCAL_ONLY_HISTORICAL	HISTORICAL_PROOFPACK_PATH	NO_BROAD_UNTRACKED_COMMIT_POLICY	historical proof-pack residue intentionally excluded from current isolated commit	KEEP_LOCAL
proof_packs/BASELINE_MONITOR_MODE_2026-03-07_1300_757ae4d4c/03_WORKSPACE_MONITOR.md	LOCAL_ONLY_HISTORICAL	HISTORICAL_PROOFPACK_PATH	NO_BROAD_UNTRACKED_COMMIT_POLICY	historical proof-pack residue intentionally excluded from current isolated commit	KEEP_LOCAL
proof_packs/BASELINE_MONITOR_MODE_2026-03-07_1300_757ae4d4c/04_CI_MONITOR.md	LOCAL_ONLY_HISTORICAL	HISTORICAL_PROOFPACK_PATH	NO_BROAD_UNTRACKED_COMMIT_POLICY	historical proof-pack residue intentionally excluded from current isolated commit	KEEP_LOCAL
proof_packs/BASELINE_MONITOR_MODE_2026-03-07_1300_757ae4d4c/05_ENTRY_SIGNAL_MONITOR.md	LOCAL_ONLY_HISTORICAL	HISTORICAL_PROOFPACK_PATH	NO_BROAD_UNTRACKED_COMMIT_POLICY	historical proof-pack residue intentionally excluded from current isolated commit	KEEP_LOCAL
proof_packs/BASELINE_MONITOR_MODE_2026-03-07_1300_757ae4d4c/06_DRIFT_CHECK.md	LOCAL_ONLY_HISTORICAL	HISTORICAL_PROOFPACK_PATH	NO_BROAD_UNTRACKED_COMMIT_POLICY	historical proof-pack residue intentionally excluded from current isolated commit	KEEP_LOCAL
proof_packs/BASELINE_MONITOR_MODE_2026-03-07_1300_757ae4d4c/07_MONITOR_DECISION.md	LOCAL_ONLY_HISTORICAL	HISTORICAL_PROOFPACK_PATH	NO_BROAD_UNTRACKED_COMMIT_POLICY	historical proof-pack residue intentionally excluded from current isolated commit	KEEP_LOCAL
proof_packs/BASELINE_MONITOR_MODE_2026-03-07_1300_757ae4d4c/raw/baseline_reference.txt	LOCAL_ONLY_HISTORICAL	HISTORICAL_PROOFPACK_PATH	NO_BROAD_UNTRACKED_COMMIT_POLICY	historical proof-pack residue intentionally excluded from current isolated commit	KEEP_LOCAL
proof_packs/BASELINE_MONITOR_MODE_2026-03-07_1300_757ae4d4c/raw/canon_DECLARATION.md	LOCAL_ONLY_HISTORICAL	HISTORICAL_PROOFPACK_PATH	NO_BROAD_UNTRACKED_COMMIT_POLICY	historical proof-pack residue intentionally excluded from current isolated commit	KEEP_LOCAL
proof_packs/BASELINE_MONITOR_MODE_2026-03-07_1300_757ae4d4c/raw/canon_VERDICT.md	LOCAL_ONLY_HISTORICAL	HISTORICAL_PROOFPACK_PATH	NO_BROAD_UNTRACKED_COMMIT_POLICY	historical proof-pack residue intentionally excluded from current isolated commit	KEEP_LOCAL
proof_packs/BASELINE_MONITOR_MODE_2026-03-07_1300_757ae4d4c/raw/ci_monitor_metrics.txt	LOCAL_ONLY_HISTORICAL	HISTORICAL_PROOFPACK_PATH	NO_BROAD_UNTRACKED_COMMIT_POLICY	historical proof-pack residue intentionally excluded from current isolated commit	KEEP_LOCAL
proof_packs/BASELINE_MONITOR_MODE_2026-03-07_1300_757ae4d4c/raw/ci_monitor_runs.json	LOCAL_ONLY_HISTORICAL	HISTORICAL_PROOFPACK_PATH	NO_BROAD_UNTRACKED_COMMIT_POLICY	historical proof-pack residue intentionally excluded from current isolated commit	KEEP_LOCAL
proof_packs/BASELINE_MONITOR_MODE_2026-03-07_1300_757ae4d4c/raw/drift_check_metrics.txt	LOCAL_ONLY_HISTORICAL	HISTORICAL_PROOFPACK_PATH	NO_BROAD_UNTRACKED_COMMIT_POLICY	historical proof-pack residue intentionally excluded from current isolated commit	KEEP_LOCAL
proof_packs/BASELINE_MONITOR_MODE_2026-03-07_1300_757ae4d4c/raw/entry_gate_VERDICT.md	LOCAL_ONLY_HISTORICAL	HISTORICAL_PROOFPACK_PATH	NO_BROAD_UNTRACKED_COMMIT_POLICY	historical proof-pack residue intentionally excluded from current isolated commit	KEEP_LOCAL
proof_packs/BASELINE_MONITOR_MODE_2026-03-07_1300_757ae4d4c/raw/entry_signal_monitor.txt	LOCAL_ONLY_HISTORICAL	HISTORICAL_PROOFPACK_PATH	NO_BROAD_UNTRACKED_COMMIT_POLICY	historical proof-pack residue intentionally excluded from current isolated commit	KEEP_LOCAL
proof_packs/BASELINE_MONITOR_MODE_2026-03-07_1300_757ae4d4c/raw/git_branch_show_current.txt	LOCAL_ONLY_HISTORICAL	HISTORICAL_PROOFPACK_PATH	NO_BROAD_UNTRACKED_COMMIT_POLICY	historical proof-pack residue intentionally excluded from current isolated commit	KEEP_LOCAL
proof_packs/BASELINE_MONITOR_MODE_2026-03-07_1300_757ae4d4c/raw/git_log_10_oneline.txt	LOCAL_ONLY_HISTORICAL	HISTORICAL_PROOFPACK_PATH	NO_BROAD_UNTRACKED_COMMIT_POLICY	historical proof-pack residue intentionally excluded from current isolated commit	KEEP_LOCAL
proof_packs/BASELINE_MONITOR_MODE_2026-03-07_1300_757ae4d4c/raw/git_rev_parse_short.txt	LOCAL_ONLY_HISTORICAL	HISTORICAL_PROOFPACK_PATH	NO_BROAD_UNTRACKED_COMMIT_POLICY	historical proof-pack residue intentionally excluded from current isolated commit	KEEP_LOCAL
proof_packs/BASELINE_MONITOR_MODE_2026-03-07_1300_757ae4d4c/raw/git_status_short.txt	LOCAL_ONLY_HISTORICAL	HISTORICAL_PROOFPACK_PATH	NO_BROAD_UNTRACKED_COMMIT_POLICY	historical proof-pack residue intentionally excluded from current isolated commit	KEEP_LOCAL
proof_packs/BASELINE_MONITOR_MODE_2026-03-07_1300_757ae4d4c/raw/monitor_decision_eval.txt	LOCAL_ONLY_HISTORICAL	HISTORICAL_PROOFPACK_PATH	NO_BROAD_UNTRACKED_COMMIT_POLICY	historical proof-pack residue intentionally excluded from current isolated commit	KEEP_LOCAL
proof_packs/BASELINE_MONITOR_MODE_2026-03-07_1300_757ae4d4c/raw/workspace_monitor_metrics.txt	LOCAL_ONLY_HISTORICAL	HISTORICAL_PROOFPACK_PATH	NO_BROAD_UNTRACKED_COMMIT_POLICY	historical proof-pack residue intentionally excluded from current isolated commit	KEEP_LOCAL
proof_packs/BASELINE_MONITOR_MODE_2026-03-07_1300_757ae4d4c/ROLLBACK.md	LOCAL_ONLY_HISTORICAL	HISTORICAL_PROOFPACK_PATH	NO_BROAD_UNTRACKED_COMMIT_POLICY	historical proof-pack residue intentionally excluded from current isolated commit	KEEP_LOCAL
proof_packs/BASELINE_MONITOR_MODE_2026-03-07_1300_757ae4d4c/VERDICT.md	LOCAL_ONLY_HISTORICAL	HISTORICAL_PROOFPACK_PATH	NO_BROAD_UNTRACKED_COMMIT_POLICY	historical proof-pack residue intentionally excluded from current isolated commit	KEEP_LOCAL
proof_packs/COMMIT_BOUNDARY_2026-03-07_1602_0af062e88/00_EXEC_SUMMARY.md	LOCAL_ONLY_HISTORICAL	HISTORICAL_PROOFPACK_PATH	NO_BROAD_UNTRACKED_COMMIT_POLICY	historical proof-pack residue intentionally excluded from current isolated commit	KEEP_LOCAL
proof_packs/COMMIT_BOUNDARY_2026-03-07_1602_0af062e88/01_BOOTSTRAP.md	LOCAL_ONLY_HISTORICAL	HISTORICAL_PROOFPACK_PATH	NO_BROAD_UNTRACKED_COMMIT_POLICY	historical proof-pack residue intentionally excluded from current isolated commit	KEEP_LOCAL
proof_packs/COMMIT_BOUNDARY_2026-03-07_1602_0af062e88/02_SCOPE_FREEZE.md	LOCAL_ONLY_HISTORICAL	HISTORICAL_PROOFPACK_PATH	NO_BROAD_UNTRACKED_COMMIT_POLICY	historical proof-pack residue intentionally excluded from current isolated commit	KEEP_LOCAL
proof_packs/COMMIT_BOUNDARY_2026-03-07_1602_0af062e88/03_BOUNDARY_SOURCE_LOAD.md	LOCAL_ONLY_HISTORICAL	HISTORICAL_PROOFPACK_PATH	NO_BROAD_UNTRACKED_COMMIT_POLICY	historical proof-pack residue intentionally excluded from current isolated commit	KEEP_LOCAL
proof_packs/COMMIT_BOUNDARY_2026-03-07_1602_0af062e88/04_DIRTY_PATH_BUCKET_MAP.md	LOCAL_ONLY_HISTORICAL	HISTORICAL_PROOFPACK_PATH	NO_BROAD_UNTRACKED_COMMIT_POLICY	historical proof-pack residue intentionally excluded from current isolated commit	KEEP_LOCAL
proof_packs/COMMIT_BOUNDARY_2026-03-07_1602_0af062e88/05_STAGE_DRY_RUN_PROOF.md	LOCAL_ONLY_HISTORICAL	HISTORICAL_PROOFPACK_PATH	NO_BROAD_UNTRACKED_COMMIT_POLICY	historical proof-pack residue intentionally excluded from current isolated commit	KEEP_LOCAL
proof_packs/COMMIT_BOUNDARY_2026-03-07_1602_0af062e88/06_STAGING_EXECUTION.md	LOCAL_ONLY_HISTORICAL	HISTORICAL_PROOFPACK_PATH	NO_BROAD_UNTRACKED_COMMIT_POLICY	historical proof-pack residue intentionally excluded from current isolated commit	KEEP_LOCAL
proof_packs/COMMIT_BOUNDARY_2026-03-07_1602_0af062e88/07_COMMIT_EXECUTION.md	LOCAL_ONLY_HISTORICAL	HISTORICAL_PROOFPACK_PATH	NO_BROAD_UNTRACKED_COMMIT_POLICY	historical proof-pack residue intentionally excluded from current isolated commit	KEEP_LOCAL
proof_packs/COMMIT_BOUNDARY_2026-03-07_1602_0af062e88/08_READINESS_RECALC.md	LOCAL_ONLY_HISTORICAL	HISTORICAL_PROOFPACK_PATH	NO_BROAD_UNTRACKED_COMMIT_POLICY	historical proof-pack residue intentionally excluded from current isolated commit	KEEP_LOCAL
proof_packs/COMMIT_BOUNDARY_2026-03-07_1602_0af062e88/09_PUSH_READINESS.md	LOCAL_ONLY_HISTORICAL	HISTORICAL_PROOFPACK_PATH	NO_BROAD_UNTRACKED_COMMIT_POLICY	historical proof-pack residue intentionally excluded from current isolated commit	KEEP_LOCAL
proof_packs/COMMIT_BOUNDARY_2026-03-07_1602_0af062e88/10_COUNTER_AUDIT.md	LOCAL_ONLY_HISTORICAL	HISTORICAL_PROOFPACK_PATH	NO_BROAD_UNTRACKED_COMMIT_POLICY	historical proof-pack residue intentionally excluded from current isolated commit	KEEP_LOCAL
proof_packs/COMMIT_BOUNDARY_2026-03-07_1602_0af062e88/11_ROLLBACK.md	LOCAL_ONLY_HISTORICAL	HISTORICAL_PROOFPACK_PATH	NO_BROAD_UNTRACKED_COMMIT_POLICY	historical proof-pack residue intentionally excluded from current isolated commit	KEEP_LOCAL
proof_packs/COMMIT_BOUNDARY_2026-03-07_1602_0af062e88/12_FINAL_VERDICT.md	LOCAL_ONLY_HISTORICAL	HISTORICAL_PROOFPACK_PATH	NO_BROAD_UNTRACKED_COMMIT_POLICY	historical proof-pack residue intentionally excluded from current isolated commit	KEEP_LOCAL
proof_packs/COMMIT_BOUNDARY_2026-03-07_1602_0af062e88/NEXT_ACTION.md	LOCAL_ONLY_HISTORICAL	HISTORICAL_PROOFPACK_PATH	NO_BROAD_UNTRACKED_COMMIT_POLICY	historical proof-pack residue intentionally excluded from current isolated commit	KEEP_LOCAL
proof_packs/COMMIT_BOUNDARY_2026-03-07_1602_0af062e88/raw/bootstrap_utc.txt	LOCAL_ONLY_HISTORICAL	HISTORICAL_PROOFPACK_PATH	NO_BROAD_UNTRACKED_COMMIT_POLICY	historical proof-pack residue intentionally excluded from current isolated commit	KEEP_LOCAL
proof_packs/COMMIT_BOUNDARY_2026-03-07_1602_0af062e88/raw/commit_bucket_A_changed_files.txt	LOCAL_ONLY_HISTORICAL	HISTORICAL_PROOFPACK_PATH	NO_BROAD_UNTRACKED_COMMIT_POLICY	historical proof-pack residue intentionally excluded from current isolated commit	KEEP_LOCAL
proof_packs/COMMIT_BOUNDARY_2026-03-07_1602_0af062e88/raw/commit_bucket_A.hash	LOCAL_ONLY_HISTORICAL	HISTORICAL_PROOFPACK_PATH	NO_BROAD_UNTRACKED_COMMIT_POLICY	historical proof-pack residue intentionally excluded from current isolated commit	KEEP_LOCAL
proof_packs/COMMIT_BOUNDARY_2026-03-07_1602_0af062e88/raw/commit_bucket_A.result	LOCAL_ONLY_HISTORICAL	HISTORICAL_PROOFPACK_PATH	NO_BROAD_UNTRACKED_COMMIT_POLICY	historical proof-pack residue intentionally excluded from current isolated commit	KEEP_LOCAL
proof_packs/COMMIT_BOUNDARY_2026-03-07_1602_0af062e88/raw/counter_audit_counts.env	LOCAL_ONLY_HISTORICAL	HISTORICAL_PROOFPACK_PATH	NO_BROAD_UNTRACKED_COMMIT_POLICY	historical proof-pack residue intentionally excluded from current isolated commit	KEEP_LOCAL
proof_packs/COMMIT_BOUNDARY_2026-03-07_1602_0af062e88/raw/counter_audit_inventory.env	LOCAL_ONLY_HISTORICAL	HISTORICAL_PROOFPACK_PATH	NO_BROAD_UNTRACKED_COMMIT_POLICY	historical proof-pack residue intentionally excluded from current isolated commit	KEEP_LOCAL
proof_packs/COMMIT_BOUNDARY_2026-03-07_1602_0af062e88/raw/dirty_path_bucket_map.tsv	LOCAL_ONLY_HISTORICAL	HISTORICAL_PROOFPACK_PATH	NO_BROAD_UNTRACKED_COMMIT_POLICY	historical proof-pack residue intentionally excluded from current isolated commit	KEEP_LOCAL
proof_packs/COMMIT_BOUNDARY_2026-03-07_1602_0af062e88/raw/dirty_path_bucket_stats.env	LOCAL_ONLY_HISTORICAL	HISTORICAL_PROOFPACK_PATH	NO_BROAD_UNTRACKED_COMMIT_POLICY	historical proof-pack residue intentionally excluded from current isolated commit	KEEP_LOCAL
proof_packs/COMMIT_BOUNDARY_2026-03-07_1602_0af062e88/raw/final_head_short.txt	LOCAL_ONLY_HISTORICAL	HISTORICAL_PROOFPACK_PATH	NO_BROAD_UNTRACKED_COMMIT_POLICY	historical proof-pack residue intentionally excluded from current isolated commit	KEEP_LOCAL
proof_packs/COMMIT_BOUNDARY_2026-03-07_1602_0af062e88/raw/final_status_counts.env	LOCAL_ONLY_HISTORICAL	HISTORICAL_PROOFPACK_PATH	NO_BROAD_UNTRACKED_COMMIT_POLICY	historical proof-pack residue intentionally excluded from current isolated commit	KEEP_LOCAL
proof_packs/COMMIT_BOUNDARY_2026-03-07_1602_0af062e88/raw/final_status_sb.txt	LOCAL_ONLY_HISTORICAL	HISTORICAL_PROOFPACK_PATH	NO_BROAD_UNTRACKED_COMMIT_POLICY	historical proof-pack residue intentionally excluded from current isolated commit	KEEP_LOCAL
proof_packs/COMMIT_BOUNDARY_2026-03-07_1602_0af062e88/raw/final_status_short.txt	LOCAL_ONLY_HISTORICAL	HISTORICAL_PROOFPACK_PATH	NO_BROAD_UNTRACKED_COMMIT_POLICY	historical proof-pack residue intentionally excluded from current isolated commit	KEEP_LOCAL
proof_packs/COMMIT_BOUNDARY_2026-03-07_1602_0af062e88/raw/git_diff_cached_name_only.txt	LOCAL_ONLY_HISTORICAL	HISTORICAL_PROOFPACK_PATH	NO_BROAD_UNTRACKED_COMMIT_POLICY	historical proof-pack residue intentionally excluded from current isolated commit	KEEP_LOCAL
proof_packs/COMMIT_BOUNDARY_2026-03-07_1602_0af062e88/raw/git_diff_name_only.txt	LOCAL_ONLY_HISTORICAL	HISTORICAL_PROOFPACK_PATH	NO_BROAD_UNTRACKED_COMMIT_POLICY	historical proof-pack residue intentionally excluded from current isolated commit	KEEP_LOCAL
proof_packs/COMMIT_BOUNDARY_2026-03-07_1602_0af062e88/raw/git_log_20_oneline.txt	LOCAL_ONLY_HISTORICAL	HISTORICAL_PROOFPACK_PATH	NO_BROAD_UNTRACKED_COMMIT_POLICY	historical proof-pack residue intentionally excluded from current isolated commit	KEEP_LOCAL
proof_packs/COMMIT_BOUNDARY_2026-03-07_1602_0af062e88/raw/git_rev_parse_short.txt	LOCAL_ONLY_HISTORICAL	HISTORICAL_PROOFPACK_PATH	NO_BROAD_UNTRACKED_COMMIT_POLICY	historical proof-pack residue intentionally excluded from current isolated commit	KEEP_LOCAL
proof_packs/COMMIT_BOUNDARY_2026-03-07_1602_0af062e88/raw/git_status_after_stage_bucket_A.txt	LOCAL_ONLY_HISTORICAL	HISTORICAL_PROOFPACK_PATH	NO_BROAD_UNTRACKED_COMMIT_POLICY	historical proof-pack residue intentionally excluded from current isolated commit	KEEP_LOCAL
proof_packs/COMMIT_BOUNDARY_2026-03-07_1602_0af062e88/raw/git_status_short.txt	LOCAL_ONLY_HISTORICAL	HISTORICAL_PROOFPACK_PATH	NO_BROAD_UNTRACKED_COMMIT_POLICY	historical proof-pack residue intentionally excluded from current isolated commit	KEEP_LOCAL
proof_packs/COMMIT_BOUNDARY_2026-03-07_1602_0af062e88/raw/git_status.txt	LOCAL_ONLY_HISTORICAL	HISTORICAL_PROOFPACK_PATH	NO_BROAD_UNTRACKED_COMMIT_POLICY	historical proof-pack residue intentionally excluded from current isolated commit	KEEP_LOCAL
proof_packs/COMMIT_BOUNDARY_2026-03-07_1602_0af062e88/raw/postboundary_gate_results.env	LOCAL_ONLY_HISTORICAL	HISTORICAL_PROOFPACK_PATH	NO_BROAD_UNTRACKED_COMMIT_POLICY	historical proof-pack residue intentionally excluded from current isolated commit	KEEP_LOCAL
proof_packs/COMMIT_BOUNDARY_2026-03-07_1602_0af062e88/raw/post_commit_cached_names.txt	LOCAL_ONLY_HISTORICAL	HISTORICAL_PROOFPACK_PATH	NO_BROAD_UNTRACKED_COMMIT_POLICY	historical proof-pack residue intentionally excluded from current isolated commit	KEEP_LOCAL
proof_packs/COMMIT_BOUNDARY_2026-03-07_1602_0af062e88/raw/post_commit_status_sb.txt	LOCAL_ONLY_HISTORICAL	HISTORICAL_PROOFPACK_PATH	NO_BROAD_UNTRACKED_COMMIT_POLICY	historical proof-pack residue intentionally excluded from current isolated commit	KEEP_LOCAL
proof_packs/COMMIT_BOUNDARY_2026-03-07_1602_0af062e88/raw/post_commit_status_short_fresh.txt	LOCAL_ONLY_HISTORICAL	HISTORICAL_PROOFPACK_PATH	NO_BROAD_UNTRACKED_COMMIT_POLICY	historical proof-pack residue intentionally excluded from current isolated commit	KEEP_LOCAL
proof_packs/COMMIT_BOUNDARY_2026-03-07_1602_0af062e88/raw/post_commit_status_short.txt	LOCAL_ONLY_HISTORICAL	HISTORICAL_PROOFPACK_PATH	NO_BROAD_UNTRACKED_COMMIT_POLICY	historical proof-pack residue intentionally excluded from current isolated commit	KEEP_LOCAL
proof_packs/COMMIT_BOUNDARY_2026-03-07_1602_0af062e88/raw/push_readiness_branch.env	LOCAL_ONLY_HISTORICAL	HISTORICAL_PROOFPACK_PATH	NO_BROAD_UNTRACKED_COMMIT_POLICY	historical proof-pack residue intentionally excluded from current isolated commit	KEEP_LOCAL
proof_packs/COMMIT_BOUNDARY_2026-03-07_1602_0af062e88/raw/readiness_recalc_counts.env	LOCAL_ONLY_HISTORICAL	HISTORICAL_PROOFPACK_PATH	NO_BROAD_UNTRACKED_COMMIT_POLICY	historical proof-pack residue intentionally excluded from current isolated commit	KEEP_LOCAL
proof_packs/COMMIT_BOUNDARY_2026-03-07_1602_0af062e88/raw/staged_bucket_A_contamination_check.txt	LOCAL_ONLY_HISTORICAL	HISTORICAL_PROOFPACK_PATH	NO_BROAD_UNTRACKED_COMMIT_POLICY	historical proof-pack residue intentionally excluded from current isolated commit	KEEP_LOCAL
proof_packs/COMMIT_BOUNDARY_2026-03-07_1602_0af062e88/raw/staged_bucket_A_names.txt	LOCAL_ONLY_HISTORICAL	HISTORICAL_PROOFPACK_PATH	NO_BROAD_UNTRACKED_COMMIT_POLICY	historical proof-pack residue intentionally excluded from current isolated commit	KEEP_LOCAL
proof_packs/COMMIT_BOUNDARY_2026-03-07_1602_0af062e88/raw/staging_bucket_A_result.txt	LOCAL_ONLY_HISTORICAL	HISTORICAL_PROOFPACK_PATH	NO_BROAD_UNTRACKED_COMMIT_POLICY	historical proof-pack residue intentionally excluded from current isolated commit	KEEP_LOCAL
proof_packs/COMMIT_BOUNDARY_2026-03-07_1602_0af062e88/ROOT_CAUSE.md	LOCAL_ONLY_HISTORICAL	HISTORICAL_PROOFPACK_PATH	NO_BROAD_UNTRACKED_COMMIT_POLICY	historical proof-pack residue intentionally excluded from current isolated commit	KEEP_LOCAL
proof_packs/DOCTRINE_RESOLUTION_PROOF_PACKS_2026-03-07_1225_757ae4d4c/00_EXEC_SUMMARY.md	LOCAL_ONLY_HISTORICAL	HISTORICAL_PROOFPACK_PATH	NO_BROAD_UNTRACKED_COMMIT_POLICY	historical proof-pack residue intentionally excluded from current isolated commit	KEEP_LOCAL
proof_packs/DOCTRINE_RESOLUTION_PROOF_PACKS_2026-03-07_1225_757ae4d4c/01_BOOTSTRAP.md	LOCAL_ONLY_HISTORICAL	HISTORICAL_PROOFPACK_PATH	NO_BROAD_UNTRACKED_COMMIT_POLICY	historical proof-pack residue intentionally excluded from current isolated commit	KEEP_LOCAL
proof_packs/DOCTRINE_RESOLUTION_PROOF_PACKS_2026-03-07_1225_757ae4d4c/02_BASELINE_ACTIVE.md	LOCAL_ONLY_HISTORICAL	HISTORICAL_PROOFPACK_PATH	NO_BROAD_UNTRACKED_COMMIT_POLICY	historical proof-pack residue intentionally excluded from current isolated commit	KEEP_LOCAL
proof_packs/DOCTRINE_RESOLUTION_PROOF_PACKS_2026-03-07_1225_757ae4d4c/03_DOCTRINE_SOURCE_MAP.md	LOCAL_ONLY_HISTORICAL	HISTORICAL_PROOFPACK_PATH	NO_BROAD_UNTRACKED_COMMIT_POLICY	historical proof-pack residue intentionally excluded from current isolated commit	KEEP_LOCAL
proof_packs/DOCTRINE_RESOLUTION_PROOF_PACKS_2026-03-07_1225_757ae4d4c/04_AUTHORITY_HIERARCHY.md	LOCAL_ONLY_HISTORICAL	HISTORICAL_PROOFPACK_PATH	NO_BROAD_UNTRACKED_COMMIT_POLICY	historical proof-pack residue intentionally excluded from current isolated commit	KEEP_LOCAL
proof_packs/DOCTRINE_RESOLUTION_PROOF_PACKS_2026-03-07_1225_757ae4d4c/05_CONTRADICTION_MATRIX.md	LOCAL_ONLY_HISTORICAL	HISTORICAL_PROOFPACK_PATH	NO_BROAD_UNTRACKED_COMMIT_POLICY	historical proof-pack residue intentionally excluded from current isolated commit	KEEP_LOCAL
proof_packs/DOCTRINE_RESOLUTION_PROOF_PACKS_2026-03-07_1225_757ae4d4c/06_CANON_CANDIDATES.md	LOCAL_ONLY_HISTORICAL	HISTORICAL_PROOFPACK_PATH	NO_BROAD_UNTRACKED_COMMIT_POLICY	historical proof-pack residue intentionally excluded from current isolated commit	KEEP_LOCAL
proof_packs/DOCTRINE_RESOLUTION_PROOF_PACKS_2026-03-07_1225_757ae4d4c/07_DECISION_RULE.md	LOCAL_ONLY_HISTORICAL	HISTORICAL_PROOFPACK_PATH	NO_BROAD_UNTRACKED_COMMIT_POLICY	historical proof-pack residue intentionally excluded from current isolated commit	KEEP_LOCAL
proof_packs/DOCTRINE_RESOLUTION_PROOF_PACKS_2026-03-07_1225_757ae4d4c/08_IMPLEMENTATION_IMPACT.md	LOCAL_ONLY_HISTORICAL	HISTORICAL_PROOFPACK_PATH	NO_BROAD_UNTRACKED_COMMIT_POLICY	historical proof-pack residue intentionally excluded from current isolated commit	KEEP_LOCAL
proof_packs/DOCTRINE_RESOLUTION_PROOF_PACKS_2026-03-07_1225_757ae4d4c/09_RESIDUAL_RISKS.md	LOCAL_ONLY_HISTORICAL	HISTORICAL_PROOFPACK_PATH	NO_BROAD_UNTRACKED_COMMIT_POLICY	historical proof-pack residue intentionally excluded from current isolated commit	KEEP_LOCAL
proof_packs/DOCTRINE_RESOLUTION_PROOF_PACKS_2026-03-07_1225_757ae4d4c/10_ROLLBACK.md	LOCAL_ONLY_HISTORICAL	HISTORICAL_PROOFPACK_PATH	NO_BROAD_UNTRACKED_COMMIT_POLICY	historical proof-pack residue intentionally excluded from current isolated commit	KEEP_LOCAL
proof_packs/DOCTRINE_RESOLUTION_PROOF_PACKS_2026-03-07_1225_757ae4d4c/11_FINAL_DECISION.md	LOCAL_ONLY_HISTORICAL	HISTORICAL_PROOFPACK_PATH	NO_BROAD_UNTRACKED_COMMIT_POLICY	historical proof-pack residue intentionally excluded from current isolated commit	KEEP_LOCAL
proof_packs/DOCTRINE_RESOLUTION_PROOF_PACKS_2026-03-07_1225_757ae4d4c/ARTIFACTS_INDEX.md	LOCAL_ONLY_HISTORICAL	HISTORICAL_PROOFPACK_PATH	NO_BROAD_UNTRACKED_COMMIT_POLICY	historical proof-pack residue intentionally excluded from current isolated commit	KEEP_LOCAL
proof_packs/DOCTRINE_RESOLUTION_PROOF_PACKS_2026-03-07_1225_757ae4d4c/raw/baseline_11_FINAL_DECISION.md	LOCAL_ONLY_HISTORICAL	HISTORICAL_PROOFPACK_PATH	NO_BROAD_UNTRACKED_COMMIT_POLICY	historical proof-pack residue intentionally excluded from current isolated commit	KEEP_LOCAL
proof_packs/DOCTRINE_RESOLUTION_PROOF_PACKS_2026-03-07_1225_757ae4d4c/raw/baseline_pack_exists.txt	LOCAL_ONLY_HISTORICAL	HISTORICAL_PROOFPACK_PATH	NO_BROAD_UNTRACKED_COMMIT_POLICY	historical proof-pack residue intentionally excluded from current isolated commit	KEEP_LOCAL
proof_packs/DOCTRINE_RESOLUTION_PROOF_PACKS_2026-03-07_1225_757ae4d4c/raw/baseline_recheck_detect_recurrence.exit	LOCAL_ONLY_HISTORICAL	HISTORICAL_PROOFPACK_PATH	NO_BROAD_UNTRACKED_COMMIT_POLICY	historical proof-pack residue intentionally excluded from current isolated commit	KEEP_LOCAL
proof_packs/DOCTRINE_RESOLUTION_PROOF_PACKS_2026-03-07_1225_757ae4d4c/raw/baseline_recheck_verify_instructions.exit	LOCAL_ONLY_HISTORICAL	HISTORICAL_PROOFPACK_PATH	NO_BROAD_UNTRACKED_COMMIT_POLICY	historical proof-pack residue intentionally excluded from current isolated commit	KEEP_LOCAL
proof_packs/DOCTRINE_RESOLUTION_PROOF_PACKS_2026-03-07_1225_757ae4d4c/raw/baseline_VERDICT.md	LOCAL_ONLY_HISTORICAL	HISTORICAL_PROOFPACK_PATH	NO_BROAD_UNTRACKED_COMMIT_POLICY	historical proof-pack residue intentionally excluded from current isolated commit	KEEP_LOCAL
proof_packs/DOCTRINE_RESOLUTION_PROOF_PACKS_2026-03-07_1225_757ae4d4c/raw/ci_runs_for_head.json	LOCAL_ONLY_HISTORICAL	HISTORICAL_PROOFPACK_PATH	NO_BROAD_UNTRACKED_COMMIT_POLICY	historical proof-pack residue intentionally excluded from current isolated commit	KEEP_LOCAL
proof_packs/DOCTRINE_RESOLUTION_PROOF_PACKS_2026-03-07_1225_757ae4d4c/raw/final_state_snapshot.txt	LOCAL_ONLY_HISTORICAL	HISTORICAL_PROOFPACK_PATH	NO_BROAD_UNTRACKED_COMMIT_POLICY	historical proof-pack residue intentionally excluded from current isolated commit	KEEP_LOCAL
proof_packs/DOCTRINE_RESOLUTION_PROOF_PACKS_2026-03-07_1225_757ae4d4c/raw/git_branch_show_current.txt	LOCAL_ONLY_HISTORICAL	HISTORICAL_PROOFPACK_PATH	NO_BROAD_UNTRACKED_COMMIT_POLICY	historical proof-pack residue intentionally excluded from current isolated commit	KEEP_LOCAL
proof_packs/DOCTRINE_RESOLUTION_PROOF_PACKS_2026-03-07_1225_757ae4d4c/raw/git_diff_cached_name_only.txt	LOCAL_ONLY_HISTORICAL	HISTORICAL_PROOFPACK_PATH	NO_BROAD_UNTRACKED_COMMIT_POLICY	historical proof-pack residue intentionally excluded from current isolated commit	KEEP_LOCAL
proof_packs/DOCTRINE_RESOLUTION_PROOF_PACKS_2026-03-07_1225_757ae4d4c/raw/git_diff_counts.txt	LOCAL_ONLY_HISTORICAL	HISTORICAL_PROOFPACK_PATH	NO_BROAD_UNTRACKED_COMMIT_POLICY	historical proof-pack residue intentionally excluded from current isolated commit	KEEP_LOCAL
proof_packs/DOCTRINE_RESOLUTION_PROOF_PACKS_2026-03-07_1225_757ae4d4c/raw/git_diff_name_only.txt	LOCAL_ONLY_HISTORICAL	HISTORICAL_PROOFPACK_PATH	NO_BROAD_UNTRACKED_COMMIT_POLICY	historical proof-pack residue intentionally excluded from current isolated commit	KEEP_LOCAL
proof_packs/DOCTRINE_RESOLUTION_PROOF_PACKS_2026-03-07_1225_757ae4d4c/raw/git_log_10_oneline.txt	LOCAL_ONLY_HISTORICAL	HISTORICAL_PROOFPACK_PATH	NO_BROAD_UNTRACKED_COMMIT_POLICY	historical proof-pack residue intentionally excluded from current isolated commit	KEEP_LOCAL
proof_packs/DOCTRINE_RESOLUTION_PROOF_PACKS_2026-03-07_1225_757ae4d4c/raw/git_rev_parse_short.txt	LOCAL_ONLY_HISTORICAL	HISTORICAL_PROOFPACK_PATH	NO_BROAD_UNTRACKED_COMMIT_POLICY	historical proof-pack residue intentionally excluded from current isolated commit	KEEP_LOCAL
proof_packs/DOCTRINE_RESOLUTION_PROOF_PACKS_2026-03-07_1225_757ae4d4c/raw/git_status_short.txt	LOCAL_ONLY_HISTORICAL	HISTORICAL_PROOFPACK_PATH	NO_BROAD_UNTRACKED_COMMIT_POLICY	historical proof-pack residue intentionally excluded from current isolated commit	KEEP_LOCAL
proof_packs/DOCTRINE_RESOLUTION_PROOF_PACKS_2026-03-07_1225_757ae4d4c/raw/metric_ci_head_nonsuccess.txt	LOCAL_ONLY_HISTORICAL	HISTORICAL_PROOFPACK_PATH	NO_BROAD_UNTRACKED_COMMIT_POLICY	historical proof-pack residue intentionally excluded from current isolated commit	KEEP_LOCAL
proof_packs/DOCTRINE_RESOLUTION_PROOF_PACKS_2026-03-07_1225_757ae4d4c/raw/metric_ci_head_success.txt	LOCAL_ONLY_HISTORICAL	HISTORICAL_PROOFPACK_PATH	NO_BROAD_UNTRACKED_COMMIT_POLICY	historical proof-pack residue intentionally excluded from current isolated commit	KEEP_LOCAL
proof_packs/DOCTRINE_RESOLUTION_PROOF_PACKS_2026-03-07_1225_757ae4d4c/raw/metric_ci_head_total.txt	LOCAL_ONLY_HISTORICAL	HISTORICAL_PROOFPACK_PATH	NO_BROAD_UNTRACKED_COMMIT_POLICY	historical proof-pack residue intentionally excluded from current isolated commit	KEEP_LOCAL
proof_packs/DOCTRINE_RESOLUTION_PROOF_PACKS_2026-03-07_1225_757ae4d4c/raw/proof_packs_tracked_dirs.txt	LOCAL_ONLY_HISTORICAL	HISTORICAL_PROOFPACK_PATH	NO_BROAD_UNTRACKED_COMMIT_POLICY	historical proof-pack residue intentionally excluded from current isolated commit	KEEP_LOCAL
proof_packs/DOCTRINE_RESOLUTION_PROOF_PACKS_2026-03-07_1225_757ae4d4c/raw/proof_packs_untracked_dirs_status.txt	LOCAL_ONLY_HISTORICAL	HISTORICAL_PROOFPACK_PATH	NO_BROAD_UNTRACKED_COMMIT_POLICY	historical proof-pack residue intentionally excluded from current isolated commit	KEEP_LOCAL
proof_packs/DOCTRINE_RESOLUTION_PROOF_PACKS_2026-03-07_1225_757ae4d4c/raw/proof_pack_tracking_counts.txt	LOCAL_ONLY_HISTORICAL	HISTORICAL_PROOFPACK_PATH	NO_BROAD_UNTRACKED_COMMIT_POLICY	historical proof-pack residue intentionally excluded from current isolated commit	KEEP_LOCAL
proof_packs/DOCTRINE_RESOLUTION_PROOF_PACKS_2026-03-07_1225_757ae4d4c/raw/recheck_detect_recurrence.exit	LOCAL_ONLY_HISTORICAL	HISTORICAL_PROOFPACK_PATH	NO_BROAD_UNTRACKED_COMMIT_POLICY	historical proof-pack residue intentionally excluded from current isolated commit	KEEP_LOCAL
proof_packs/DOCTRINE_RESOLUTION_PROOF_PACKS_2026-03-07_1225_757ae4d4c/raw/recheck_detect_recurrence.txt	LOCAL_ONLY_HISTORICAL	HISTORICAL_PROOFPACK_PATH	NO_BROAD_UNTRACKED_COMMIT_POLICY	historical proof-pack residue intentionally excluded from current isolated commit	KEEP_LOCAL
proof_packs/DOCTRINE_RESOLUTION_PROOF_PACKS_2026-03-07_1225_757ae4d4c/raw/recheck_verify_instructions.exit	LOCAL_ONLY_HISTORICAL	HISTORICAL_PROOFPACK_PATH	NO_BROAD_UNTRACKED_COMMIT_POLICY	historical proof-pack residue intentionally excluded from current isolated commit	KEEP_LOCAL
proof_packs/DOCTRINE_RESOLUTION_PROOF_PACKS_2026-03-07_1225_757ae4d4c/raw/recheck_verify_instructions.txt	LOCAL_ONLY_HISTORICAL	HISTORICAL_PROOFPACK_PATH	NO_BROAD_UNTRACKED_COMMIT_POLICY	historical proof-pack residue intentionally excluded from current isolated commit	KEEP_LOCAL
proof_packs/DOCTRINE_RESOLUTION_PROOF_PACKS_2026-03-07_1225_757ae4d4c/raw/source__copilot_instructions.md	LOCAL_ONLY_HISTORICAL	HISTORICAL_PROOFPACK_PATH	NO_BROAD_UNTRACKED_COMMIT_POLICY	historical proof-pack residue intentionally excluded from current isolated commit	KEEP_LOCAL
proof_packs/DOCTRINE_RESOLUTION_PROOF_PACKS_2026-03-07_1225_757ae4d4c/raw/source__detect_recurrence.sh	LOCAL_ONLY_HISTORICAL	HISTORICAL_PROOFPACK_PATH	NO_BROAD_UNTRACKED_COMMIT_POLICY	historical proof-pack residue intentionally excluded from current isolated commit	KEEP_LOCAL
proof_packs/DOCTRINE_RESOLUTION_PROOF_PACKS_2026-03-07_1225_757ae4d4c/raw/source__docs_registry.instructions.md	LOCAL_ONLY_HISTORICAL	HISTORICAL_PROOFPACK_PATH	NO_BROAD_UNTRACKED_COMMIT_POLICY	historical proof-pack residue intentionally excluded from current isolated commit	KEEP_LOCAL
proof_packs/DOCTRINE_RESOLUTION_PROOF_PACKS_2026-03-07_1225_757ae4d4c/raw/source__.gitignore	LOCAL_ONLY_HISTORICAL	HISTORICAL_PROOFPACK_PATH	NO_BROAD_UNTRACKED_COMMIT_POLICY	historical proof-pack residue intentionally excluded from current isolated commit	KEEP_LOCAL
proof_packs/DOCTRINE_RESOLUTION_PROOF_PACKS_2026-03-07_1225_757ae4d4c/raw/source__lib_cert.sh	LOCAL_ONLY_HISTORICAL	HISTORICAL_PROOFPACK_PATH	NO_BROAD_UNTRACKED_COMMIT_POLICY	historical proof-pack residue intentionally excluded from current isolated commit	KEEP_LOCAL
proof_packs/DOCTRINE_RESOLUTION_PROOF_PACKS_2026-03-07_1225_757ae4d4c/raw/source__package_registry_scripts.txt	LOCAL_ONLY_HISTORICAL	HISTORICAL_PROOFPACK_PATH	NO_BROAD_UNTRACKED_COMMIT_POLICY	historical proof-pack residue intentionally excluded from current isolated commit	KEEP_LOCAL
proof_packs/DOCTRINE_RESOLUTION_PROOF_PACKS_2026-03-07_1225_757ae4d4c/raw/source__README.md	LOCAL_ONLY_HISTORICAL	HISTORICAL_PROOFPACK_PATH	NO_BROAD_UNTRACKED_COMMIT_POLICY	historical proof-pack residue intentionally excluded from current isolated commit	KEEP_LOCAL
proof_packs/DOCTRINE_RESOLUTION_PROOF_PACKS_2026-03-07_1225_757ae4d4c/raw/source__registry-integrity.js	LOCAL_ONLY_HISTORICAL	HISTORICAL_PROOFPACK_PATH	NO_BROAD_UNTRACKED_COMMIT_POLICY	historical proof-pack residue intentionally excluded from current isolated commit	KEEP_LOCAL
proof_packs/DOCTRINE_RESOLUTION_PROOF_PACKS_2026-03-07_1225_757ae4d4c/raw/source__registry-quality.js	LOCAL_ONLY_HISTORICAL	HISTORICAL_PROOFPACK_PATH	NO_BROAD_UNTRACKED_COMMIT_POLICY	historical proof-pack residue intentionally excluded from current isolated commit	KEEP_LOCAL
proof_packs/DOCTRINE_RESOLUTION_PROOF_PACKS_2026-03-07_1225_757ae4d4c/raw/source__registry_scripts_proofpack_markers.txt	LOCAL_ONLY_HISTORICAL	HISTORICAL_PROOFPACK_PATH	NO_BROAD_UNTRACKED_COMMIT_POLICY	historical proof-pack residue intentionally excluded from current isolated commit	KEEP_LOCAL
proof_packs/DOCTRINE_RESOLUTION_PROOF_PACKS_2026-03-07_1225_757ae4d4c/raw/source__registry-sync.js	LOCAL_ONLY_HISTORICAL	HISTORICAL_PROOFPACK_PATH	NO_BROAD_UNTRACKED_COMMIT_POLICY	historical proof-pack residue intentionally excluded from current isolated commit	KEEP_LOCAL
proof_packs/DOCTRINE_RESOLUTION_PROOF_PACKS_2026-03-07_1225_757ae4d4c/raw/source__run-p10-desktop-cert.sh	LOCAL_ONLY_HISTORICAL	HISTORICAL_PROOFPACK_PATH	NO_BROAD_UNTRACKED_COMMIT_POLICY	historical proof-pack residue intentionally excluded from current isolated commit	KEEP_LOCAL
proof_packs/DOCTRINE_RESOLUTION_PROOF_PACKS_2026-03-07_1225_757ae4d4c/raw/source_scan_focused_rg.txt	LOCAL_ONLY_HISTORICAL	HISTORICAL_PROOFPACK_PATH	NO_BROAD_UNTRACKED_COMMIT_POLICY	historical proof-pack residue intentionally excluded from current isolated commit	KEEP_LOCAL
proof_packs/DOCTRINE_RESOLUTION_PROOF_PACKS_2026-03-07_1225_757ae4d4c/raw/source_scan_rg_head120.txt	LOCAL_ONLY_HISTORICAL	HISTORICAL_PROOFPACK_PATH	NO_BROAD_UNTRACKED_COMMIT_POLICY	historical proof-pack residue intentionally excluded from current isolated commit	KEEP_LOCAL
proof_packs/DOCTRINE_RESOLUTION_PROOF_PACKS_2026-03-07_1225_757ae4d4c/raw/source_scan_rg.txt	LOCAL_ONLY_HISTORICAL	HISTORICAL_PROOFPACK_PATH	NO_BROAD_UNTRACKED_COMMIT_POLICY	historical proof-pack residue intentionally excluded from current isolated commit	KEEP_LOCAL
proof_packs/DOCTRINE_RESOLUTION_PROOF_PACKS_2026-03-07_1225_757ae4d4c/raw/source__verify_instructions.sh	LOCAL_ONLY_HISTORICAL	HISTORICAL_PROOFPACK_PATH	NO_BROAD_UNTRACKED_COMMIT_POLICY	historical proof-pack residue intentionally excluded from current isolated commit	KEEP_LOCAL
proof_packs/DOCTRINE_RESOLUTION_PROOF_PACKS_2026-03-07_1225_757ae4d4c/ROLLBACK.md	LOCAL_ONLY_HISTORICAL	HISTORICAL_PROOFPACK_PATH	NO_BROAD_UNTRACKED_COMMIT_POLICY	historical proof-pack residue intentionally excluded from current isolated commit	KEEP_LOCAL
proof_packs/DOCTRINE_RESOLUTION_PROOF_PACKS_2026-03-07_1225_757ae4d4c/VERDICT.md	LOCAL_ONLY_HISTORICAL	HISTORICAL_PROOFPACK_PATH	NO_BROAD_UNTRACKED_COMMIT_POLICY	historical proof-pack residue intentionally excluded from current isolated commit	KEEP_LOCAL
proof_packs/FINAL_LOCAL_PROD_STABLE_INSTALL_2026-03-07_1600_757ae4d4c9/00_EXEC_SUMMARY.md	LOCAL_ONLY_HISTORICAL	HISTORICAL_PROOFPACK_PATH	NO_BROAD_UNTRACKED_COMMIT_POLICY	historical proof-pack residue intentionally excluded from current isolated commit	KEEP_LOCAL
proof_packs/FINAL_LOCAL_PROD_STABLE_INSTALL_2026-03-07_1600_757ae4d4c9/01_BASELINE_REFERENCE.md	LOCAL_ONLY_HISTORICAL	HISTORICAL_PROOFPACK_PATH	NO_BROAD_UNTRACKED_COMMIT_POLICY	historical proof-pack residue intentionally excluded from current isolated commit	KEEP_LOCAL
proof_packs/FINAL_LOCAL_PROD_STABLE_INSTALL_2026-03-07_1600_757ae4d4c9/02_LOCAL_INSTALL_TRUTH.md	LOCAL_ONLY_HISTORICAL	HISTORICAL_PROOFPACK_PATH	NO_BROAD_UNTRACKED_COMMIT_POLICY	historical proof-pack residue intentionally excluded from current isolated commit	KEEP_LOCAL
proof_packs/FINAL_LOCAL_PROD_STABLE_INSTALL_2026-03-07_1600_757ae4d4c9/03_CLEANUP_SCOPE.md	LOCAL_ONLY_HISTORICAL	HISTORICAL_PROOFPACK_PATH	NO_BROAD_UNTRACKED_COMMIT_POLICY	historical proof-pack residue intentionally excluded from current isolated commit	KEEP_LOCAL
proof_packs/FINAL_LOCAL_PROD_STABLE_INSTALL_2026-03-07_1600_757ae4d4c9/05_INSTALL_VERIFICATION.md	LOCAL_ONLY_HISTORICAL	HISTORICAL_PROOFPACK_PATH	NO_BROAD_UNTRACKED_COMMIT_POLICY	historical proof-pack residue intentionally excluded from current isolated commit	KEEP_LOCAL
proof_packs/FINAL_LOCAL_PROD_STABLE_INSTALL_2026-03-07_1600_757ae4d4c9/06_RUNTIME_SMOKE.md	LOCAL_ONLY_HISTORICAL	HISTORICAL_PROOFPACK_PATH	NO_BROAD_UNTRACKED_COMMIT_POLICY	historical proof-pack residue intentionally excluded from current isolated commit	KEEP_LOCAL
proof_packs/FINAL_LOCAL_PROD_STABLE_INSTALL_2026-03-07_1600_757ae4d4c9/07_DESKTOP_INTEGRATION.md	LOCAL_ONLY_HISTORICAL	HISTORICAL_PROOFPACK_PATH	NO_BROAD_UNTRACKED_COMMIT_POLICY	historical proof-pack residue intentionally excluded from current isolated commit	KEEP_LOCAL
proof_packs/FINAL_LOCAL_PROD_STABLE_INSTALL_2026-03-07_1600_757ae4d4c9/08_LOCAL_ROLLBACK_PLAN.md	LOCAL_ONLY_HISTORICAL	HISTORICAL_PROOFPACK_PATH	NO_BROAD_UNTRACKED_COMMIT_POLICY	historical proof-pack residue intentionally excluded from current isolated commit	KEEP_LOCAL
proof_packs/FINAL_LOCAL_PROD_STABLE_INSTALL_2026-03-07_1600_757ae4d4c9/09_FINAL_VERDICT.md	LOCAL_ONLY_HISTORICAL	HISTORICAL_PROOFPACK_PATH	NO_BROAD_UNTRACKED_COMMIT_POLICY	historical proof-pack residue intentionally excluded from current isolated commit	KEEP_LOCAL
proof_packs/FINAL_LOCAL_PROD_STABLE_INSTALL_2026-03-07_1600_757ae4d4c9/raw/00_git_branch.txt	LOCAL_ONLY_HISTORICAL	HISTORICAL_PROOFPACK_PATH	NO_BROAD_UNTRACKED_COMMIT_POLICY	historical proof-pack residue intentionally excluded from current isolated commit	KEEP_LOCAL
proof_packs/FINAL_LOCAL_PROD_STABLE_INSTALL_2026-03-07_1600_757ae4d4c9/raw/00_git_rev_parse_short.txt	LOCAL_ONLY_HISTORICAL	HISTORICAL_PROOFPACK_PATH	NO_BROAD_UNTRACKED_COMMIT_POLICY	historical proof-pack residue intentionally excluded from current isolated commit	KEEP_LOCAL
proof_packs/FINAL_LOCAL_PROD_STABLE_INSTALL_2026-03-07_1600_757ae4d4c9/raw/00_git_status_short.txt	LOCAL_ONLY_HISTORICAL	HISTORICAL_PROOFPACK_PATH	NO_BROAD_UNTRACKED_COMMIT_POLICY	historical proof-pack residue intentionally excluded from current isolated commit	KEEP_LOCAL
proof_packs/FINAL_LOCAL_PROD_STABLE_INSTALL_2026-03-07_1600_757ae4d4c9/raw/01_baseline_checks.txt	LOCAL_ONLY_HISTORICAL	HISTORICAL_PROOFPACK_PATH	NO_BROAD_UNTRACKED_COMMIT_POLICY	historical proof-pack residue intentionally excluded from current isolated commit	KEEP_LOCAL
proof_packs/FINAL_LOCAL_PROD_STABLE_INSTALL_2026-03-07_1600_757ae4d4c9/raw/04_cleanup_scope_matrix.txt	LOCAL_ONLY_HISTORICAL	HISTORICAL_PROOFPACK_PATH	NO_BROAD_UNTRACKED_COMMIT_POLICY	historical proof-pack residue intentionally excluded from current isolated commit	KEEP_LOCAL
proof_packs/FINAL_LOCAL_PROD_STABLE_INSTALL_2026-03-07_1600_757ae4d4c9/raw/06_runtime_smoke_summary.txt	LOCAL_ONLY_HISTORICAL	HISTORICAL_PROOFPACK_PATH	NO_BROAD_UNTRACKED_COMMIT_POLICY	historical proof-pack residue intentionally excluded from current isolated commit	KEEP_LOCAL
proof_packs/FINAL_LOCAL_PROD_STABLE_INSTALL_2026-03-07_1600_757ae4d4c9/raw/07_desktop_database_update.exitcode	LOCAL_ONLY_HISTORICAL	HISTORICAL_PROOFPACK_PATH	NO_BROAD_UNTRACKED_COMMIT_POLICY	historical proof-pack residue intentionally excluded from current isolated commit	KEEP_LOCAL
proof_packs/FINAL_LOCAL_PROD_STABLE_INSTALL_2026-03-07_1600_757ae4d4c9/raw/rollback_assets/titane-infinity.desktop.pre	LOCAL_ONLY_HISTORICAL	HISTORICAL_PROOFPACK_PATH	NO_BROAD_UNTRACKED_COMMIT_POLICY	historical proof-pack residue intentionally excluded from current isolated commit	KEEP_LOCAL
proof_packs/FINAL_LOCAL_PROD_STABLE_INSTALL_2026-03-07_1600_757ae4d4c9/raw/rollback_assets/TITANE-Infinity.desktop.pre	LOCAL_ONLY_HISTORICAL	HISTORICAL_PROOFPACK_PATH	NO_BROAD_UNTRACKED_COMMIT_POLICY	historical proof-pack residue intentionally excluded from current isolated commit	KEEP_LOCAL
proof_packs/FINAL_LOCAL_PROD_STABLE_INSTALL_2026-03-07_1600_757ae4d4c9/ROLLBACK.md	LOCAL_ONLY_HISTORICAL	HISTORICAL_PROOFPACK_PATH	NO_BROAD_UNTRACKED_COMMIT_POLICY	historical proof-pack residue intentionally excluded from current isolated commit	KEEP_LOCAL
proof_packs/FINAL_LOCAL_PROD_STABLE_INSTALL_2026-03-07_1600_757ae4d4c9/VERDICT.md	LOCAL_ONLY_HISTORICAL	HISTORICAL_PROOFPACK_PATH	NO_BROAD_UNTRACKED_COMMIT_POLICY	historical proof-pack residue intentionally excluded from current isolated commit	KEEP_LOCAL
proof_packs/FINAL_SEAL_EXECUTION_2026-03-07_1239_757ae4d4c/00_EXEC_SUMMARY.md	LOCAL_ONLY_HISTORICAL	HISTORICAL_PROOFPACK_PATH	NO_BROAD_UNTRACKED_COMMIT_POLICY	historical proof-pack residue intentionally excluded from current isolated commit	KEEP_LOCAL
proof_packs/FINAL_SEAL_EXECUTION_2026-03-07_1239_757ae4d4c/01_BOOTSTRAP.md	LOCAL_ONLY_HISTORICAL	HISTORICAL_PROOFPACK_PATH	NO_BROAD_UNTRACKED_COMMIT_POLICY	historical proof-pack residue intentionally excluded from current isolated commit	KEEP_LOCAL
proof_packs/FINAL_SEAL_EXECUTION_2026-03-07_1239_757ae4d4c/02_BASELINE_CONFIRMATION.md	LOCAL_ONLY_HISTORICAL	HISTORICAL_PROOFPACK_PATH	NO_BROAD_UNTRACKED_COMMIT_POLICY	historical proof-pack residue intentionally excluded from current isolated commit	KEEP_LOCAL
proof_packs/FINAL_SEAL_EXECUTION_2026-03-07_1239_757ae4d4c/03_CI_TRUTH.md	LOCAL_ONLY_HISTORICAL	HISTORICAL_PROOFPACK_PATH	NO_BROAD_UNTRACKED_COMMIT_POLICY	historical proof-pack residue intentionally excluded from current isolated commit	KEEP_LOCAL
proof_packs/FINAL_SEAL_EXECUTION_2026-03-07_1239_757ae4d4c/04_WORKSPACE_TRUTH.md	LOCAL_ONLY_HISTORICAL	HISTORICAL_PROOFPACK_PATH	NO_BROAD_UNTRACKED_COMMIT_POLICY	historical proof-pack residue intentionally excluded from current isolated commit	KEEP_LOCAL
proof_packs/FINAL_SEAL_EXECUTION_2026-03-07_1239_757ae4d4c/05_DOCTRINE_STATUS.md	LOCAL_ONLY_HISTORICAL	HISTORICAL_PROOFPACK_PATH	NO_BROAD_UNTRACKED_COMMIT_POLICY	historical proof-pack residue intentionally excluded from current isolated commit	KEEP_LOCAL
proof_packs/FINAL_SEAL_EXECUTION_2026-03-07_1239_757ae4d4c/06_GOVERNANCE_STATUS.md	LOCAL_ONLY_HISTORICAL	HISTORICAL_PROOFPACK_PATH	NO_BROAD_UNTRACKED_COMMIT_POLICY	historical proof-pack residue intentionally excluded from current isolated commit	KEEP_LOCAL
proof_packs/FINAL_SEAL_EXECUTION_2026-03-07_1239_757ae4d4c/07_PROOF_PACK_INTEGRITY.md	LOCAL_ONLY_HISTORICAL	HISTORICAL_PROOFPACK_PATH	NO_BROAD_UNTRACKED_COMMIT_POLICY	historical proof-pack residue intentionally excluded from current isolated commit	KEEP_LOCAL
proof_packs/FINAL_SEAL_EXECUTION_2026-03-07_1239_757ae4d4c/08_FINAL_RISK_REVIEW.md	LOCAL_ONLY_HISTORICAL	HISTORICAL_PROOFPACK_PATH	NO_BROAD_UNTRACKED_COMMIT_POLICY	historical proof-pack residue intentionally excluded from current isolated commit	KEEP_LOCAL
proof_packs/FINAL_SEAL_EXECUTION_2026-03-07_1239_757ae4d4c/09_SEAL_DECLARATION.md	LOCAL_ONLY_HISTORICAL	HISTORICAL_PROOFPACK_PATH	NO_BROAD_UNTRACKED_COMMIT_POLICY	historical proof-pack residue intentionally excluded from current isolated commit	KEEP_LOCAL
proof_packs/FINAL_SEAL_EXECUTION_2026-03-07_1239_757ae4d4c/10_SEAL_CERTIFICATE.md	LOCAL_ONLY_HISTORICAL	HISTORICAL_PROOFPACK_PATH	NO_BROAD_UNTRACKED_COMMIT_POLICY	historical proof-pack residue intentionally excluded from current isolated commit	KEEP_LOCAL
proof_packs/FINAL_SEAL_EXECUTION_2026-03-07_1239_757ae4d4c/raw/ci_runs_for_head.json	LOCAL_ONLY_HISTORICAL	HISTORICAL_PROOFPACK_PATH	NO_BROAD_UNTRACKED_COMMIT_POLICY	historical proof-pack residue intentionally excluded from current isolated commit	KEEP_LOCAL
proof_packs/FINAL_SEAL_EXECUTION_2026-03-07_1239_757ae4d4c/raw/doctrine_11_FINAL_DECISION.md	LOCAL_ONLY_HISTORICAL	HISTORICAL_PROOFPACK_PATH	NO_BROAD_UNTRACKED_COMMIT_POLICY	historical proof-pack residue intentionally excluded from current isolated commit	KEEP_LOCAL
proof_packs/FINAL_SEAL_EXECUTION_2026-03-07_1239_757ae4d4c/raw/doctrine_pack_exists.txt	LOCAL_ONLY_HISTORICAL	HISTORICAL_PROOFPACK_PATH	NO_BROAD_UNTRACKED_COMMIT_POLICY	historical proof-pack residue intentionally excluded from current isolated commit	KEEP_LOCAL
proof_packs/FINAL_SEAL_EXECUTION_2026-03-07_1239_757ae4d4c/raw/doctrine_VERDICT.md	LOCAL_ONLY_HISTORICAL	HISTORICAL_PROOFPACK_PATH	NO_BROAD_UNTRACKED_COMMIT_POLICY	historical proof-pack residue intentionally excluded from current isolated commit	KEEP_LOCAL
proof_packs/FINAL_SEAL_EXECUTION_2026-03-07_1239_757ae4d4c/raw/git_branch_show_current.txt	LOCAL_ONLY_HISTORICAL	HISTORICAL_PROOFPACK_PATH	NO_BROAD_UNTRACKED_COMMIT_POLICY	historical proof-pack residue intentionally excluded from current isolated commit	KEEP_LOCAL
proof_packs/FINAL_SEAL_EXECUTION_2026-03-07_1239_757ae4d4c/raw/git_log_10_oneline.txt	LOCAL_ONLY_HISTORICAL	HISTORICAL_PROOFPACK_PATH	NO_BROAD_UNTRACKED_COMMIT_POLICY	historical proof-pack residue intentionally excluded from current isolated commit	KEEP_LOCAL
proof_packs/FINAL_SEAL_EXECUTION_2026-03-07_1239_757ae4d4c/raw/git_rev_parse_short.txt	LOCAL_ONLY_HISTORICAL	HISTORICAL_PROOFPACK_PATH	NO_BROAD_UNTRACKED_COMMIT_POLICY	historical proof-pack residue intentionally excluded from current isolated commit	KEEP_LOCAL
proof_packs/FINAL_SEAL_EXECUTION_2026-03-07_1239_757ae4d4c/raw/git_status_short.txt	LOCAL_ONLY_HISTORICAL	HISTORICAL_PROOFPACK_PATH	NO_BROAD_UNTRACKED_COMMIT_POLICY	historical proof-pack residue intentionally excluded from current isolated commit	KEEP_LOCAL
proof_packs/FINAL_SEAL_EXECUTION_2026-03-07_1239_757ae4d4c/raw/hygiene_10_FINAL_DECISION.md	LOCAL_ONLY_HISTORICAL	HISTORICAL_PROOFPACK_PATH	NO_BROAD_UNTRACKED_COMMIT_POLICY	historical proof-pack residue intentionally excluded from current isolated commit	KEEP_LOCAL
proof_packs/FINAL_SEAL_EXECUTION_2026-03-07_1239_757ae4d4c/raw/hygiene_pack_exists.txt	LOCAL_ONLY_HISTORICAL	HISTORICAL_PROOFPACK_PATH	NO_BROAD_UNTRACKED_COMMIT_POLICY	historical proof-pack residue intentionally excluded from current isolated commit	KEEP_LOCAL
proof_packs/FINAL_SEAL_EXECUTION_2026-03-07_1239_757ae4d4c/raw/hygiene_VERDICT.md	LOCAL_ONLY_HISTORICAL	HISTORICAL_PROOFPACK_PATH	NO_BROAD_UNTRACKED_COMMIT_POLICY	historical proof-pack residue intentionally excluded from current isolated commit	KEEP_LOCAL
proof_packs/FINAL_SEAL_EXECUTION_2026-03-07_1239_757ae4d4c/raw/integrity_doctrine_check.txt	LOCAL_ONLY_HISTORICAL	HISTORICAL_PROOFPACK_PATH	NO_BROAD_UNTRACKED_COMMIT_POLICY	historical proof-pack residue intentionally excluded from current isolated commit	KEEP_LOCAL
proof_packs/FINAL_SEAL_EXECUTION_2026-03-07_1239_757ae4d4c/raw/integrity_hygiene_check.txt	LOCAL_ONLY_HISTORICAL	HISTORICAL_PROOFPACK_PATH	NO_BROAD_UNTRACKED_COMMIT_POLICY	historical proof-pack residue intentionally excluded from current isolated commit	KEEP_LOCAL
proof_packs/FINAL_SEAL_EXECUTION_2026-03-07_1239_757ae4d4c/raw/integrity_required_doctrine_files.txt	LOCAL_ONLY_HISTORICAL	HISTORICAL_PROOFPACK_PATH	NO_BROAD_UNTRACKED_COMMIT_POLICY	historical proof-pack residue intentionally excluded from current isolated commit	KEEP_LOCAL
proof_packs/FINAL_SEAL_EXECUTION_2026-03-07_1239_757ae4d4c/raw/integrity_required_hygiene_files.txt	LOCAL_ONLY_HISTORICAL	HISTORICAL_PROOFPACK_PATH	NO_BROAD_UNTRACKED_COMMIT_POLICY	historical proof-pack residue intentionally excluded from current isolated commit	KEEP_LOCAL
proof_packs/FINAL_SEAL_EXECUTION_2026-03-07_1239_757ae4d4c/raw/integrity_summary.txt	LOCAL_ONLY_HISTORICAL	HISTORICAL_PROOFPACK_PATH	NO_BROAD_UNTRACKED_COMMIT_POLICY	historical proof-pack residue intentionally excluded from current isolated commit	KEEP_LOCAL
proof_packs/FINAL_SEAL_EXECUTION_2026-03-07_1239_757ae4d4c/raw/metric_ci_non_success.txt	LOCAL_ONLY_HISTORICAL	HISTORICAL_PROOFPACK_PATH	NO_BROAD_UNTRACKED_COMMIT_POLICY	historical proof-pack residue intentionally excluded from current isolated commit	KEEP_LOCAL
proof_packs/FINAL_SEAL_EXECUTION_2026-03-07_1239_757ae4d4c/raw/metric_ci_success_runs.txt	LOCAL_ONLY_HISTORICAL	HISTORICAL_PROOFPACK_PATH	NO_BROAD_UNTRACKED_COMMIT_POLICY	historical proof-pack residue intentionally excluded from current isolated commit	KEEP_LOCAL
proof_packs/FINAL_SEAL_EXECUTION_2026-03-07_1239_757ae4d4c/raw/metric_ci_total_runs.txt	LOCAL_ONLY_HISTORICAL	HISTORICAL_PROOFPACK_PATH	NO_BROAD_UNTRACKED_COMMIT_POLICY	historical proof-pack residue intentionally excluded from current isolated commit	KEEP_LOCAL
proof_packs/FINAL_SEAL_EXECUTION_2026-03-07_1239_757ae4d4c/raw/recheck_detect_recurrence.exit	LOCAL_ONLY_HISTORICAL	HISTORICAL_PROOFPACK_PATH	NO_BROAD_UNTRACKED_COMMIT_POLICY	historical proof-pack residue intentionally excluded from current isolated commit	KEEP_LOCAL
proof_packs/FINAL_SEAL_EXECUTION_2026-03-07_1239_757ae4d4c/raw/recheck_detect_recurrence.tail20.txt	LOCAL_ONLY_HISTORICAL	HISTORICAL_PROOFPACK_PATH	NO_BROAD_UNTRACKED_COMMIT_POLICY	historical proof-pack residue intentionally excluded from current isolated commit	KEEP_LOCAL
proof_packs/FINAL_SEAL_EXECUTION_2026-03-07_1239_757ae4d4c/raw/recheck_detect_recurrence.txt	LOCAL_ONLY_HISTORICAL	HISTORICAL_PROOFPACK_PATH	NO_BROAD_UNTRACKED_COMMIT_POLICY	historical proof-pack residue intentionally excluded from current isolated commit	KEEP_LOCAL
proof_packs/FINAL_SEAL_EXECUTION_2026-03-07_1239_757ae4d4c/raw/recheck_verify_instructions.exit	LOCAL_ONLY_HISTORICAL	HISTORICAL_PROOFPACK_PATH	NO_BROAD_UNTRACKED_COMMIT_POLICY	historical proof-pack residue intentionally excluded from current isolated commit	KEEP_LOCAL
proof_packs/FINAL_SEAL_EXECUTION_2026-03-07_1239_757ae4d4c/raw/recheck_verify_instructions.tail20.txt	LOCAL_ONLY_HISTORICAL	HISTORICAL_PROOFPACK_PATH	NO_BROAD_UNTRACKED_COMMIT_POLICY	historical proof-pack residue intentionally excluded from current isolated commit	KEEP_LOCAL
proof_packs/FINAL_SEAL_EXECUTION_2026-03-07_1239_757ae4d4c/raw/recheck_verify_instructions.txt	LOCAL_ONLY_HISTORICAL	HISTORICAL_PROOFPACK_PATH	NO_BROAD_UNTRACKED_COMMIT_POLICY	historical proof-pack residue intentionally excluded from current isolated commit	KEEP_LOCAL
proof_packs/FINAL_SEAL_EXECUTION_2026-03-07_1239_757ae4d4c/raw/seal_conditions_eval.txt	LOCAL_ONLY_HISTORICAL	HISTORICAL_PROOFPACK_PATH	NO_BROAD_UNTRACKED_COMMIT_POLICY	historical proof-pack residue intentionally excluded from current isolated commit	KEEP_LOCAL
proof_packs/FINAL_SEAL_EXECUTION_2026-03-07_1239_757ae4d4c/raw/workspace_truth_metrics.txt	LOCAL_ONLY_HISTORICAL	HISTORICAL_PROOFPACK_PATH	NO_BROAD_UNTRACKED_COMMIT_POLICY	historical proof-pack residue intentionally excluded from current isolated commit	KEEP_LOCAL
proof_packs/FINAL_SEAL_EXECUTION_2026-03-07_1239_757ae4d4c/raw/workspace_untracked_all.txt	LOCAL_ONLY_HISTORICAL	HISTORICAL_PROOFPACK_PATH	NO_BROAD_UNTRACKED_COMMIT_POLICY	historical proof-pack residue intentionally excluded from current isolated commit	KEEP_LOCAL
proof_packs/FINAL_SEAL_EXECUTION_2026-03-07_1239_757ae4d4c/raw/workspace_untracked_nonproof_only.txt	LOCAL_ONLY_HISTORICAL	HISTORICAL_PROOFPACK_PATH	NO_BROAD_UNTRACKED_COMMIT_POLICY	historical proof-pack residue intentionally excluded from current isolated commit	KEEP_LOCAL
proof_packs/FINAL_SEAL_EXECUTION_2026-03-07_1239_757ae4d4c/raw/workspace_untracked_proof_only.txt	LOCAL_ONLY_HISTORICAL	HISTORICAL_PROOFPACK_PATH	NO_BROAD_UNTRACKED_COMMIT_POLICY	historical proof-pack residue intentionally excluded from current isolated commit	KEEP_LOCAL
proof_packs/FINAL_SEAL_EXECUTION_2026-03-07_1239_757ae4d4c/ROLLBACK.md	LOCAL_ONLY_HISTORICAL	HISTORICAL_PROOFPACK_PATH	NO_BROAD_UNTRACKED_COMMIT_POLICY	historical proof-pack residue intentionally excluded from current isolated commit	KEEP_LOCAL
proof_packs/FINAL_SEAL_EXECUTION_2026-03-07_1239_757ae4d4c/VERDICT.md	LOCAL_ONLY_HISTORICAL	HISTORICAL_PROOFPACK_PATH	NO_BROAD_UNTRACKED_COMMIT_POLICY	historical proof-pack residue intentionally excluded from current isolated commit	KEEP_LOCAL
proof_packs/GOVERNED_IDLE_CHARTER_2026-03-07_0830_757ae4d4c/00_EXEC_SUMMARY.md	LOCAL_ONLY_HISTORICAL	HISTORICAL_PROOFPACK_PATH	NO_BROAD_UNTRACKED_COMMIT_POLICY	historical proof-pack residue intentionally excluded from current isolated commit	KEEP_LOCAL
proof_packs/GOVERNED_IDLE_CHARTER_2026-03-07_0830_757ae4d4c/01_BOOTSTRAP.md	LOCAL_ONLY_HISTORICAL	HISTORICAL_PROOFPACK_PATH	NO_BROAD_UNTRACKED_COMMIT_POLICY	historical proof-pack residue intentionally excluded from current isolated commit	KEEP_LOCAL
proof_packs/GOVERNED_IDLE_CHARTER_2026-03-07_0830_757ae4d4c/02_IDLE_BASELINE_REFERENCE.md	LOCAL_ONLY_HISTORICAL	HISTORICAL_PROOFPACK_PATH	NO_BROAD_UNTRACKED_COMMIT_POLICY	historical proof-pack residue intentionally excluded from current isolated commit	KEEP_LOCAL
proof_packs/GOVERNED_IDLE_CHARTER_2026-03-07_0830_757ae4d4c/03_ALLOWED_IDLE_ACTIONS.md	LOCAL_ONLY_HISTORICAL	HISTORICAL_PROOFPACK_PATH	NO_BROAD_UNTRACKED_COMMIT_POLICY	historical proof-pack residue intentionally excluded from current isolated commit	KEEP_LOCAL
proof_packs/GOVERNED_IDLE_CHARTER_2026-03-07_0830_757ae4d4c/04_FORBIDDEN_IDLE_ACTIONS.md	LOCAL_ONLY_HISTORICAL	HISTORICAL_PROOFPACK_PATH	NO_BROAD_UNTRACKED_COMMIT_POLICY	historical proof-pack residue intentionally excluded from current isolated commit	KEEP_LOCAL
proof_packs/GOVERNED_IDLE_CHARTER_2026-03-07_0830_757ae4d4c/05_IDLE_DECISION_RULES.md	LOCAL_ONLY_HISTORICAL	HISTORICAL_PROOFPACK_PATH	NO_BROAD_UNTRACKED_COMMIT_POLICY	historical proof-pack residue intentionally excluded from current isolated commit	KEEP_LOCAL
proof_packs/GOVERNED_IDLE_CHARTER_2026-03-07_0830_757ae4d4c/06_BASELINE_PRESERVATION_NOTES.md	LOCAL_ONLY_HISTORICAL	HISTORICAL_PROOFPACK_PATH	NO_BROAD_UNTRACKED_COMMIT_POLICY	historical proof-pack residue intentionally excluded from current isolated commit	KEEP_LOCAL
proof_packs/GOVERNED_IDLE_CHARTER_2026-03-07_0830_757ae4d4c/07_IDLE_OPERATOR_HANDOFF.md	LOCAL_ONLY_HISTORICAL	HISTORICAL_PROOFPACK_PATH	NO_BROAD_UNTRACKED_COMMIT_POLICY	historical proof-pack residue intentionally excluded from current isolated commit	KEEP_LOCAL
proof_packs/GOVERNED_IDLE_CHARTER_2026-03-07_0830_757ae4d4c/raw/bootstrap_summary.txt	LOCAL_ONLY_HISTORICAL	HISTORICAL_PROOFPACK_PATH	NO_BROAD_UNTRACKED_COMMIT_POLICY	historical proof-pack residue intentionally excluded from current isolated commit	KEEP_LOCAL
proof_packs/GOVERNED_IDLE_CHARTER_2026-03-07_0830_757ae4d4c/raw/check_sentinel_baseline_757ae4d4c.txt	LOCAL_ONLY_HISTORICAL	HISTORICAL_PROOFPACK_PATH	NO_BROAD_UNTRACKED_COMMIT_POLICY	historical proof-pack residue intentionally excluded from current isolated commit	KEEP_LOCAL
proof_packs/GOVERNED_IDLE_CHARTER_2026-03-07_0830_757ae4d4c/raw/check_standby_confirmed_compatible.txt	LOCAL_ONLY_HISTORICAL	HISTORICAL_PROOFPACK_PATH	NO_BROAD_UNTRACKED_COMMIT_POLICY	historical proof-pack residue intentionally excluded from current isolated commit	KEEP_LOCAL
proof_packs/GOVERNED_IDLE_CHARTER_2026-03-07_0830_757ae4d4c/raw/check_wake_baseline_757ae4d4c.txt	LOCAL_ONLY_HISTORICAL	HISTORICAL_PROOFPACK_PATH	NO_BROAD_UNTRACKED_COMMIT_POLICY	historical proof-pack residue intentionally excluded from current isolated commit	KEEP_LOCAL
proof_packs/GOVERNED_IDLE_CHARTER_2026-03-07_0830_757ae4d4c/raw/check_wake_protocol_ready.txt	LOCAL_ONLY_HISTORICAL	HISTORICAL_PROOFPACK_PATH	NO_BROAD_UNTRACKED_COMMIT_POLICY	historical proof-pack residue intentionally excluded from current isolated commit	KEEP_LOCAL
proof_packs/GOVERNED_IDLE_CHARTER_2026-03-07_0830_757ae4d4c/raw/current_idle_signals.txt	LOCAL_ONLY_HISTORICAL	HISTORICAL_PROOFPACK_PATH	NO_BROAD_UNTRACKED_COMMIT_POLICY	historical proof-pack residue intentionally excluded from current isolated commit	KEEP_LOCAL
proof_packs/GOVERNED_IDLE_CHARTER_2026-03-07_0830_757ae4d4c/raw/git_branch_show_current.txt	LOCAL_ONLY_HISTORICAL	HISTORICAL_PROOFPACK_PATH	NO_BROAD_UNTRACKED_COMMIT_POLICY	historical proof-pack residue intentionally excluded from current isolated commit	KEEP_LOCAL
proof_packs/GOVERNED_IDLE_CHARTER_2026-03-07_0830_757ae4d4c/raw/git_rev_parse_short.txt	LOCAL_ONLY_HISTORICAL	HISTORICAL_PROOFPACK_PATH	NO_BROAD_UNTRACKED_COMMIT_POLICY	historical proof-pack residue intentionally excluded from current isolated commit	KEEP_LOCAL
proof_packs/GOVERNED_IDLE_CHARTER_2026-03-07_0830_757ae4d4c/raw/git_status_short.txt	LOCAL_ONLY_HISTORICAL	HISTORICAL_PROOFPACK_PATH	NO_BROAD_UNTRACKED_COMMIT_POLICY	historical proof-pack residue intentionally excluded from current isolated commit	KEEP_LOCAL
proof_packs/GOVERNED_IDLE_CHARTER_2026-03-07_0830_757ae4d4c/raw/sentinel_pack_reference.txt	LOCAL_ONLY_HISTORICAL	HISTORICAL_PROOFPACK_PATH	NO_BROAD_UNTRACKED_COMMIT_POLICY	historical proof-pack residue intentionally excluded from current isolated commit	KEEP_LOCAL
proof_packs/GOVERNED_IDLE_CHARTER_2026-03-07_0830_757ae4d4c/raw/sentinel_verdict_reference.md	LOCAL_ONLY_HISTORICAL	HISTORICAL_PROOFPACK_PATH	NO_BROAD_UNTRACKED_COMMIT_POLICY	historical proof-pack residue intentionally excluded from current isolated commit	KEEP_LOCAL
proof_packs/GOVERNED_IDLE_CHARTER_2026-03-07_0830_757ae4d4c/raw/wake_pack_reference.txt	LOCAL_ONLY_HISTORICAL	HISTORICAL_PROOFPACK_PATH	NO_BROAD_UNTRACKED_COMMIT_POLICY	historical proof-pack residue intentionally excluded from current isolated commit	KEEP_LOCAL
proof_packs/GOVERNED_IDLE_CHARTER_2026-03-07_0830_757ae4d4c/raw/wake_path_mapping_reference.md	LOCAL_ONLY_HISTORICAL	HISTORICAL_PROOFPACK_PATH	NO_BROAD_UNTRACKED_COMMIT_POLICY	historical proof-pack residue intentionally excluded from current isolated commit	KEEP_LOCAL
proof_packs/GOVERNED_IDLE_CHARTER_2026-03-07_0830_757ae4d4c/raw/wake_trigger_threshold_reference.md	LOCAL_ONLY_HISTORICAL	HISTORICAL_PROOFPACK_PATH	NO_BROAD_UNTRACKED_COMMIT_POLICY	historical proof-pack residue intentionally excluded from current isolated commit	KEEP_LOCAL
proof_packs/GOVERNED_IDLE_CHARTER_2026-03-07_0830_757ae4d4c/raw/wake_verdict_reference.md	LOCAL_ONLY_HISTORICAL	HISTORICAL_PROOFPACK_PATH	NO_BROAD_UNTRACKED_COMMIT_POLICY	historical proof-pack residue intentionally excluded from current isolated commit	KEEP_LOCAL
proof_packs/GOVERNED_IDLE_CHARTER_2026-03-07_0830_757ae4d4c/ROLLBACK.md	LOCAL_ONLY_HISTORICAL	HISTORICAL_PROOFPACK_PATH	NO_BROAD_UNTRACKED_COMMIT_POLICY	historical proof-pack residue intentionally excluded from current isolated commit	KEEP_LOCAL
proof_packs/GOVERNED_IDLE_CHARTER_2026-03-07_0830_757ae4d4c/VERDICT.md	LOCAL_ONLY_HISTORICAL	HISTORICAL_PROOFPACK_PATH	NO_BROAD_UNTRACKED_COMMIT_POLICY	historical proof-pack residue intentionally excluded from current isolated commit	KEEP_LOCAL
proof_packs/HYGIENE_RERUN_KEEP_UNTRACKED_2026-03-07_1233_757ae4d4c/00_EXEC_SUMMARY.md	LOCAL_ONLY_HISTORICAL	HISTORICAL_PROOFPACK_PATH	NO_BROAD_UNTRACKED_COMMIT_POLICY	historical proof-pack residue intentionally excluded from current isolated commit	KEEP_LOCAL
proof_packs/HYGIENE_RERUN_KEEP_UNTRACKED_2026-03-07_1233_757ae4d4c/01_BOOTSTRAP.md	LOCAL_ONLY_HISTORICAL	HISTORICAL_PROOFPACK_PATH	NO_BROAD_UNTRACKED_COMMIT_POLICY	historical proof-pack residue intentionally excluded from current isolated commit	KEEP_LOCAL
proof_packs/HYGIENE_RERUN_KEEP_UNTRACKED_2026-03-07_1233_757ae4d4c/02_BASELINE_ACTIVE.md	LOCAL_ONLY_HISTORICAL	HISTORICAL_PROOFPACK_PATH	NO_BROAD_UNTRACKED_COMMIT_POLICY	historical proof-pack residue intentionally excluded from current isolated commit	KEEP_LOCAL
proof_packs/HYGIENE_RERUN_KEEP_UNTRACKED_2026-03-07_1233_757ae4d4c/03_WORKSPACE_CLASSIFICATION.md	LOCAL_ONLY_HISTORICAL	HISTORICAL_PROOFPACK_PATH	NO_BROAD_UNTRACKED_COMMIT_POLICY	historical proof-pack residue intentionally excluded from current isolated commit	KEEP_LOCAL
proof_packs/HYGIENE_RERUN_KEEP_UNTRACKED_2026-03-07_1233_757ae4d4c/04_HYGIENE_GATE_RERUN.md	LOCAL_ONLY_HISTORICAL	HISTORICAL_PROOFPACK_PATH	NO_BROAD_UNTRACKED_COMMIT_POLICY	historical proof-pack residue intentionally excluded from current isolated commit	KEEP_LOCAL
proof_packs/HYGIENE_RERUN_KEEP_UNTRACKED_2026-03-07_1233_757ae4d4c/05_LIGHT_GOVERNANCE_RECHECKS.md	LOCAL_ONLY_HISTORICAL	HISTORICAL_PROOFPACK_PATH	NO_BROAD_UNTRACKED_COMMIT_POLICY	historical proof-pack residue intentionally excluded from current isolated commit	KEEP_LOCAL
proof_packs/HYGIENE_RERUN_KEEP_UNTRACKED_2026-03-07_1233_757ae4d4c/06_ACTIONS_EXECUTED.md	LOCAL_ONLY_HISTORICAL	HISTORICAL_PROOFPACK_PATH	NO_BROAD_UNTRACKED_COMMIT_POLICY	historical proof-pack residue intentionally excluded from current isolated commit	KEEP_LOCAL
proof_packs/HYGIENE_RERUN_KEEP_UNTRACKED_2026-03-07_1233_757ae4d4c/07_RESIDUAL_RISKS.md	LOCAL_ONLY_HISTORICAL	HISTORICAL_PROOFPACK_PATH	NO_BROAD_UNTRACKED_COMMIT_POLICY	historical proof-pack residue intentionally excluded from current isolated commit	KEEP_LOCAL
proof_packs/HYGIENE_RERUN_KEEP_UNTRACKED_2026-03-07_1233_757ae4d4c/08_RECLASSIFICATION_MATRIX.md	LOCAL_ONLY_HISTORICAL	HISTORICAL_PROOFPACK_PATH	NO_BROAD_UNTRACKED_COMMIT_POLICY	historical proof-pack residue intentionally excluded from current isolated commit	KEEP_LOCAL
proof_packs/HYGIENE_RERUN_KEEP_UNTRACKED_2026-03-07_1233_757ae4d4c/09_ROLLBACK.md	LOCAL_ONLY_HISTORICAL	HISTORICAL_PROOFPACK_PATH	NO_BROAD_UNTRACKED_COMMIT_POLICY	historical proof-pack residue intentionally excluded from current isolated commit	KEEP_LOCAL
proof_packs/HYGIENE_RERUN_KEEP_UNTRACKED_2026-03-07_1233_757ae4d4c/10_FINAL_DECISION.md	LOCAL_ONLY_HISTORICAL	HISTORICAL_PROOFPACK_PATH	NO_BROAD_UNTRACKED_COMMIT_POLICY	historical proof-pack residue intentionally excluded from current isolated commit	KEEP_LOCAL
proof_packs/HYGIENE_RERUN_KEEP_UNTRACKED_2026-03-07_1233_757ae4d4c/raw/classified_tracked_drift.tsv	LOCAL_ONLY_HISTORICAL	HISTORICAL_PROOFPACK_PATH	NO_BROAD_UNTRACKED_COMMIT_POLICY	historical proof-pack residue intentionally excluded from current isolated commit	KEEP_LOCAL
proof_packs/HYGIENE_RERUN_KEEP_UNTRACKED_2026-03-07_1233_757ae4d4c/raw/classified_untracked_nonproof.tsv	LOCAL_ONLY_HISTORICAL	HISTORICAL_PROOFPACK_PATH	NO_BROAD_UNTRACKED_COMMIT_POLICY	historical proof-pack residue intentionally excluded from current isolated commit	KEEP_LOCAL
proof_packs/HYGIENE_RERUN_KEEP_UNTRACKED_2026-03-07_1233_757ae4d4c/raw/classified_untracked_proof_allowed.tsv	LOCAL_ONLY_HISTORICAL	HISTORICAL_PROOFPACK_PATH	NO_BROAD_UNTRACKED_COMMIT_POLICY	historical proof-pack residue intentionally excluded from current isolated commit	KEEP_LOCAL
proof_packs/HYGIENE_RERUN_KEEP_UNTRACKED_2026-03-07_1233_757ae4d4c/raw/doctrine_11_FINAL_DECISION.md	LOCAL_ONLY_HISTORICAL	HISTORICAL_PROOFPACK_PATH	NO_BROAD_UNTRACKED_COMMIT_POLICY	historical proof-pack residue intentionally excluded from current isolated commit	KEEP_LOCAL
proof_packs/HYGIENE_RERUN_KEEP_UNTRACKED_2026-03-07_1233_757ae4d4c/raw/doctrine_pack_exists.txt	LOCAL_ONLY_HISTORICAL	HISTORICAL_PROOFPACK_PATH	NO_BROAD_UNTRACKED_COMMIT_POLICY	historical proof-pack residue intentionally excluded from current isolated commit	KEEP_LOCAL
proof_packs/HYGIENE_RERUN_KEEP_UNTRACKED_2026-03-07_1233_757ae4d4c/raw/doctrine_VERDICT.md	LOCAL_ONLY_HISTORICAL	HISTORICAL_PROOFPACK_PATH	NO_BROAD_UNTRACKED_COMMIT_POLICY	historical proof-pack residue intentionally excluded from current isolated commit	KEEP_LOCAL
proof_packs/HYGIENE_RERUN_KEEP_UNTRACKED_2026-03-07_1233_757ae4d4c/raw/final_state_snapshot.txt	LOCAL_ONLY_HISTORICAL	HISTORICAL_PROOFPACK_PATH	NO_BROAD_UNTRACKED_COMMIT_POLICY	historical proof-pack residue intentionally excluded from current isolated commit	KEEP_LOCAL
proof_packs/HYGIENE_RERUN_KEEP_UNTRACKED_2026-03-07_1233_757ae4d4c/raw/git_branch_show_current.txt	LOCAL_ONLY_HISTORICAL	HISTORICAL_PROOFPACK_PATH	NO_BROAD_UNTRACKED_COMMIT_POLICY	historical proof-pack residue intentionally excluded from current isolated commit	KEEP_LOCAL
proof_packs/HYGIENE_RERUN_KEEP_UNTRACKED_2026-03-07_1233_757ae4d4c/raw/git_diff_cached_name_only.txt	LOCAL_ONLY_HISTORICAL	HISTORICAL_PROOFPACK_PATH	NO_BROAD_UNTRACKED_COMMIT_POLICY	historical proof-pack residue intentionally excluded from current isolated commit	KEEP_LOCAL
proof_packs/HYGIENE_RERUN_KEEP_UNTRACKED_2026-03-07_1233_757ae4d4c/raw/git_diff_name_only.txt	LOCAL_ONLY_HISTORICAL	HISTORICAL_PROOFPACK_PATH	NO_BROAD_UNTRACKED_COMMIT_POLICY	historical proof-pack residue intentionally excluded from current isolated commit	KEEP_LOCAL
proof_packs/HYGIENE_RERUN_KEEP_UNTRACKED_2026-03-07_1233_757ae4d4c/raw/git_log_10_oneline.txt	LOCAL_ONLY_HISTORICAL	HISTORICAL_PROOFPACK_PATH	NO_BROAD_UNTRACKED_COMMIT_POLICY	historical proof-pack residue intentionally excluded from current isolated commit	KEEP_LOCAL
proof_packs/HYGIENE_RERUN_KEEP_UNTRACKED_2026-03-07_1233_757ae4d4c/raw/git_ls_files_modified.txt	LOCAL_ONLY_HISTORICAL	HISTORICAL_PROOFPACK_PATH	NO_BROAD_UNTRACKED_COMMIT_POLICY	historical proof-pack residue intentionally excluded from current isolated commit	KEEP_LOCAL
proof_packs/HYGIENE_RERUN_KEEP_UNTRACKED_2026-03-07_1233_757ae4d4c/raw/git_ls_files_untracked.txt	LOCAL_ONLY_HISTORICAL	HISTORICAL_PROOFPACK_PATH	NO_BROAD_UNTRACKED_COMMIT_POLICY	historical proof-pack residue intentionally excluded from current isolated commit	KEEP_LOCAL
proof_packs/HYGIENE_RERUN_KEEP_UNTRACKED_2026-03-07_1233_757ae4d4c/raw/git_rev_parse_short.txt	LOCAL_ONLY_HISTORICAL	HISTORICAL_PROOFPACK_PATH	NO_BROAD_UNTRACKED_COMMIT_POLICY	historical proof-pack residue intentionally excluded from current isolated commit	KEEP_LOCAL
proof_packs/HYGIENE_RERUN_KEEP_UNTRACKED_2026-03-07_1233_757ae4d4c/raw/git_status_short.txt	LOCAL_ONLY_HISTORICAL	HISTORICAL_PROOFPACK_PATH	NO_BROAD_UNTRACKED_COMMIT_POLICY	historical proof-pack residue intentionally excluded from current isolated commit	KEEP_LOCAL
proof_packs/HYGIENE_RERUN_KEEP_UNTRACKED_2026-03-07_1233_757ae4d4c/raw/hygiene_gate_command.txt	LOCAL_ONLY_HISTORICAL	HISTORICAL_PROOFPACK_PATH	NO_BROAD_UNTRACKED_COMMIT_POLICY	historical proof-pack residue intentionally excluded from current isolated commit	KEEP_LOCAL
proof_packs/HYGIENE_RERUN_KEEP_UNTRACKED_2026-03-07_1233_757ae4d4c/raw/hygiene_gate_rerun.exit	LOCAL_ONLY_HISTORICAL	HISTORICAL_PROOFPACK_PATH	NO_BROAD_UNTRACKED_COMMIT_POLICY	historical proof-pack residue intentionally excluded from current isolated commit	KEEP_LOCAL
proof_packs/HYGIENE_RERUN_KEEP_UNTRACKED_2026-03-07_1233_757ae4d4c/raw/recheck_detect_recurrence.exit	LOCAL_ONLY_HISTORICAL	HISTORICAL_PROOFPACK_PATH	NO_BROAD_UNTRACKED_COMMIT_POLICY	historical proof-pack residue intentionally excluded from current isolated commit	KEEP_LOCAL
proof_packs/HYGIENE_RERUN_KEEP_UNTRACKED_2026-03-07_1233_757ae4d4c/raw/recheck_detect_recurrence.tail20.txt	LOCAL_ONLY_HISTORICAL	HISTORICAL_PROOFPACK_PATH	NO_BROAD_UNTRACKED_COMMIT_POLICY	historical proof-pack residue intentionally excluded from current isolated commit	KEEP_LOCAL
proof_packs/HYGIENE_RERUN_KEEP_UNTRACKED_2026-03-07_1233_757ae4d4c/raw/recheck_detect_recurrence.txt	LOCAL_ONLY_HISTORICAL	HISTORICAL_PROOFPACK_PATH	NO_BROAD_UNTRACKED_COMMIT_POLICY	historical proof-pack residue intentionally excluded from current isolated commit	KEEP_LOCAL
proof_packs/HYGIENE_RERUN_KEEP_UNTRACKED_2026-03-07_1233_757ae4d4c/raw/recheck_verify_instructions.exit	LOCAL_ONLY_HISTORICAL	HISTORICAL_PROOFPACK_PATH	NO_BROAD_UNTRACKED_COMMIT_POLICY	historical proof-pack residue intentionally excluded from current isolated commit	KEEP_LOCAL
proof_packs/HYGIENE_RERUN_KEEP_UNTRACKED_2026-03-07_1233_757ae4d4c/raw/recheck_verify_instructions.tail20.txt	LOCAL_ONLY_HISTORICAL	HISTORICAL_PROOFPACK_PATH	NO_BROAD_UNTRACKED_COMMIT_POLICY	historical proof-pack residue intentionally excluded from current isolated commit	KEEP_LOCAL
proof_packs/HYGIENE_RERUN_KEEP_UNTRACKED_2026-03-07_1233_757ae4d4c/raw/recheck_verify_instructions.txt	LOCAL_ONLY_HISTORICAL	HISTORICAL_PROOFPACK_PATH	NO_BROAD_UNTRACKED_COMMIT_POLICY	historical proof-pack residue intentionally excluded from current isolated commit	KEEP_LOCAL
proof_packs/HYGIENE_RERUN_KEEP_UNTRACKED_2026-03-07_1233_757ae4d4c/raw/recheck_verify_registry_status.txt	LOCAL_ONLY_HISTORICAL	HISTORICAL_PROOFPACK_PATH	NO_BROAD_UNTRACKED_COMMIT_POLICY	historical proof-pack residue intentionally excluded from current isolated commit	KEEP_LOCAL
proof_packs/HYGIENE_RERUN_KEEP_UNTRACKED_2026-03-07_1233_757ae4d4c/raw/tracked_drift_paths.tsv	LOCAL_ONLY_HISTORICAL	HISTORICAL_PROOFPACK_PATH	NO_BROAD_UNTRACKED_COMMIT_POLICY	historical proof-pack residue intentionally excluded from current isolated commit	KEEP_LOCAL
proof_packs/HYGIENE_RERUN_KEEP_UNTRACKED_2026-03-07_1233_757ae4d4c/raw/untracked_nonproof_paths.tsv	LOCAL_ONLY_HISTORICAL	HISTORICAL_PROOFPACK_PATH	NO_BROAD_UNTRACKED_COMMIT_POLICY	historical proof-pack residue intentionally excluded from current isolated commit	KEEP_LOCAL
proof_packs/HYGIENE_RERUN_KEEP_UNTRACKED_2026-03-07_1233_757ae4d4c/raw/untracked_proof_paths.tsv	LOCAL_ONLY_HISTORICAL	HISTORICAL_PROOFPACK_PATH	NO_BROAD_UNTRACKED_COMMIT_POLICY	historical proof-pack residue intentionally excluded from current isolated commit	KEEP_LOCAL
proof_packs/HYGIENE_RERUN_KEEP_UNTRACKED_2026-03-07_1233_757ae4d4c/raw/workspace_classification_counts.txt	LOCAL_ONLY_HISTORICAL	HISTORICAL_PROOFPACK_PATH	NO_BROAD_UNTRACKED_COMMIT_POLICY	historical proof-pack residue intentionally excluded from current isolated commit	KEEP_LOCAL
proof_packs/HYGIENE_RERUN_KEEP_UNTRACKED_2026-03-07_1233_757ae4d4c/raw/workspace_classification_full.tsv	LOCAL_ONLY_HISTORICAL	HISTORICAL_PROOFPACK_PATH	NO_BROAD_UNTRACKED_COMMIT_POLICY	historical proof-pack residue intentionally excluded from current isolated commit	KEEP_LOCAL
proof_packs/HYGIENE_RERUN_KEEP_UNTRACKED_2026-03-07_1233_757ae4d4c/raw/workspace_status_eval.txt	LOCAL_ONLY_HISTORICAL	HISTORICAL_PROOFPACK_PATH	NO_BROAD_UNTRACKED_COMMIT_POLICY	historical proof-pack residue intentionally excluded from current isolated commit	KEEP_LOCAL
proof_packs/HYGIENE_RERUN_KEEP_UNTRACKED_2026-03-07_1233_757ae4d4c/ROLLBACK.md	LOCAL_ONLY_HISTORICAL	HISTORICAL_PROOFPACK_PATH	NO_BROAD_UNTRACKED_COMMIT_POLICY	historical proof-pack residue intentionally excluded from current isolated commit	KEEP_LOCAL
proof_packs/HYGIENE_RERUN_KEEP_UNTRACKED_2026-03-07_1233_757ae4d4c/VERDICT.md	LOCAL_ONLY_HISTORICAL	HISTORICAL_PROOFPACK_PATH	NO_BROAD_UNTRACKED_COMMIT_POLICY	historical proof-pack residue intentionally excluded from current isolated commit	KEEP_LOCAL
proof_packs/IDLE_REENTRY_AFTER_TRIGGER_REJECTION_2026-03-07_0844_757ae4d4c/00_EXEC_SUMMARY.md	LOCAL_ONLY_HISTORICAL	HISTORICAL_PROOFPACK_PATH	NO_BROAD_UNTRACKED_COMMIT_POLICY	historical proof-pack residue intentionally excluded from current isolated commit	KEEP_LOCAL
proof_packs/IDLE_REENTRY_AFTER_TRIGGER_REJECTION_2026-03-07_0844_757ae4d4c/01_BOOTSTRAP.md	LOCAL_ONLY_HISTORICAL	HISTORICAL_PROOFPACK_PATH	NO_BROAD_UNTRACKED_COMMIT_POLICY	historical proof-pack residue intentionally excluded from current isolated commit	KEEP_LOCAL
proof_packs/IDLE_REENTRY_AFTER_TRIGGER_REJECTION_2026-03-07_0844_757ae4d4c/02_REJECTED_TRIGGER_REFERENCE.md	LOCAL_ONLY_HISTORICAL	HISTORICAL_PROOFPACK_PATH	NO_BROAD_UNTRACKED_COMMIT_POLICY	historical proof-pack residue intentionally excluded from current isolated commit	KEEP_LOCAL
proof_packs/IDLE_REENTRY_AFTER_TRIGGER_REJECTION_2026-03-07_0844_757ae4d4c/03_NON_ACTIVATION_CONFIRMATION.md	LOCAL_ONLY_HISTORICAL	HISTORICAL_PROOFPACK_PATH	NO_BROAD_UNTRACKED_COMMIT_POLICY	historical proof-pack residue intentionally excluded from current isolated commit	KEEP_LOCAL
proof_packs/IDLE_REENTRY_AFTER_TRIGGER_REJECTION_2026-03-07_0844_757ae4d4c/04_IDLE_REENTRY_RULE.md	LOCAL_ONLY_HISTORICAL	HISTORICAL_PROOFPACK_PATH	NO_BROAD_UNTRACKED_COMMIT_POLICY	historical proof-pack residue intentionally excluded from current isolated commit	KEEP_LOCAL
proof_packs/IDLE_REENTRY_AFTER_TRIGGER_REJECTION_2026-03-07_0844_757ae4d4c/05_FALSE_WAKE_MEMORY.md	LOCAL_ONLY_HISTORICAL	HISTORICAL_PROOFPACK_PATH	NO_BROAD_UNTRACKED_COMMIT_POLICY	historical proof-pack residue intentionally excluded from current isolated commit	KEEP_LOCAL
proof_packs/IDLE_REENTRY_AFTER_TRIGGER_REJECTION_2026-03-07_0844_757ae4d4c/06_RETURN_TO_IDLE_DECISION.md	LOCAL_ONLY_HISTORICAL	HISTORICAL_PROOFPACK_PATH	NO_BROAD_UNTRACKED_COMMIT_POLICY	historical proof-pack residue intentionally excluded from current isolated commit	KEEP_LOCAL
proof_packs/IDLE_REENTRY_AFTER_TRIGGER_REJECTION_2026-03-07_0844_757ae4d4c/raw/bootstrap_summary.txt	LOCAL_ONLY_HISTORICAL	HISTORICAL_PROOFPACK_PATH	NO_BROAD_UNTRACKED_COMMIT_POLICY	historical proof-pack residue intentionally excluded from current isolated commit	KEEP_LOCAL
proof_packs/IDLE_REENTRY_AFTER_TRIGGER_REJECTION_2026-03-07_0844_757ae4d4c/raw/check_baseline_from_activation.txt	LOCAL_ONLY_HISTORICAL	HISTORICAL_PROOFPACK_PATH	NO_BROAD_UNTRACKED_COMMIT_POLICY	historical proof-pack residue intentionally excluded from current isolated commit	KEEP_LOCAL
proof_packs/IDLE_REENTRY_AFTER_TRIGGER_REJECTION_2026-03-07_0844_757ae4d4c/raw/check_baseline_from_idle.txt	LOCAL_ONLY_HISTORICAL	HISTORICAL_PROOFPACK_PATH	NO_BROAD_UNTRACKED_COMMIT_POLICY	historical proof-pack residue intentionally excluded from current isolated commit	KEEP_LOCAL
proof_packs/IDLE_REENTRY_AFTER_TRIGGER_REJECTION_2026-03-07_0844_757ae4d4c/raw/check_prev_verdict_trigger_rejected.txt	LOCAL_ONLY_HISTORICAL	HISTORICAL_PROOFPACK_PATH	NO_BROAD_UNTRACKED_COMMIT_POLICY	historical proof-pack residue intentionally excluded from current isolated commit	KEEP_LOCAL
proof_packs/IDLE_REENTRY_AFTER_TRIGGER_REJECTION_2026-03-07_0844_757ae4d4c/raw/check_state_governed_idle_confirmed.txt	LOCAL_ONLY_HISTORICAL	HISTORICAL_PROOFPACK_PATH	NO_BROAD_UNTRACKED_COMMIT_POLICY	historical proof-pack residue intentionally excluded from current isolated commit	KEEP_LOCAL
proof_packs/IDLE_REENTRY_AFTER_TRIGGER_REJECTION_2026-03-07_0844_757ae4d4c/raw/check_state_standby_confirmed.txt	LOCAL_ONLY_HISTORICAL	HISTORICAL_PROOFPACK_PATH	NO_BROAD_UNTRACKED_COMMIT_POLICY	historical proof-pack residue intentionally excluded from current isolated commit	KEEP_LOCAL
proof_packs/IDLE_REENTRY_AFTER_TRIGGER_REJECTION_2026-03-07_0844_757ae4d4c/raw/check_state_wake_protocol_ready.txt	LOCAL_ONLY_HISTORICAL	HISTORICAL_PROOFPACK_PATH	NO_BROAD_UNTRACKED_COMMIT_POLICY	historical proof-pack residue intentionally excluded from current isolated commit	KEEP_LOCAL
proof_packs/IDLE_REENTRY_AFTER_TRIGGER_REJECTION_2026-03-07_0844_757ae4d4c/raw/git_branch_show_current.txt	LOCAL_ONLY_HISTORICAL	HISTORICAL_PROOFPACK_PATH	NO_BROAD_UNTRACKED_COMMIT_POLICY	historical proof-pack residue intentionally excluded from current isolated commit	KEEP_LOCAL
proof_packs/IDLE_REENTRY_AFTER_TRIGGER_REJECTION_2026-03-07_0844_757ae4d4c/raw/git_rev_parse_short.txt	LOCAL_ONLY_HISTORICAL	HISTORICAL_PROOFPACK_PATH	NO_BROAD_UNTRACKED_COMMIT_POLICY	historical proof-pack residue intentionally excluded from current isolated commit	KEEP_LOCAL
proof_packs/IDLE_REENTRY_AFTER_TRIGGER_REJECTION_2026-03-07_0844_757ae4d4c/raw/git_status_short.txt	LOCAL_ONLY_HISTORICAL	HISTORICAL_PROOFPACK_PATH	NO_BROAD_UNTRACKED_COMMIT_POLICY	historical proof-pack residue intentionally excluded from current isolated commit	KEEP_LOCAL
proof_packs/IDLE_REENTRY_AFTER_TRIGGER_REJECTION_2026-03-07_0844_757ae4d4c/raw/non_activation_snapshot.txt	LOCAL_ONLY_HISTORICAL	HISTORICAL_PROOFPACK_PATH	NO_BROAD_UNTRACKED_COMMIT_POLICY	historical proof-pack residue intentionally excluded from current isolated commit	KEEP_LOCAL
proof_packs/IDLE_REENTRY_AFTER_TRIGGER_REJECTION_2026-03-07_0844_757ae4d4c/raw/prev_activation_decision.md	LOCAL_ONLY_HISTORICAL	HISTORICAL_PROOFPACK_PATH	NO_BROAD_UNTRACKED_COMMIT_POLICY	historical proof-pack residue intentionally excluded from current isolated commit	KEEP_LOCAL
proof_packs/IDLE_REENTRY_AFTER_TRIGGER_REJECTION_2026-03-07_0844_757ae4d4c/raw/prev_threshold_validation.md	LOCAL_ONLY_HISTORICAL	HISTORICAL_PROOFPACK_PATH	NO_BROAD_UNTRACKED_COMMIT_POLICY	historical proof-pack residue intentionally excluded from current isolated commit	KEEP_LOCAL
proof_packs/IDLE_REENTRY_AFTER_TRIGGER_REJECTION_2026-03-07_0844_757ae4d4c/raw/prev_trigger_signal_capture.txt	LOCAL_ONLY_HISTORICAL	HISTORICAL_PROOFPACK_PATH	NO_BROAD_UNTRACKED_COMMIT_POLICY	historical proof-pack residue intentionally excluded from current isolated commit	KEEP_LOCAL
proof_packs/IDLE_REENTRY_AFTER_TRIGGER_REJECTION_2026-03-07_0844_757ae4d4c/raw/prev_verdict.md	LOCAL_ONLY_HISTORICAL	HISTORICAL_PROOFPACK_PATH	NO_BROAD_UNTRACKED_COMMIT_POLICY	historical proof-pack residue intentionally excluded from current isolated commit	KEEP_LOCAL
proof_packs/IDLE_REENTRY_AFTER_TRIGGER_REJECTION_2026-03-07_0844_757ae4d4c/ROLLBACK.md	LOCAL_ONLY_HISTORICAL	HISTORICAL_PROOFPACK_PATH	NO_BROAD_UNTRACKED_COMMIT_POLICY	historical proof-pack residue intentionally excluded from current isolated commit	KEEP_LOCAL
proof_packs/IDLE_REENTRY_AFTER_TRIGGER_REJECTION_2026-03-07_0844_757ae4d4c/VERDICT.md	LOCAL_ONLY_HISTORICAL	HISTORICAL_PROOFPACK_PATH	NO_BROAD_UNTRACKED_COMMIT_POLICY	historical proof-pack residue intentionally excluded from current isolated commit	KEEP_LOCAL
proof_packs/NEXT_CYCLE_ENTRY_GATE_2026-03-07_1254_757ae4d4c/00_EXEC_SUMMARY.md	LOCAL_ONLY_HISTORICAL	HISTORICAL_PROOFPACK_PATH	NO_BROAD_UNTRACKED_COMMIT_POLICY	historical proof-pack residue intentionally excluded from current isolated commit	KEEP_LOCAL
proof_packs/NEXT_CYCLE_ENTRY_GATE_2026-03-07_1254_757ae4d4c/01_BOOTSTRAP.md	LOCAL_ONLY_HISTORICAL	HISTORICAL_PROOFPACK_PATH	NO_BROAD_UNTRACKED_COMMIT_POLICY	historical proof-pack residue intentionally excluded from current isolated commit	KEEP_LOCAL
proof_packs/NEXT_CYCLE_ENTRY_GATE_2026-03-07_1254_757ae4d4c/02_CANON_BASELINE_REFERENCE.md	LOCAL_ONLY_HISTORICAL	HISTORICAL_PROOFPACK_PATH	NO_BROAD_UNTRACKED_COMMIT_POLICY	historical proof-pack residue intentionally excluded from current isolated commit	KEEP_LOCAL
proof_packs/NEXT_CYCLE_ENTRY_GATE_2026-03-07_1254_757ae4d4c/03_ENTRY_REQUEST_TRUTH.md	LOCAL_ONLY_HISTORICAL	HISTORICAL_PROOFPACK_PATH	NO_BROAD_UNTRACKED_COMMIT_POLICY	historical proof-pack residue intentionally excluded from current isolated commit	KEEP_LOCAL
proof_packs/NEXT_CYCLE_ENTRY_GATE_2026-03-07_1254_757ae4d4c/04_SCOPE_OR_DRIFT_CLASSIFICATION.md	LOCAL_ONLY_HISTORICAL	HISTORICAL_PROOFPACK_PATH	NO_BROAD_UNTRACKED_COMMIT_POLICY	historical proof-pack residue intentionally excluded from current isolated commit	KEEP_LOCAL
proof_packs/NEXT_CYCLE_ENTRY_GATE_2026-03-07_1254_757ae4d4c/05_DELTA_CANDIDATE.md	LOCAL_ONLY_HISTORICAL	HISTORICAL_PROOFPACK_PATH	NO_BROAD_UNTRACKED_COMMIT_POLICY	historical proof-pack residue intentionally excluded from current isolated commit	KEEP_LOCAL
proof_packs/NEXT_CYCLE_ENTRY_GATE_2026-03-07_1254_757ae4d4c/06_ALLOWED_NEXT_ACTION.md	LOCAL_ONLY_HISTORICAL	HISTORICAL_PROOFPACK_PATH	NO_BROAD_UNTRACKED_COMMIT_POLICY	historical proof-pack residue intentionally excluded from current isolated commit	KEEP_LOCAL
proof_packs/NEXT_CYCLE_ENTRY_GATE_2026-03-07_1254_757ae4d4c/07_RESIDUAL_RISKS.md	LOCAL_ONLY_HISTORICAL	HISTORICAL_PROOFPACK_PATH	NO_BROAD_UNTRACKED_COMMIT_POLICY	historical proof-pack residue intentionally excluded from current isolated commit	KEEP_LOCAL
proof_packs/NEXT_CYCLE_ENTRY_GATE_2026-03-07_1254_757ae4d4c/08_ENTRY_DECISION.md	LOCAL_ONLY_HISTORICAL	HISTORICAL_PROOFPACK_PATH	NO_BROAD_UNTRACKED_COMMIT_POLICY	historical proof-pack residue intentionally excluded from current isolated commit	KEEP_LOCAL
proof_packs/NEXT_CYCLE_ENTRY_GATE_2026-03-07_1254_757ae4d4c/raw/canon_DECLARATION.md	LOCAL_ONLY_HISTORICAL	HISTORICAL_PROOFPACK_PATH	NO_BROAD_UNTRACKED_COMMIT_POLICY	historical proof-pack residue intentionally excluded from current isolated commit	KEEP_LOCAL
proof_packs/NEXT_CYCLE_ENTRY_GATE_2026-03-07_1254_757ae4d4c/raw/canon_pack_exists.txt	LOCAL_ONLY_HISTORICAL	HISTORICAL_PROOFPACK_PATH	NO_BROAD_UNTRACKED_COMMIT_POLICY	historical proof-pack residue intentionally excluded from current isolated commit	KEEP_LOCAL
proof_packs/NEXT_CYCLE_ENTRY_GATE_2026-03-07_1254_757ae4d4c/raw/canon_VERDICT.md	LOCAL_ONLY_HISTORICAL	HISTORICAL_PROOFPACK_PATH	NO_BROAD_UNTRACKED_COMMIT_POLICY	historical proof-pack residue intentionally excluded from current isolated commit	KEEP_LOCAL
proof_packs/NEXT_CYCLE_ENTRY_GATE_2026-03-07_1254_757ae4d4c/raw/current_entry_metrics.txt	LOCAL_ONLY_HISTORICAL	HISTORICAL_PROOFPACK_PATH	NO_BROAD_UNTRACKED_COMMIT_POLICY	historical proof-pack residue intentionally excluded from current isolated commit	KEEP_LOCAL
proof_packs/NEXT_CYCLE_ENTRY_GATE_2026-03-07_1254_757ae4d4c/raw/entry_gate_eval.txt	LOCAL_ONLY_HISTORICAL	HISTORICAL_PROOFPACK_PATH	NO_BROAD_UNTRACKED_COMMIT_POLICY	historical proof-pack residue intentionally excluded from current isolated commit	KEEP_LOCAL
proof_packs/NEXT_CYCLE_ENTRY_GATE_2026-03-07_1254_757ae4d4c/raw/entry_signal_capture.txt	LOCAL_ONLY_HISTORICAL	HISTORICAL_PROOFPACK_PATH	NO_BROAD_UNTRACKED_COMMIT_POLICY	historical proof-pack residue intentionally excluded from current isolated commit	KEEP_LOCAL
proof_packs/NEXT_CYCLE_ENTRY_GATE_2026-03-07_1254_757ae4d4c/raw/git_branch_show_current.txt	LOCAL_ONLY_HISTORICAL	HISTORICAL_PROOFPACK_PATH	NO_BROAD_UNTRACKED_COMMIT_POLICY	historical proof-pack residue intentionally excluded from current isolated commit	KEEP_LOCAL
proof_packs/NEXT_CYCLE_ENTRY_GATE_2026-03-07_1254_757ae4d4c/raw/git_diff_cached_name_only.txt	LOCAL_ONLY_HISTORICAL	HISTORICAL_PROOFPACK_PATH	NO_BROAD_UNTRACKED_COMMIT_POLICY	historical proof-pack residue intentionally excluded from current isolated commit	KEEP_LOCAL
proof_packs/NEXT_CYCLE_ENTRY_GATE_2026-03-07_1254_757ae4d4c/raw/git_diff_name_only.txt	LOCAL_ONLY_HISTORICAL	HISTORICAL_PROOFPACK_PATH	NO_BROAD_UNTRACKED_COMMIT_POLICY	historical proof-pack residue intentionally excluded from current isolated commit	KEEP_LOCAL
proof_packs/NEXT_CYCLE_ENTRY_GATE_2026-03-07_1254_757ae4d4c/raw/git_log_10_oneline.txt	LOCAL_ONLY_HISTORICAL	HISTORICAL_PROOFPACK_PATH	NO_BROAD_UNTRACKED_COMMIT_POLICY	historical proof-pack residue intentionally excluded from current isolated commit	KEEP_LOCAL
proof_packs/NEXT_CYCLE_ENTRY_GATE_2026-03-07_1254_757ae4d4c/raw/git_ls_files_untracked.txt	LOCAL_ONLY_HISTORICAL	HISTORICAL_PROOFPACK_PATH	NO_BROAD_UNTRACKED_COMMIT_POLICY	historical proof-pack residue intentionally excluded from current isolated commit	KEEP_LOCAL
proof_packs/NEXT_CYCLE_ENTRY_GATE_2026-03-07_1254_757ae4d4c/raw/git_rev_parse_short.txt	LOCAL_ONLY_HISTORICAL	HISTORICAL_PROOFPACK_PATH	NO_BROAD_UNTRACKED_COMMIT_POLICY	historical proof-pack residue intentionally excluded from current isolated commit	KEEP_LOCAL
proof_packs/NEXT_CYCLE_ENTRY_GATE_2026-03-07_1254_757ae4d4c/raw/git_status_short.txt	LOCAL_ONLY_HISTORICAL	HISTORICAL_PROOFPACK_PATH	NO_BROAD_UNTRACKED_COMMIT_POLICY	historical proof-pack residue intentionally excluded from current isolated commit	KEEP_LOCAL
proof_packs/NEXT_CYCLE_ENTRY_GATE_2026-03-07_1254_757ae4d4c/raw/seal_VERDICT.md	LOCAL_ONLY_HISTORICAL	HISTORICAL_PROOFPACK_PATH	NO_BROAD_UNTRACKED_COMMIT_POLICY	historical proof-pack residue intentionally excluded from current isolated commit	KEEP_LOCAL
proof_packs/NEXT_CYCLE_ENTRY_GATE_2026-03-07_1254_757ae4d4c/ROLLBACK.md	LOCAL_ONLY_HISTORICAL	HISTORICAL_PROOFPACK_PATH	NO_BROAD_UNTRACKED_COMMIT_POLICY	historical proof-pack residue intentionally excluded from current isolated commit	KEEP_LOCAL
proof_packs/NEXT_CYCLE_ENTRY_GATE_2026-03-07_1254_757ae4d4c/VERDICT.md	LOCAL_ONLY_HISTORICAL	HISTORICAL_PROOFPACK_PATH	NO_BROAD_UNTRACKED_COMMIT_POLICY	historical proof-pack residue intentionally excluded from current isolated commit	KEEP_LOCAL
proof_packs/OMEGA_DORMANT_MASTER_TEMPLATE_2026-03-07_0850_757ae4d4c/00_EXEC_SUMMARY.md	LOCAL_ONLY_HISTORICAL	HISTORICAL_PROOFPACK_PATH	NO_BROAD_UNTRACKED_COMMIT_POLICY	historical proof-pack residue intentionally excluded from current isolated commit	KEEP_LOCAL
proof_packs/OMEGA_DORMANT_MASTER_TEMPLATE_2026-03-07_0850_757ae4d4c/01_BASELINE_AND_USAGE_LOCK.md	LOCAL_ONLY_HISTORICAL	HISTORICAL_PROOFPACK_PATH	NO_BROAD_UNTRACKED_COMMIT_POLICY	historical proof-pack residue intentionally excluded from current isolated commit	KEEP_LOCAL
proof_packs/OMEGA_DORMANT_MASTER_TEMPLATE_2026-03-07_0850_757ae4d4c/02_OMEGA_DORMANT_MASTER_TEMPLATE.md	LOCAL_ONLY_HISTORICAL	HISTORICAL_PROOFPACK_PATH	NO_BROAD_UNTRACKED_COMMIT_POLICY	historical proof-pack residue intentionally excluded from current isolated commit	KEEP_LOCAL
proof_packs/OMEGA_DORMANT_MASTER_TEMPLATE_2026-03-07_0850_757ae4d4c/raw/bootstrap_summary.txt	LOCAL_ONLY_HISTORICAL	HISTORICAL_PROOFPACK_PATH	NO_BROAD_UNTRACKED_COMMIT_POLICY	historical proof-pack residue intentionally excluded from current isolated commit	KEEP_LOCAL
proof_packs/OMEGA_DORMANT_MASTER_TEMPLATE_2026-03-07_0850_757ae4d4c/raw/check_baseline_757ae4d4c.txt	LOCAL_ONLY_HISTORICAL	HISTORICAL_PROOFPACK_PATH	NO_BROAD_UNTRACKED_COMMIT_POLICY	historical proof-pack residue intentionally excluded from current isolated commit	KEEP_LOCAL
proof_packs/OMEGA_DORMANT_MASTER_TEMPLATE_2026-03-07_0850_757ae4d4c/raw/check_state_governed_idle_confirmed.txt	LOCAL_ONLY_HISTORICAL	HISTORICAL_PROOFPACK_PATH	NO_BROAD_UNTRACKED_COMMIT_POLICY	historical proof-pack residue intentionally excluded from current isolated commit	KEEP_LOCAL
proof_packs/OMEGA_DORMANT_MASTER_TEMPLATE_2026-03-07_0850_757ae4d4c/raw/check_state_return_to_idle_confirmed.txt	LOCAL_ONLY_HISTORICAL	HISTORICAL_PROOFPACK_PATH	NO_BROAD_UNTRACKED_COMMIT_POLICY	historical proof-pack residue intentionally excluded from current isolated commit	KEEP_LOCAL
proof_packs/OMEGA_DORMANT_MASTER_TEMPLATE_2026-03-07_0850_757ae4d4c/raw/check_state_standby_confirmed.txt	LOCAL_ONLY_HISTORICAL	HISTORICAL_PROOFPACK_PATH	NO_BROAD_UNTRACKED_COMMIT_POLICY	historical proof-pack residue intentionally excluded from current isolated commit	KEEP_LOCAL
proof_packs/OMEGA_DORMANT_MASTER_TEMPLATE_2026-03-07_0850_757ae4d4c/raw/check_state_wake_protocol_ready.txt	LOCAL_ONLY_HISTORICAL	HISTORICAL_PROOFPACK_PATH	NO_BROAD_UNTRACKED_COMMIT_POLICY	historical proof-pack residue intentionally excluded from current isolated commit	KEEP_LOCAL
proof_packs/OMEGA_DORMANT_MASTER_TEMPLATE_2026-03-07_0850_757ae4d4c/raw/dormant_intent_capture.txt	LOCAL_ONLY_HISTORICAL	HISTORICAL_PROOFPACK_PATH	NO_BROAD_UNTRACKED_COMMIT_POLICY	historical proof-pack residue intentionally excluded from current isolated commit	KEEP_LOCAL
proof_packs/OMEGA_DORMANT_MASTER_TEMPLATE_2026-03-07_0850_757ae4d4c/raw/git_branch_show_current.txt	LOCAL_ONLY_HISTORICAL	HISTORICAL_PROOFPACK_PATH	NO_BROAD_UNTRACKED_COMMIT_POLICY	historical proof-pack residue intentionally excluded from current isolated commit	KEEP_LOCAL
proof_packs/OMEGA_DORMANT_MASTER_TEMPLATE_2026-03-07_0850_757ae4d4c/raw/git_rev_parse_short.txt	LOCAL_ONLY_HISTORICAL	HISTORICAL_PROOFPACK_PATH	NO_BROAD_UNTRACKED_COMMIT_POLICY	historical proof-pack residue intentionally excluded from current isolated commit	KEEP_LOCAL
proof_packs/OMEGA_DORMANT_MASTER_TEMPLATE_2026-03-07_0850_757ae4d4c/raw/git_status_short.txt	LOCAL_ONLY_HISTORICAL	HISTORICAL_PROOFPACK_PATH	NO_BROAD_UNTRACKED_COMMIT_POLICY	historical proof-pack residue intentionally excluded from current isolated commit	KEEP_LOCAL
proof_packs/OMEGA_DORMANT_MASTER_TEMPLATE_2026-03-07_0850_757ae4d4c/raw/reference_governed_idle_verdict.md	LOCAL_ONLY_HISTORICAL	HISTORICAL_PROOFPACK_PATH	NO_BROAD_UNTRACKED_COMMIT_POLICY	historical proof-pack residue intentionally excluded from current isolated commit	KEEP_LOCAL
proof_packs/OMEGA_DORMANT_MASTER_TEMPLATE_2026-03-07_0850_757ae4d4c/raw/reference_return_to_idle_verdict.md	LOCAL_ONLY_HISTORICAL	HISTORICAL_PROOFPACK_PATH	NO_BROAD_UNTRACKED_COMMIT_POLICY	historical proof-pack residue intentionally excluded from current isolated commit	KEEP_LOCAL
proof_packs/OMEGA_DORMANT_MASTER_TEMPLATE_2026-03-07_0850_757ae4d4c/raw/reference_wake_protocol_verdict.md	LOCAL_ONLY_HISTORICAL	HISTORICAL_PROOFPACK_PATH	NO_BROAD_UNTRACKED_COMMIT_POLICY	historical proof-pack residue intentionally excluded from current isolated commit	KEEP_LOCAL
proof_packs/OMEGA_DORMANT_MASTER_TEMPLATE_2026-03-07_0850_757ae4d4c/ROLLBACK.md	LOCAL_ONLY_HISTORICAL	HISTORICAL_PROOFPACK_PATH	NO_BROAD_UNTRACKED_COMMIT_POLICY	historical proof-pack residue intentionally excluded from current isolated commit	KEEP_LOCAL
proof_packs/OMEGA_DORMANT_MASTER_TEMPLATE_2026-03-07_0850_757ae4d4c/VERDICT.md	LOCAL_ONLY_HISTORICAL	HISTORICAL_PROOFPACK_PATH	NO_BROAD_UNTRACKED_COMMIT_POLICY	historical proof-pack residue intentionally excluded from current isolated commit	KEEP_LOCAL
proof_packs/POST_MERGE_VALIDATION_2026-03-07_757ae4d4c/00_EXEC_SUMMARY.md	LOCAL_ONLY_HISTORICAL	HISTORICAL_PROOFPACK_PATH	NO_BROAD_UNTRACKED_COMMIT_POLICY	historical proof-pack residue intentionally excluded from current isolated commit	KEEP_LOCAL
proof_packs/POST_MERGE_VALIDATION_2026-03-07_757ae4d4c/01_BOOTSTRAP.md	LOCAL_ONLY_HISTORICAL	HISTORICAL_PROOFPACK_PATH	NO_BROAD_UNTRACKED_COMMIT_POLICY	historical proof-pack residue intentionally excluded from current isolated commit	KEEP_LOCAL
proof_packs/POST_MERGE_VALIDATION_2026-03-07_757ae4d4c/02_MAIN_TRUTH.md	LOCAL_ONLY_HISTORICAL	HISTORICAL_PROOFPACK_PATH	NO_BROAD_UNTRACKED_COMMIT_POLICY	historical proof-pack residue intentionally excluded from current isolated commit	KEEP_LOCAL
proof_packs/POST_MERGE_VALIDATION_2026-03-07_757ae4d4c/03_SCOPE_FREEZE.md	LOCAL_ONLY_HISTORICAL	HISTORICAL_PROOFPACK_PATH	NO_BROAD_UNTRACKED_COMMIT_POLICY	historical proof-pack residue intentionally excluded from current isolated commit	KEEP_LOCAL
proof_packs/POST_MERGE_VALIDATION_2026-03-07_757ae4d4c/04_COMMANDS_USED.md	LOCAL_ONLY_HISTORICAL	HISTORICAL_PROOFPACK_PATH	NO_BROAD_UNTRACKED_COMMIT_POLICY	historical proof-pack residue intentionally excluded from current isolated commit	KEEP_LOCAL
proof_packs/POST_MERGE_VALIDATION_2026-03-07_757ae4d4c/05_CI_STATUS.md	LOCAL_ONLY_HISTORICAL	HISTORICAL_PROOFPACK_PATH	NO_BROAD_UNTRACKED_COMMIT_POLICY	historical proof-pack residue intentionally excluded from current isolated commit	KEEP_LOCAL
proof_packs/POST_MERGE_VALIDATION_2026-03-07_757ae4d4c/06_REGISTRY_INTEGRITY.md	LOCAL_ONLY_HISTORICAL	HISTORICAL_PROOFPACK_PATH	NO_BROAD_UNTRACKED_COMMIT_POLICY	historical proof-pack residue intentionally excluded from current isolated commit	KEEP_LOCAL
proof_packs/POST_MERGE_VALIDATION_2026-03-07_757ae4d4c/07_AUTOHEAL_STATUS.md	LOCAL_ONLY_HISTORICAL	HISTORICAL_PROOFPACK_PATH	NO_BROAD_UNTRACKED_COMMIT_POLICY	historical proof-pack residue intentionally excluded from current isolated commit	KEEP_LOCAL
proof_packs/POST_MERGE_VALIDATION_2026-03-07_757ae4d4c/08_GATES_RECHECK.md	LOCAL_ONLY_HISTORICAL	HISTORICAL_PROOFPACK_PATH	NO_BROAD_UNTRACKED_COMMIT_POLICY	historical proof-pack residue intentionally excluded from current isolated commit	KEEP_LOCAL
proof_packs/POST_MERGE_VALIDATION_2026-03-07_757ae4d4c/09_PIPELINE_STABILITY.md	LOCAL_ONLY_HISTORICAL	HISTORICAL_PROOFPACK_PATH	NO_BROAD_UNTRACKED_COMMIT_POLICY	historical proof-pack residue intentionally excluded from current isolated commit	KEEP_LOCAL
proof_packs/POST_MERGE_VALIDATION_2026-03-07_757ae4d4c/10_RESIDUAL_RISKS.md	LOCAL_ONLY_HISTORICAL	HISTORICAL_PROOFPACK_PATH	NO_BROAD_UNTRACKED_COMMIT_POLICY	historical proof-pack residue intentionally excluded from current isolated commit	KEEP_LOCAL
proof_packs/POST_MERGE_VALIDATION_2026-03-07_757ae4d4c/11_ROLLBACK.md	LOCAL_ONLY_HISTORICAL	HISTORICAL_PROOFPACK_PATH	NO_BROAD_UNTRACKED_COMMIT_POLICY	historical proof-pack residue intentionally excluded from current isolated commit	KEEP_LOCAL
proof_packs/POST_MERGE_VALIDATION_2026-03-07_757ae4d4c/12_FINAL_DECISION.md	LOCAL_ONLY_HISTORICAL	HISTORICAL_PROOFPACK_PATH	NO_BROAD_UNTRACKED_COMMIT_POLICY	historical proof-pack residue intentionally excluded from current isolated commit	KEEP_LOCAL
proof_packs/POST_MERGE_VALIDATION_2026-03-07_757ae4d4c/raw/autoheal_0077_check.txt	LOCAL_ONLY_HISTORICAL	HISTORICAL_PROOFPACK_PATH	NO_BROAD_UNTRACKED_COMMIT_POLICY	historical proof-pack residue intentionally excluded from current isolated commit	KEEP_LOCAL
proof_packs/POST_MERGE_VALIDATION_2026-03-07_757ae4d4c/raw/autoheal_recurrence.txt	LOCAL_ONLY_HISTORICAL	HISTORICAL_PROOFPACK_PATH	NO_BROAD_UNTRACKED_COMMIT_POLICY	historical proof-pack residue intentionally excluded from current isolated commit	KEEP_LOCAL
proof_packs/POST_MERGE_VALIDATION_2026-03-07_757ae4d4c/raw/ci_unified_libasound_check.txt	LOCAL_ONLY_HISTORICAL	HISTORICAL_PROOFPACK_PATH	NO_BROAD_UNTRACKED_COMMIT_POLICY	historical proof-pack residue intentionally excluded from current isolated commit	KEEP_LOCAL
proof_packs/POST_MERGE_VALIDATION_2026-03-07_757ae4d4c/raw/ci_workflow_summary.txt	LOCAL_ONLY_HISTORICAL	HISTORICAL_PROOFPACK_PATH	NO_BROAD_UNTRACKED_COMMIT_POLICY	historical proof-pack residue intentionally excluded from current isolated commit	KEEP_LOCAL
proof_packs/POST_MERGE_VALIDATION_2026-03-07_757ae4d4c/raw/gh_run_list_20.json	LOCAL_ONLY_HISTORICAL	HISTORICAL_PROOFPACK_PATH	NO_BROAD_UNTRACKED_COMMIT_POLICY	historical proof-pack residue intentionally excluded from current isolated commit	KEEP_LOCAL
proof_packs/POST_MERGE_VALIDATION_2026-03-07_757ae4d4c/raw/gh_runs_for_head.json	LOCAL_ONLY_HISTORICAL	HISTORICAL_PROOFPACK_PATH	NO_BROAD_UNTRACKED_COMMIT_POLICY	historical proof-pack residue intentionally excluded from current isolated commit	KEEP_LOCAL
proof_packs/POST_MERGE_VALIDATION_2026-03-07_757ae4d4c/raw/gh_workflow_list.txt	LOCAL_ONLY_HISTORICAL	HISTORICAL_PROOFPACK_PATH	NO_BROAD_UNTRACKED_COMMIT_POLICY	historical proof-pack residue intentionally excluded from current isolated commit	KEEP_LOCAL
proof_packs/POST_MERGE_VALIDATION_2026-03-07_757ae4d4c/raw/git_branch_show_current.txt	LOCAL_ONLY_HISTORICAL	HISTORICAL_PROOFPACK_PATH	NO_BROAD_UNTRACKED_COMMIT_POLICY	historical proof-pack residue intentionally excluded from current isolated commit	KEEP_LOCAL
proof_packs/POST_MERGE_VALIDATION_2026-03-07_757ae4d4c/raw/git_log_20_oneline.txt	LOCAL_ONLY_HISTORICAL	HISTORICAL_PROOFPACK_PATH	NO_BROAD_UNTRACKED_COMMIT_POLICY	historical proof-pack residue intentionally excluded from current isolated commit	KEEP_LOCAL
proof_packs/POST_MERGE_VALIDATION_2026-03-07_757ae4d4c/raw/git_rev_parse_MAIN.txt	LOCAL_ONLY_HISTORICAL	HISTORICAL_PROOFPACK_PATH	NO_BROAD_UNTRACKED_COMMIT_POLICY	historical proof-pack residue intentionally excluded from current isolated commit	KEEP_LOCAL
proof_packs/POST_MERGE_VALIDATION_2026-03-07_757ae4d4c/raw/git_rev_parse_origin_MAIN.txt	LOCAL_ONLY_HISTORICAL	HISTORICAL_PROOFPACK_PATH	NO_BROAD_UNTRACKED_COMMIT_POLICY	historical proof-pack residue intentionally excluded from current isolated commit	KEEP_LOCAL
proof_packs/POST_MERGE_VALIDATION_2026-03-07_757ae4d4c/raw/git_rev_parse_short.txt	LOCAL_ONLY_HISTORICAL	HISTORICAL_PROOFPACK_PATH	NO_BROAD_UNTRACKED_COMMIT_POLICY	historical proof-pack residue intentionally excluded from current isolated commit	KEEP_LOCAL
proof_packs/POST_MERGE_VALIDATION_2026-03-07_757ae4d4c/raw/git_status_sb.txt	LOCAL_ONLY_HISTORICAL	HISTORICAL_PROOFPACK_PATH	NO_BROAD_UNTRACKED_COMMIT_POLICY	historical proof-pack residue intentionally excluded from current isolated commit	KEEP_LOCAL
proof_packs/POST_MERGE_VALIDATION_2026-03-07_757ae4d4c/raw/git_status.txt	LOCAL_ONLY_HISTORICAL	HISTORICAL_PROOFPACK_PATH	NO_BROAD_UNTRACKED_COMMIT_POLICY	historical proof-pack residue intentionally excluded from current isolated commit	KEEP_LOCAL
proof_packs/POST_MERGE_VALIDATION_2026-03-07_757ae4d4c/raw/metric_ci_completed_nonsuccess.txt	LOCAL_ONLY_HISTORICAL	HISTORICAL_PROOFPACK_PATH	NO_BROAD_UNTRACKED_COMMIT_POLICY	historical proof-pack residue intentionally excluded from current isolated commit	KEEP_LOCAL
proof_packs/POST_MERGE_VALIDATION_2026-03-07_757ae4d4c/raw/metric_ci_completed_success.txt	LOCAL_ONLY_HISTORICAL	HISTORICAL_PROOFPACK_PATH	NO_BROAD_UNTRACKED_COMMIT_POLICY	historical proof-pack residue intentionally excluded from current isolated commit	KEEP_LOCAL
proof_packs/POST_MERGE_VALIDATION_2026-03-07_757ae4d4c/raw/metric_ci_not_completed.txt	LOCAL_ONLY_HISTORICAL	HISTORICAL_PROOFPACK_PATH	NO_BROAD_UNTRACKED_COMMIT_POLICY	historical proof-pack residue intentionally excluded from current isolated commit	KEEP_LOCAL
proof_packs/POST_MERGE_VALIDATION_2026-03-07_757ae4d4c/raw/verify_instructions.txt	LOCAL_ONLY_HISTORICAL	HISTORICAL_PROOFPACK_PATH	NO_BROAD_UNTRACKED_COMMIT_POLICY	historical proof-pack residue intentionally excluded from current isolated commit	KEEP_LOCAL
proof_packs/POST_MERGE_VALIDATION_2026-03-07_757ae4d4c/raw/verify_registry.txt	LOCAL_ONLY_HISTORICAL	HISTORICAL_PROOFPACK_PATH	NO_BROAD_UNTRACKED_COMMIT_POLICY	historical proof-pack residue intentionally excluded from current isolated commit	KEEP_LOCAL
proof_packs/POST_MERGE_VALIDATION_2026-03-07_757ae4d4c/ROLLBACK.md	LOCAL_ONLY_HISTORICAL	HISTORICAL_PROOFPACK_PATH	NO_BROAD_UNTRACKED_COMMIT_POLICY	historical proof-pack residue intentionally excluded from current isolated commit	KEEP_LOCAL
proof_packs/POST_MERGE_VALIDATION_2026-03-07_757ae4d4c/VERDICT.md	LOCAL_ONLY_HISTORICAL	HISTORICAL_PROOFPACK_PATH	NO_BROAD_UNTRACKED_COMMIT_POLICY	historical proof-pack residue intentionally excluded from current isolated commit	KEEP_LOCAL
proof_packs/POST_SEAL_BASELINE_CANONIZATION_2026-03-07_1245_757ae4d4c/00_EXEC_SUMMARY.md	LOCAL_ONLY_HISTORICAL	HISTORICAL_PROOFPACK_PATH	NO_BROAD_UNTRACKED_COMMIT_POLICY	historical proof-pack residue intentionally excluded from current isolated commit	KEEP_LOCAL
proof_packs/POST_SEAL_BASELINE_CANONIZATION_2026-03-07_1245_757ae4d4c/01_BOOTSTRAP.md	LOCAL_ONLY_HISTORICAL	HISTORICAL_PROOFPACK_PATH	NO_BROAD_UNTRACKED_COMMIT_POLICY	historical proof-pack residue intentionally excluded from current isolated commit	KEEP_LOCAL
proof_packs/POST_SEAL_BASELINE_CANONIZATION_2026-03-07_1245_757ae4d4c/02_SEALED_BASELINE_TRUTH.md	LOCAL_ONLY_HISTORICAL	HISTORICAL_PROOFPACK_PATH	NO_BROAD_UNTRACKED_COMMIT_POLICY	historical proof-pack residue intentionally excluded from current isolated commit	KEEP_LOCAL
proof_packs/POST_SEAL_BASELINE_CANONIZATION_2026-03-07_1245_757ae4d4c/03_CANONICAL_FACTS.md	LOCAL_ONLY_HISTORICAL	HISTORICAL_PROOFPACK_PATH	NO_BROAD_UNTRACKED_COMMIT_POLICY	historical proof-pack residue intentionally excluded from current isolated commit	KEEP_LOCAL
proof_packs/POST_SEAL_BASELINE_CANONIZATION_2026-03-07_1245_757ae4d4c/04_CLOSED_QUESTIONS.md	LOCAL_ONLY_HISTORICAL	HISTORICAL_PROOFPACK_PATH	NO_BROAD_UNTRACKED_COMMIT_POLICY	historical proof-pack residue intentionally excluded from current isolated commit	KEEP_LOCAL
proof_packs/POST_SEAL_BASELINE_CANONIZATION_2026-03-07_1245_757ae4d4c/05_OPEN_NEXT_SURFACES.md	LOCAL_ONLY_HISTORICAL	HISTORICAL_PROOFPACK_PATH	NO_BROAD_UNTRACKED_COMMIT_POLICY	historical proof-pack residue intentionally excluded from current isolated commit	KEEP_LOCAL
proof_packs/POST_SEAL_BASELINE_CANONIZATION_2026-03-07_1245_757ae4d4c/06_REENTRY_RULES.md	LOCAL_ONLY_HISTORICAL	HISTORICAL_PROOFPACK_PATH	NO_BROAD_UNTRACKED_COMMIT_POLICY	historical proof-pack residue intentionally excluded from current isolated commit	KEEP_LOCAL
proof_packs/POST_SEAL_BASELINE_CANONIZATION_2026-03-07_1245_757ae4d4c/07_ANTI_REGRESSION_GUARDRAILS.md	LOCAL_ONLY_HISTORICAL	HISTORICAL_PROOFPACK_PATH	NO_BROAD_UNTRACKED_COMMIT_POLICY	historical proof-pack residue intentionally excluded from current isolated commit	KEEP_LOCAL
proof_packs/POST_SEAL_BASELINE_CANONIZATION_2026-03-07_1245_757ae4d4c/08_REFERENCE_INDEX.md	LOCAL_ONLY_HISTORICAL	HISTORICAL_PROOFPACK_PATH	NO_BROAD_UNTRACKED_COMMIT_POLICY	historical proof-pack residue intentionally excluded from current isolated commit	KEEP_LOCAL
proof_packs/POST_SEAL_BASELINE_CANONIZATION_2026-03-07_1245_757ae4d4c/09_CANON_DECLARATION.md	LOCAL_ONLY_HISTORICAL	HISTORICAL_PROOFPACK_PATH	NO_BROAD_UNTRACKED_COMMIT_POLICY	historical proof-pack residue intentionally excluded from current isolated commit	KEEP_LOCAL
proof_packs/POST_SEAL_BASELINE_CANONIZATION_2026-03-07_1245_757ae4d4c/10_NEXT_ITERATION_HANDOFF.md	LOCAL_ONLY_HISTORICAL	HISTORICAL_PROOFPACK_PATH	NO_BROAD_UNTRACKED_COMMIT_POLICY	historical proof-pack residue intentionally excluded from current isolated commit	KEEP_LOCAL
proof_packs/POST_SEAL_BASELINE_CANONIZATION_2026-03-07_1245_757ae4d4c/raw/current_untracked_all.txt	LOCAL_ONLY_HISTORICAL	HISTORICAL_PROOFPACK_PATH	NO_BROAD_UNTRACKED_COMMIT_POLICY	historical proof-pack residue intentionally excluded from current isolated commit	KEEP_LOCAL
proof_packs/POST_SEAL_BASELINE_CANONIZATION_2026-03-07_1245_757ae4d4c/raw/current_untracked_nonproof_only.txt	LOCAL_ONLY_HISTORICAL	HISTORICAL_PROOFPACK_PATH	NO_BROAD_UNTRACKED_COMMIT_POLICY	historical proof-pack residue intentionally excluded from current isolated commit	KEEP_LOCAL
proof_packs/POST_SEAL_BASELINE_CANONIZATION_2026-03-07_1245_757ae4d4c/raw/current_untracked_proof_only.txt	LOCAL_ONLY_HISTORICAL	HISTORICAL_PROOFPACK_PATH	NO_BROAD_UNTRACKED_COMMIT_POLICY	historical proof-pack residue intentionally excluded from current isolated commit	KEEP_LOCAL
proof_packs/POST_SEAL_BASELINE_CANONIZATION_2026-03-07_1245_757ae4d4c/raw/current_workspace_snapshot_metrics.txt	LOCAL_ONLY_HISTORICAL	HISTORICAL_PROOFPACK_PATH	NO_BROAD_UNTRACKED_COMMIT_POLICY	historical proof-pack residue intentionally excluded from current isolated commit	KEEP_LOCAL
proof_packs/POST_SEAL_BASELINE_CANONIZATION_2026-03-07_1245_757ae4d4c/raw/git_branch_show_current.txt	LOCAL_ONLY_HISTORICAL	HISTORICAL_PROOFPACK_PATH	NO_BROAD_UNTRACKED_COMMIT_POLICY	historical proof-pack residue intentionally excluded from current isolated commit	KEEP_LOCAL
proof_packs/POST_SEAL_BASELINE_CANONIZATION_2026-03-07_1245_757ae4d4c/raw/git_log_10_oneline.txt	LOCAL_ONLY_HISTORICAL	HISTORICAL_PROOFPACK_PATH	NO_BROAD_UNTRACKED_COMMIT_POLICY	historical proof-pack residue intentionally excluded from current isolated commit	KEEP_LOCAL
proof_packs/POST_SEAL_BASELINE_CANONIZATION_2026-03-07_1245_757ae4d4c/raw/git_rev_parse_short.txt	LOCAL_ONLY_HISTORICAL	HISTORICAL_PROOFPACK_PATH	NO_BROAD_UNTRACKED_COMMIT_POLICY	historical proof-pack residue intentionally excluded from current isolated commit	KEEP_LOCAL
proof_packs/POST_SEAL_BASELINE_CANONIZATION_2026-03-07_1245_757ae4d4c/raw/git_status_short.txt	LOCAL_ONLY_HISTORICAL	HISTORICAL_PROOFPACK_PATH	NO_BROAD_UNTRACKED_COMMIT_POLICY	historical proof-pack residue intentionally excluded from current isolated commit	KEEP_LOCAL
proof_packs/POST_SEAL_BASELINE_CANONIZATION_2026-03-07_1245_757ae4d4c/raw/ref_ci_truth.md	LOCAL_ONLY_HISTORICAL	HISTORICAL_PROOFPACK_PATH	NO_BROAD_UNTRACKED_COMMIT_POLICY	historical proof-pack residue intentionally excluded from current isolated commit	KEEP_LOCAL
proof_packs/POST_SEAL_BASELINE_CANONIZATION_2026-03-07_1245_757ae4d4c/raw/ref_doctrine_file_index.txt	LOCAL_ONLY_HISTORICAL	HISTORICAL_PROOFPACK_PATH	NO_BROAD_UNTRACKED_COMMIT_POLICY	historical proof-pack residue intentionally excluded from current isolated commit	KEEP_LOCAL
proof_packs/POST_SEAL_BASELINE_CANONIZATION_2026-03-07_1245_757ae4d4c/raw/ref_doctrine_pack_exists.txt	LOCAL_ONLY_HISTORICAL	HISTORICAL_PROOFPACK_PATH	NO_BROAD_UNTRACKED_COMMIT_POLICY	historical proof-pack residue intentionally excluded from current isolated commit	KEEP_LOCAL
proof_packs/POST_SEAL_BASELINE_CANONIZATION_2026-03-07_1245_757ae4d4c/raw/ref_doctrine_VERDICT.md	LOCAL_ONLY_HISTORICAL	HISTORICAL_PROOFPACK_PATH	NO_BROAD_UNTRACKED_COMMIT_POLICY	historical proof-pack residue intentionally excluded from current isolated commit	KEEP_LOCAL
proof_packs/POST_SEAL_BASELINE_CANONIZATION_2026-03-07_1245_757ae4d4c/raw/reference_index_counts.txt	LOCAL_ONLY_HISTORICAL	HISTORICAL_PROOFPACK_PATH	NO_BROAD_UNTRACKED_COMMIT_POLICY	historical proof-pack residue intentionally excluded from current isolated commit	KEEP_LOCAL
proof_packs/POST_SEAL_BASELINE_CANONIZATION_2026-03-07_1245_757ae4d4c/raw/ref_final_seal_CERTIFICATE.md	LOCAL_ONLY_HISTORICAL	HISTORICAL_PROOFPACK_PATH	NO_BROAD_UNTRACKED_COMMIT_POLICY	historical proof-pack residue intentionally excluded from current isolated commit	KEEP_LOCAL
proof_packs/POST_SEAL_BASELINE_CANONIZATION_2026-03-07_1245_757ae4d4c/raw/ref_final_seal_file_index.txt	LOCAL_ONLY_HISTORICAL	HISTORICAL_PROOFPACK_PATH	NO_BROAD_UNTRACKED_COMMIT_POLICY	historical proof-pack residue intentionally excluded from current isolated commit	KEEP_LOCAL
proof_packs/POST_SEAL_BASELINE_CANONIZATION_2026-03-07_1245_757ae4d4c/raw/ref_final_seal_pack_exists.txt	LOCAL_ONLY_HISTORICAL	HISTORICAL_PROOFPACK_PATH	NO_BROAD_UNTRACKED_COMMIT_POLICY	historical proof-pack residue intentionally excluded from current isolated commit	KEEP_LOCAL
proof_packs/POST_SEAL_BASELINE_CANONIZATION_2026-03-07_1245_757ae4d4c/raw/ref_final_seal_VERDICT.md	LOCAL_ONLY_HISTORICAL	HISTORICAL_PROOFPACK_PATH	NO_BROAD_UNTRACKED_COMMIT_POLICY	historical proof-pack residue intentionally excluded from current isolated commit	KEEP_LOCAL
proof_packs/POST_SEAL_BASELINE_CANONIZATION_2026-03-07_1245_757ae4d4c/raw/ref_hygiene_file_index.txt	LOCAL_ONLY_HISTORICAL	HISTORICAL_PROOFPACK_PATH	NO_BROAD_UNTRACKED_COMMIT_POLICY	historical proof-pack residue intentionally excluded from current isolated commit	KEEP_LOCAL
proof_packs/POST_SEAL_BASELINE_CANONIZATION_2026-03-07_1245_757ae4d4c/raw/ref_hygiene_pack_exists.txt	LOCAL_ONLY_HISTORICAL	HISTORICAL_PROOFPACK_PATH	NO_BROAD_UNTRACKED_COMMIT_POLICY	historical proof-pack residue intentionally excluded from current isolated commit	KEEP_LOCAL
proof_packs/POST_SEAL_BASELINE_CANONIZATION_2026-03-07_1245_757ae4d4c/raw/ref_hygiene_VERDICT.md	LOCAL_ONLY_HISTORICAL	HISTORICAL_PROOFPACK_PATH	NO_BROAD_UNTRACKED_COMMIT_POLICY	historical proof-pack residue intentionally excluded from current isolated commit	KEEP_LOCAL
proof_packs/POST_SEAL_BASELINE_CANONIZATION_2026-03-07_1245_757ae4d4c/raw/ref_seal_conditions_eval.txt	LOCAL_ONLY_HISTORICAL	HISTORICAL_PROOFPACK_PATH	NO_BROAD_UNTRACKED_COMMIT_POLICY	historical proof-pack residue intentionally excluded from current isolated commit	KEEP_LOCAL
proof_packs/POST_SEAL_BASELINE_CANONIZATION_2026-03-07_1245_757ae4d4c/raw/ref_seal_declaration.md	LOCAL_ONLY_HISTORICAL	HISTORICAL_PROOFPACK_PATH	NO_BROAD_UNTRACKED_COMMIT_POLICY	historical proof-pack residue intentionally excluded from current isolated commit	KEEP_LOCAL
proof_packs/POST_SEAL_BASELINE_CANONIZATION_2026-03-07_1245_757ae4d4c/raw/ref_workspace_truth.md	LOCAL_ONLY_HISTORICAL	HISTORICAL_PROOFPACK_PATH	NO_BROAD_UNTRACKED_COMMIT_POLICY	historical proof-pack residue intentionally excluded from current isolated commit	KEEP_LOCAL
proof_packs/POST_SEAL_BASELINE_CANONIZATION_2026-03-07_1245_757ae4d4c/ROLLBACK.md	LOCAL_ONLY_HISTORICAL	HISTORICAL_PROOFPACK_PATH	NO_BROAD_UNTRACKED_COMMIT_POLICY	historical proof-pack residue intentionally excluded from current isolated commit	KEEP_LOCAL
proof_packs/POST_SEAL_BASELINE_CANONIZATION_2026-03-07_1245_757ae4d4c/VERDICT.md	LOCAL_ONLY_HISTORICAL	HISTORICAL_PROOFPACK_PATH	NO_BROAD_UNTRACKED_COMMIT_POLICY	historical proof-pack residue intentionally excluded from current isolated commit	KEEP_LOCAL
proof_packs/PR_CI_UNBLOCK_2026-03-06_1847_5a48aa005/00_EXEC_SUMMARY.md	LOCAL_ONLY_HISTORICAL	HISTORICAL_PROOFPACK_PATH	NO_BROAD_UNTRACKED_COMMIT_POLICY	historical proof-pack residue intentionally excluded from current isolated commit	KEEP_LOCAL
proof_packs/PR_CI_UNBLOCK_2026-03-06_1847_5a48aa005/01_BOOTSTRAP.md	LOCAL_ONLY_HISTORICAL	HISTORICAL_PROOFPACK_PATH	NO_BROAD_UNTRACKED_COMMIT_POLICY	historical proof-pack residue intentionally excluded from current isolated commit	KEEP_LOCAL
proof_packs/PR_CI_UNBLOCK_2026-03-06_1847_5a48aa005/02_BASELINE_ACTIVE.md	LOCAL_ONLY_HISTORICAL	HISTORICAL_PROOFPACK_PATH	NO_BROAD_UNTRACKED_COMMIT_POLICY	historical proof-pack residue intentionally excluded from current isolated commit	KEEP_LOCAL
proof_packs/PR_CI_UNBLOCK_2026-03-06_1847_5a48aa005/03_SCOPE_FREEZE.md	LOCAL_ONLY_HISTORICAL	HISTORICAL_PROOFPACK_PATH	NO_BROAD_UNTRACKED_COMMIT_POLICY	historical proof-pack residue intentionally excluded from current isolated commit	KEEP_LOCAL
proof_packs/PR_CI_UNBLOCK_2026-03-06_1847_5a48aa005/04_COMMANDS_USED.md	LOCAL_ONLY_HISTORICAL	HISTORICAL_PROOFPACK_PATH	NO_BROAD_UNTRACKED_COMMIT_POLICY	historical proof-pack residue intentionally excluded from current isolated commit	KEEP_LOCAL
proof_packs/PR_CI_UNBLOCK_2026-03-06_1847_5a48aa005/05_BRANCH_AND_PR_STATUS.md	LOCAL_ONLY_HISTORICAL	HISTORICAL_PROOFPACK_PATH	NO_BROAD_UNTRACKED_COMMIT_POLICY	historical proof-pack residue intentionally excluded from current isolated commit	KEEP_LOCAL
proof_packs/PR_CI_UNBLOCK_2026-03-06_1847_5a48aa005/06_CI_FAILURE_TRUTH.md	LOCAL_ONLY_HISTORICAL	HISTORICAL_PROOFPACK_PATH	NO_BROAD_UNTRACKED_COMMIT_POLICY	historical proof-pack residue intentionally excluded from current isolated commit	KEEP_LOCAL
proof_packs/PR_CI_UNBLOCK_2026-03-06_1847_5a48aa005/07_CI_CAUSAL_DIAGNOSIS.md	LOCAL_ONLY_HISTORICAL	HISTORICAL_PROOFPACK_PATH	NO_BROAD_UNTRACKED_COMMIT_POLICY	historical proof-pack residue intentionally excluded from current isolated commit	KEEP_LOCAL
proof_packs/PR_CI_UNBLOCK_2026-03-06_1847_5a48aa005/08_DIFF_FILES.md	LOCAL_ONLY_HISTORICAL	HISTORICAL_PROOFPACK_PATH	NO_BROAD_UNTRACKED_COMMIT_POLICY	historical proof-pack residue intentionally excluded from current isolated commit	KEEP_LOCAL
proof_packs/PR_CI_UNBLOCK_2026-03-06_1847_5a48aa005/09_LOCAL_RECHECKS.md	LOCAL_ONLY_HISTORICAL	HISTORICAL_PROOFPACK_PATH	NO_BROAD_UNTRACKED_COMMIT_POLICY	historical proof-pack residue intentionally excluded from current isolated commit	KEEP_LOCAL
proof_packs/PR_CI_UNBLOCK_2026-03-06_1847_5a48aa005/10_REMOTE_RERUN_STATUS.md	LOCAL_ONLY_HISTORICAL	HISTORICAL_PROOFPACK_PATH	NO_BROAD_UNTRACKED_COMMIT_POLICY	historical proof-pack residue intentionally excluded from current isolated commit	KEEP_LOCAL
proof_packs/PR_CI_UNBLOCK_2026-03-06_1847_5a48aa005/11_GATES_RECHECK.md	LOCAL_ONLY_HISTORICAL	HISTORICAL_PROOFPACK_PATH	NO_BROAD_UNTRACKED_COMMIT_POLICY	historical proof-pack residue intentionally excluded from current isolated commit	KEEP_LOCAL
proof_packs/PR_CI_UNBLOCK_2026-03-06_1847_5a48aa005/12_RISKS_RESIDUAL.md	LOCAL_ONLY_HISTORICAL	HISTORICAL_PROOFPACK_PATH	NO_BROAD_UNTRACKED_COMMIT_POLICY	historical proof-pack residue intentionally excluded from current isolated commit	KEEP_LOCAL
proof_packs/PR_CI_UNBLOCK_2026-03-06_1847_5a48aa005/13_ROLLBACK.md	LOCAL_ONLY_HISTORICAL	HISTORICAL_PROOFPACK_PATH	NO_BROAD_UNTRACKED_COMMIT_POLICY	historical proof-pack residue intentionally excluded from current isolated commit	KEEP_LOCAL
proof_packs/PR_CI_UNBLOCK_2026-03-06_1847_5a48aa005/14_FINAL_RECLASSIFICATION.md	LOCAL_ONLY_HISTORICAL	HISTORICAL_PROOFPACK_PATH	NO_BROAD_UNTRACKED_COMMIT_POLICY	historical proof-pack residue intentionally excluded from current isolated commit	KEEP_LOCAL
proof_packs/PR_CI_UNBLOCK_2026-03-06_1847_5a48aa005/raw_active_branch.txt	LOCAL_ONLY_HISTORICAL	HISTORICAL_PROOFPACK_PATH	NO_BROAD_UNTRACKED_COMMIT_POLICY	historical proof-pack residue intentionally excluded from current isolated commit	KEEP_LOCAL
proof_packs/PR_CI_UNBLOCK_2026-03-06_1847_5a48aa005/raw_bootstrap_gh_exit_codes.txt	LOCAL_ONLY_HISTORICAL	HISTORICAL_PROOFPACK_PATH	NO_BROAD_UNTRACKED_COMMIT_POLICY	historical proof-pack residue intentionally excluded from current isolated commit	KEEP_LOCAL
proof_packs/PR_CI_UNBLOCK_2026-03-06_1847_5a48aa005/raw_branch_create.txt	LOCAL_ONLY_HISTORICAL	HISTORICAL_PROOFPACK_PATH	NO_BROAD_UNTRACKED_COMMIT_POLICY	historical proof-pack residue intentionally excluded from current isolated commit	KEEP_LOCAL
proof_packs/PR_CI_UNBLOCK_2026-03-06_1847_5a48aa005/raw_branch_push.txt	LOCAL_ONLY_HISTORICAL	HISTORICAL_PROOFPACK_PATH	NO_BROAD_UNTRACKED_COMMIT_POLICY	historical proof-pack residue intentionally excluded from current isolated commit	KEEP_LOCAL
proof_packs/PR_CI_UNBLOCK_2026-03-06_1847_5a48aa005/raw_detect_recurrence_after_ci_fix_2_exit.txt	LOCAL_ONLY_HISTORICAL	HISTORICAL_PROOFPACK_PATH	NO_BROAD_UNTRACKED_COMMIT_POLICY	historical proof-pack residue intentionally excluded from current isolated commit	KEEP_LOCAL
proof_packs/PR_CI_UNBLOCK_2026-03-06_1847_5a48aa005/raw_detect_recurrence_after_ci_fix_3_exit.txt	LOCAL_ONLY_HISTORICAL	HISTORICAL_PROOFPACK_PATH	NO_BROAD_UNTRACKED_COMMIT_POLICY	historical proof-pack residue intentionally excluded from current isolated commit	KEEP_LOCAL
proof_packs/PR_CI_UNBLOCK_2026-03-06_1847_5a48aa005/raw_detect_recurrence_after_ci_fix_4_exit.txt	LOCAL_ONLY_HISTORICAL	HISTORICAL_PROOFPACK_PATH	NO_BROAD_UNTRACKED_COMMIT_POLICY	historical proof-pack residue intentionally excluded from current isolated commit	KEEP_LOCAL
proof_packs/PR_CI_UNBLOCK_2026-03-06_1847_5a48aa005/raw_detect_recurrence_after_ci_fix_5_exit.txt	LOCAL_ONLY_HISTORICAL	HISTORICAL_PROOFPACK_PATH	NO_BROAD_UNTRACKED_COMMIT_POLICY	historical proof-pack residue intentionally excluded from current isolated commit	KEEP_LOCAL
proof_packs/PR_CI_UNBLOCK_2026-03-06_1847_5a48aa005/raw_gh_auth_status.txt	LOCAL_ONLY_HISTORICAL	HISTORICAL_PROOFPACK_PATH	NO_BROAD_UNTRACKED_COMMIT_POLICY	historical proof-pack residue intentionally excluded from current isolated commit	KEEP_LOCAL
proof_packs/PR_CI_UNBLOCK_2026-03-06_1847_5a48aa005/raw_gh_pr_status.txt	LOCAL_ONLY_HISTORICAL	HISTORICAL_PROOFPACK_PATH	NO_BROAD_UNTRACKED_COMMIT_POLICY	historical proof-pack residue intentionally excluded from current isolated commit	KEEP_LOCAL
proof_packs/PR_CI_UNBLOCK_2026-03-06_1847_5a48aa005/raw_gh_repo_view.txt	LOCAL_ONLY_HISTORICAL	HISTORICAL_PROOFPACK_PATH	NO_BROAD_UNTRACKED_COMMIT_POLICY	historical proof-pack residue intentionally excluded from current isolated commit	KEEP_LOCAL
proof_packs/PR_CI_UNBLOCK_2026-03-06_1847_5a48aa005/raw_gh_run_list_20.txt	LOCAL_ONLY_HISTORICAL	HISTORICAL_PROOFPACK_PATH	NO_BROAD_UNTRACKED_COMMIT_POLICY	historical proof-pack residue intentionally excluded from current isolated commit	KEEP_LOCAL
proof_packs/PR_CI_UNBLOCK_2026-03-06_1847_5a48aa005/raw_gh_run_list_30.json	LOCAL_ONLY_HISTORICAL	HISTORICAL_PROOFPACK_PATH	NO_BROAD_UNTRACKED_COMMIT_POLICY	historical proof-pack residue intentionally excluded from current isolated commit	KEEP_LOCAL
proof_packs/PR_CI_UNBLOCK_2026-03-06_1847_5a48aa005/raw_gh_run_list_branch_after_push.json	LOCAL_ONLY_HISTORICAL	HISTORICAL_PROOFPACK_PATH	NO_BROAD_UNTRACKED_COMMIT_POLICY	historical proof-pack residue intentionally excluded from current isolated commit	KEEP_LOCAL
proof_packs/PR_CI_UNBLOCK_2026-03-06_1847_5a48aa005/raw_gh_run_list_branch_final.json	LOCAL_ONLY_HISTORICAL	HISTORICAL_PROOFPACK_PATH	NO_BROAD_UNTRACKED_COMMIT_POLICY	historical proof-pack residue intentionally excluded from current isolated commit	KEEP_LOCAL
proof_packs/PR_CI_UNBLOCK_2026-03-06_1847_5a48aa005/raw_gh_run_list_branch.json	LOCAL_ONLY_HISTORICAL	HISTORICAL_PROOFPACK_PATH	NO_BROAD_UNTRACKED_COMMIT_POLICY	historical proof-pack residue intentionally excluded from current isolated commit	KEEP_LOCAL
proof_packs/PR_CI_UNBLOCK_2026-03-06_1847_5a48aa005/raw_git_branch.txt	LOCAL_ONLY_HISTORICAL	HISTORICAL_PROOFPACK_PATH	NO_BROAD_UNTRACKED_COMMIT_POLICY	historical proof-pack residue intentionally excluded from current isolated commit	KEEP_LOCAL
proof_packs/PR_CI_UNBLOCK_2026-03-06_1847_5a48aa005/raw_git_head_short.txt	LOCAL_ONLY_HISTORICAL	HISTORICAL_PROOFPACK_PATH	NO_BROAD_UNTRACKED_COMMIT_POLICY	historical proof-pack residue intentionally excluded from current isolated commit	KEEP_LOCAL
proof_packs/PR_CI_UNBLOCK_2026-03-06_1847_5a48aa005/raw_git_log20.txt	LOCAL_ONLY_HISTORICAL	HISTORICAL_PROOFPACK_PATH	NO_BROAD_UNTRACKED_COMMIT_POLICY	historical proof-pack residue intentionally excluded from current isolated commit	KEEP_LOCAL
proof_packs/PR_CI_UNBLOCK_2026-03-06_1847_5a48aa005/raw_git_status.txt	LOCAL_ONLY_HISTORICAL	HISTORICAL_PROOFPACK_PATH	NO_BROAD_UNTRACKED_COMMIT_POLICY	historical proof-pack residue intentionally excluded from current isolated commit	KEEP_LOCAL
proof_packs/PR_CI_UNBLOCK_2026-03-06_1847_5a48aa005/raw_local_repro_exit_codes.txt	LOCAL_ONLY_HISTORICAL	HISTORICAL_PROOFPACK_PATH	NO_BROAD_UNTRACKED_COMMIT_POLICY	historical proof-pack residue intentionally excluded from current isolated commit	KEEP_LOCAL
proof_packs/PR_CI_UNBLOCK_2026-03-06_1847_5a48aa005/raw_pr_checks_174_final_exit.txt	LOCAL_ONLY_HISTORICAL	HISTORICAL_PROOFPACK_PATH	NO_BROAD_UNTRACKED_COMMIT_POLICY	historical proof-pack residue intentionally excluded from current isolated commit	KEEP_LOCAL
proof_packs/PR_CI_UNBLOCK_2026-03-06_1847_5a48aa005/raw_pr_checks_174_final.txt	LOCAL_ONLY_HISTORICAL	HISTORICAL_PROOFPACK_PATH	NO_BROAD_UNTRACKED_COMMIT_POLICY	historical proof-pack residue intentionally excluded from current isolated commit	KEEP_LOCAL
proof_packs/PR_CI_UNBLOCK_2026-03-06_1847_5a48aa005/raw_pr_checks_174.txt	LOCAL_ONLY_HISTORICAL	HISTORICAL_PROOFPACK_PATH	NO_BROAD_UNTRACKED_COMMIT_POLICY	historical proof-pack residue intentionally excluded from current isolated commit	KEEP_LOCAL
proof_packs/PR_CI_UNBLOCK_2026-03-06_1847_5a48aa005/raw_pr_create.txt	LOCAL_ONLY_HISTORICAL	HISTORICAL_PROOFPACK_PATH	NO_BROAD_UNTRACKED_COMMIT_POLICY	historical proof-pack residue intentionally excluded from current isolated commit	KEEP_LOCAL
proof_packs/PR_CI_UNBLOCK_2026-03-06_1847_5a48aa005/raw_pr_phase_exit_codes.txt	LOCAL_ONLY_HISTORICAL	HISTORICAL_PROOFPACK_PATH	NO_BROAD_UNTRACKED_COMMIT_POLICY	historical proof-pack residue intentionally excluded from current isolated commit	KEEP_LOCAL
proof_packs/PR_CI_UNBLOCK_2026-03-06_1847_5a48aa005/raw_pr_view_174_final.json	LOCAL_ONLY_HISTORICAL	HISTORICAL_PROOFPACK_PATH	NO_BROAD_UNTRACKED_COMMIT_POLICY	historical proof-pack residue intentionally excluded from current isolated commit	KEEP_LOCAL
proof_packs/PR_CI_UNBLOCK_2026-03-06_1847_5a48aa005/raw_pr_view_174.json	LOCAL_ONLY_HISTORICAL	HISTORICAL_PROOFPACK_PATH	NO_BROAD_UNTRACKED_COMMIT_POLICY	historical proof-pack residue intentionally excluded from current isolated commit	KEEP_LOCAL
proof_packs/PR_CI_UNBLOCK_2026-03-06_1847_5a48aa005/raw_pr_view_by_head.err	LOCAL_ONLY_HISTORICAL	HISTORICAL_PROOFPACK_PATH	NO_BROAD_UNTRACKED_COMMIT_POLICY	historical proof-pack residue intentionally excluded from current isolated commit	KEEP_LOCAL
proof_packs/PR_CI_UNBLOCK_2026-03-06_1847_5a48aa005/raw_pr_view_by_head.json	LOCAL_ONLY_HISTORICAL	HISTORICAL_PROOFPACK_PATH	NO_BROAD_UNTRACKED_COMMIT_POLICY	historical proof-pack residue intentionally excluded from current isolated commit	KEEP_LOCAL
proof_packs/PR_CI_UNBLOCK_2026-03-06_1847_5a48aa005/raw_rust_docker_dispatch_2_exit.txt	LOCAL_ONLY_HISTORICAL	HISTORICAL_PROOFPACK_PATH	NO_BROAD_UNTRACKED_COMMIT_POLICY	historical proof-pack residue intentionally excluded from current isolated commit	KEEP_LOCAL
proof_packs/PR_CI_UNBLOCK_2026-03-06_1847_5a48aa005/raw_rust_docker_dispatch_2_runs.json	LOCAL_ONLY_HISTORICAL	HISTORICAL_PROOFPACK_PATH	NO_BROAD_UNTRACKED_COMMIT_POLICY	historical proof-pack residue intentionally excluded from current isolated commit	KEEP_LOCAL
proof_packs/PR_CI_UNBLOCK_2026-03-06_1847_5a48aa005/raw_rust_docker_dispatch_2.txt	LOCAL_ONLY_HISTORICAL	HISTORICAL_PROOFPACK_PATH	NO_BROAD_UNTRACKED_COMMIT_POLICY	historical proof-pack residue intentionally excluded from current isolated commit	KEEP_LOCAL
proof_packs/PR_CI_UNBLOCK_2026-03-06_1847_5a48aa005/raw_rust_docker_dispatch_3_exit.txt	LOCAL_ONLY_HISTORICAL	HISTORICAL_PROOFPACK_PATH	NO_BROAD_UNTRACKED_COMMIT_POLICY	historical proof-pack residue intentionally excluded from current isolated commit	KEEP_LOCAL
proof_packs/PR_CI_UNBLOCK_2026-03-06_1847_5a48aa005/raw_rust_docker_dispatch_3_runs.json	LOCAL_ONLY_HISTORICAL	HISTORICAL_PROOFPACK_PATH	NO_BROAD_UNTRACKED_COMMIT_POLICY	historical proof-pack residue intentionally excluded from current isolated commit	KEEP_LOCAL
proof_packs/PR_CI_UNBLOCK_2026-03-06_1847_5a48aa005/raw_rust_docker_dispatch_3.txt	LOCAL_ONLY_HISTORICAL	HISTORICAL_PROOFPACK_PATH	NO_BROAD_UNTRACKED_COMMIT_POLICY	historical proof-pack residue intentionally excluded from current isolated commit	KEEP_LOCAL
proof_packs/PR_CI_UNBLOCK_2026-03-06_1847_5a48aa005/raw_rust_docker_dispatch_4_exit.txt	LOCAL_ONLY_HISTORICAL	HISTORICAL_PROOFPACK_PATH	NO_BROAD_UNTRACKED_COMMIT_POLICY	historical proof-pack residue intentionally excluded from current isolated commit	KEEP_LOCAL
proof_packs/PR_CI_UNBLOCK_2026-03-06_1847_5a48aa005/raw_rust_docker_dispatch_4_runs.json	LOCAL_ONLY_HISTORICAL	HISTORICAL_PROOFPACK_PATH	NO_BROAD_UNTRACKED_COMMIT_POLICY	historical proof-pack residue intentionally excluded from current isolated commit	KEEP_LOCAL
proof_packs/PR_CI_UNBLOCK_2026-03-06_1847_5a48aa005/raw_rust_docker_dispatch_4.txt	LOCAL_ONLY_HISTORICAL	HISTORICAL_PROOFPACK_PATH	NO_BROAD_UNTRACKED_COMMIT_POLICY	historical proof-pack residue intentionally excluded from current isolated commit	KEEP_LOCAL
proof_packs/PR_CI_UNBLOCK_2026-03-06_1847_5a48aa005/raw_rust_docker_dispatch_5_exit.txt	LOCAL_ONLY_HISTORICAL	HISTORICAL_PROOFPACK_PATH	NO_BROAD_UNTRACKED_COMMIT_POLICY	historical proof-pack residue intentionally excluded from current isolated commit	KEEP_LOCAL
proof_packs/PR_CI_UNBLOCK_2026-03-06_1847_5a48aa005/raw_rust_docker_dispatch_5_runs.json	LOCAL_ONLY_HISTORICAL	HISTORICAL_PROOFPACK_PATH	NO_BROAD_UNTRACKED_COMMIT_POLICY	historical proof-pack residue intentionally excluded from current isolated commit	KEEP_LOCAL
proof_packs/PR_CI_UNBLOCK_2026-03-06_1847_5a48aa005/raw_rust_docker_dispatch_5.txt	LOCAL_ONLY_HISTORICAL	HISTORICAL_PROOFPACK_PATH	NO_BROAD_UNTRACKED_COMMIT_POLICY	historical proof-pack residue intentionally excluded from current isolated commit	KEEP_LOCAL
proof_packs/PR_CI_UNBLOCK_2026-03-06_1847_5a48aa005/raw_rust_docker_dispatch_exit.txt	LOCAL_ONLY_HISTORICAL	HISTORICAL_PROOFPACK_PATH	NO_BROAD_UNTRACKED_COMMIT_POLICY	historical proof-pack residue intentionally excluded from current isolated commit	KEEP_LOCAL
proof_packs/PR_CI_UNBLOCK_2026-03-06_1847_5a48aa005/raw_rust_docker_dispatch_runs.json	LOCAL_ONLY_HISTORICAL	HISTORICAL_PROOFPACK_PATH	NO_BROAD_UNTRACKED_COMMIT_POLICY	historical proof-pack residue intentionally excluded from current isolated commit	KEEP_LOCAL
proof_packs/PR_CI_UNBLOCK_2026-03-06_1847_5a48aa005/raw_rust_docker_dispatch.txt	LOCAL_ONLY_HISTORICAL	HISTORICAL_PROOFPACK_PATH	NO_BROAD_UNTRACKED_COMMIT_POLICY	historical proof-pack residue intentionally excluded from current isolated commit	KEEP_LOCAL
proof_packs/PR_CI_UNBLOCK_2026-03-06_1847_5a48aa005/raw_rust_docker_poll_latest.json	LOCAL_ONLY_HISTORICAL	HISTORICAL_PROOFPACK_PATH	NO_BROAD_UNTRACKED_COMMIT_POLICY	historical proof-pack residue intentionally excluded from current isolated commit	KEEP_LOCAL
proof_packs/PR_CI_UNBLOCK_2026-03-06_1847_5a48aa005/raw_rust_docker_poll_trace.txt	LOCAL_ONLY_HISTORICAL	HISTORICAL_PROOFPACK_PATH	NO_BROAD_UNTRACKED_COMMIT_POLICY	historical proof-pack residue intentionally excluded from current isolated commit	KEEP_LOCAL
proof_packs/PR_CI_UNBLOCK_2026-03-06_1847_5a48aa005/raw_rust_docker_run_22786897347_hits.txt	LOCAL_ONLY_HISTORICAL	HISTORICAL_PROOFPACK_PATH	NO_BROAD_UNTRACKED_COMMIT_POLICY	historical proof-pack residue intentionally excluded from current isolated commit	KEEP_LOCAL
proof_packs/PR_CI_UNBLOCK_2026-03-06_1847_5a48aa005/raw_rust_docker_run_22786897347_jobs.json	LOCAL_ONLY_HISTORICAL	HISTORICAL_PROOFPACK_PATH	NO_BROAD_UNTRACKED_COMMIT_POLICY	historical proof-pack residue intentionally excluded from current isolated commit	KEEP_LOCAL
proof_packs/PR_CI_UNBLOCK_2026-03-06_1847_5a48aa005/raw_rust_docker_run_22786897347_poll.json	LOCAL_ONLY_HISTORICAL	HISTORICAL_PROOFPACK_PATH	NO_BROAD_UNTRACKED_COMMIT_POLICY	historical proof-pack residue intentionally excluded from current isolated commit	KEEP_LOCAL
proof_packs/PR_CI_UNBLOCK_2026-03-06_1847_5a48aa005/raw_rust_docker_run_22786897347_poll_trace.txt	LOCAL_ONLY_HISTORICAL	HISTORICAL_PROOFPACK_PATH	NO_BROAD_UNTRACKED_COMMIT_POLICY	historical proof-pack residue intentionally excluded from current isolated commit	KEEP_LOCAL
proof_packs/PR_CI_UNBLOCK_2026-03-06_1847_5a48aa005/raw_rust_docker_run_22786981815_hits.txt	LOCAL_ONLY_HISTORICAL	HISTORICAL_PROOFPACK_PATH	NO_BROAD_UNTRACKED_COMMIT_POLICY	historical proof-pack residue intentionally excluded from current isolated commit	KEEP_LOCAL
proof_packs/PR_CI_UNBLOCK_2026-03-06_1847_5a48aa005/raw_rust_docker_run_22786981815_jobs.json	LOCAL_ONLY_HISTORICAL	HISTORICAL_PROOFPACK_PATH	NO_BROAD_UNTRACKED_COMMIT_POLICY	historical proof-pack residue intentionally excluded from current isolated commit	KEEP_LOCAL
proof_packs/PR_CI_UNBLOCK_2026-03-06_1847_5a48aa005/raw_rust_docker_run_22786981815_poll.json	LOCAL_ONLY_HISTORICAL	HISTORICAL_PROOFPACK_PATH	NO_BROAD_UNTRACKED_COMMIT_POLICY	historical proof-pack residue intentionally excluded from current isolated commit	KEEP_LOCAL
proof_packs/PR_CI_UNBLOCK_2026-03-06_1847_5a48aa005/raw_rust_docker_run_22786981815_poll_trace.txt	LOCAL_ONLY_HISTORICAL	HISTORICAL_PROOFPACK_PATH	NO_BROAD_UNTRACKED_COMMIT_POLICY	historical proof-pack residue intentionally excluded from current isolated commit	KEEP_LOCAL
proof_packs/PR_CI_UNBLOCK_2026-03-06_1847_5a48aa005/raw_rust_docker_run_22787082843_hits.txt	LOCAL_ONLY_HISTORICAL	HISTORICAL_PROOFPACK_PATH	NO_BROAD_UNTRACKED_COMMIT_POLICY	historical proof-pack residue intentionally excluded from current isolated commit	KEEP_LOCAL
proof_packs/PR_CI_UNBLOCK_2026-03-06_1847_5a48aa005/raw_rust_docker_run_22787082843_jobs.json	LOCAL_ONLY_HISTORICAL	HISTORICAL_PROOFPACK_PATH	NO_BROAD_UNTRACKED_COMMIT_POLICY	historical proof-pack residue intentionally excluded from current isolated commit	KEEP_LOCAL
proof_packs/PR_CI_UNBLOCK_2026-03-06_1847_5a48aa005/raw_rust_docker_run_22787082843_poll.json	LOCAL_ONLY_HISTORICAL	HISTORICAL_PROOFPACK_PATH	NO_BROAD_UNTRACKED_COMMIT_POLICY	historical proof-pack residue intentionally excluded from current isolated commit	KEEP_LOCAL
proof_packs/PR_CI_UNBLOCK_2026-03-06_1847_5a48aa005/raw_rust_docker_run_22787082843_poll_trace.txt	LOCAL_ONLY_HISTORICAL	HISTORICAL_PROOFPACK_PATH	NO_BROAD_UNTRACKED_COMMIT_POLICY	historical proof-pack residue intentionally excluded from current isolated commit	KEEP_LOCAL
proof_packs/PR_CI_UNBLOCK_2026-03-06_1847_5a48aa005/raw_rust_docker_run_22787193341_hits.txt	LOCAL_ONLY_HISTORICAL	HISTORICAL_PROOFPACK_PATH	NO_BROAD_UNTRACKED_COMMIT_POLICY	historical proof-pack residue intentionally excluded from current isolated commit	KEEP_LOCAL
proof_packs/PR_CI_UNBLOCK_2026-03-06_1847_5a48aa005/raw_rust_docker_run_22787193341_jobs.json	LOCAL_ONLY_HISTORICAL	HISTORICAL_PROOFPACK_PATH	NO_BROAD_UNTRACKED_COMMIT_POLICY	historical proof-pack residue intentionally excluded from current isolated commit	KEEP_LOCAL
proof_packs/PR_CI_UNBLOCK_2026-03-06_1847_5a48aa005/raw_rust_docker_run_22787193341_poll.json	LOCAL_ONLY_HISTORICAL	HISTORICAL_PROOFPACK_PATH	NO_BROAD_UNTRACKED_COMMIT_POLICY	historical proof-pack residue intentionally excluded from current isolated commit	KEEP_LOCAL
proof_packs/PR_CI_UNBLOCK_2026-03-06_1847_5a48aa005/raw_rust_docker_run_22787193341_poll_trace.txt	LOCAL_ONLY_HISTORICAL	HISTORICAL_PROOFPACK_PATH	NO_BROAD_UNTRACKED_COMMIT_POLICY	historical proof-pack residue intentionally excluded from current isolated commit	KEEP_LOCAL
proof_packs/PR_CI_UNBLOCK_2026-03-06_1847_5a48aa005/raw_rust_docker_run_22787313247_hits.txt	LOCAL_ONLY_HISTORICAL	HISTORICAL_PROOFPACK_PATH	NO_BROAD_UNTRACKED_COMMIT_POLICY	historical proof-pack residue intentionally excluded from current isolated commit	KEEP_LOCAL
proof_packs/PR_CI_UNBLOCK_2026-03-06_1847_5a48aa005/raw_rust_docker_run_22787313247_jobs.json	LOCAL_ONLY_HISTORICAL	HISTORICAL_PROOFPACK_PATH	NO_BROAD_UNTRACKED_COMMIT_POLICY	historical proof-pack residue intentionally excluded from current isolated commit	KEEP_LOCAL
proof_packs/PR_CI_UNBLOCK_2026-03-06_1847_5a48aa005/raw_rust_docker_run_22787313247_poll.json	LOCAL_ONLY_HISTORICAL	HISTORICAL_PROOFPACK_PATH	NO_BROAD_UNTRACKED_COMMIT_POLICY	historical proof-pack residue intentionally excluded from current isolated commit	KEEP_LOCAL
proof_packs/PR_CI_UNBLOCK_2026-03-06_1847_5a48aa005/raw_rust_docker_run_22787313247_poll_trace.txt	LOCAL_ONLY_HISTORICAL	HISTORICAL_PROOFPACK_PATH	NO_BROAD_UNTRACKED_COMMIT_POLICY	historical proof-pack residue intentionally excluded from current isolated commit	KEEP_LOCAL
proof_packs/PR_CI_UNBLOCK_2026-03-06_1847_5a48aa005/raw_rust_docker_run_failed_hits.txt	LOCAL_ONLY_HISTORICAL	HISTORICAL_PROOFPACK_PATH	NO_BROAD_UNTRACKED_COMMIT_POLICY	historical proof-pack residue intentionally excluded from current isolated commit	KEEP_LOCAL
proof_packs/PR_CI_UNBLOCK_2026-03-06_1847_5a48aa005/raw_rust_docker_run_jobs.json	LOCAL_ONLY_HISTORICAL	HISTORICAL_PROOFPACK_PATH	NO_BROAD_UNTRACKED_COMMIT_POLICY	historical proof-pack residue intentionally excluded from current isolated commit	KEEP_LOCAL
proof_packs/PR_CI_UNBLOCK_2026-03-06_1847_5a48aa005/raw_rust_docker_run_meta.json	LOCAL_ONLY_HISTORICAL	HISTORICAL_PROOFPACK_PATH	NO_BROAD_UNTRACKED_COMMIT_POLICY	historical proof-pack residue intentionally excluded from current isolated commit	KEEP_LOCAL
proof_packs/PR_CI_UNBLOCK_2026-03-06_1847_5a48aa005/raw_rust_docker_watch_22786897347.txt	LOCAL_ONLY_HISTORICAL	HISTORICAL_PROOFPACK_PATH	NO_BROAD_UNTRACKED_COMMIT_POLICY	historical proof-pack residue intentionally excluded from current isolated commit	KEEP_LOCAL
proof_packs/PR_CI_UNBLOCK_2026-03-06_1847_5a48aa005/raw_source_blocked_ci_match.txt	LOCAL_ONLY_HISTORICAL	HISTORICAL_PROOFPACK_PATH	NO_BROAD_UNTRACKED_COMMIT_POLICY	historical proof-pack residue intentionally excluded from current isolated commit	KEEP_LOCAL
proof_packs/PR_CI_UNBLOCK_2026-03-06_1847_5a48aa005/raw_verify_instructions_after_ci_fix_2_exit.txt	LOCAL_ONLY_HISTORICAL	HISTORICAL_PROOFPACK_PATH	NO_BROAD_UNTRACKED_COMMIT_POLICY	historical proof-pack residue intentionally excluded from current isolated commit	KEEP_LOCAL
proof_packs/PR_CI_UNBLOCK_2026-03-06_1847_5a48aa005/raw_verify_instructions_after_ci_fix_3_exit.txt	LOCAL_ONLY_HISTORICAL	HISTORICAL_PROOFPACK_PATH	NO_BROAD_UNTRACKED_COMMIT_POLICY	historical proof-pack residue intentionally excluded from current isolated commit	KEEP_LOCAL
proof_packs/PR_CI_UNBLOCK_2026-03-06_1847_5a48aa005/raw_verify_instructions_after_ci_fix_4_exit.txt	LOCAL_ONLY_HISTORICAL	HISTORICAL_PROOFPACK_PATH	NO_BROAD_UNTRACKED_COMMIT_POLICY	historical proof-pack residue intentionally excluded from current isolated commit	KEEP_LOCAL
proof_packs/PR_CI_UNBLOCK_2026-03-06_1847_5a48aa005/raw_verify_instructions_after_ci_fix_5_exit.txt	LOCAL_ONLY_HISTORICAL	HISTORICAL_PROOFPACK_PATH	NO_BROAD_UNTRACKED_COMMIT_POLICY	historical proof-pack residue intentionally excluded from current isolated commit	KEEP_LOCAL
proof_packs/PR_CI_UNBLOCK_2026-03-06_1847_5a48aa005/ROLLBACK.md	LOCAL_ONLY_HISTORICAL	HISTORICAL_PROOFPACK_PATH	NO_BROAD_UNTRACKED_COMMIT_POLICY	historical proof-pack residue intentionally excluded from current isolated commit	KEEP_LOCAL
proof_packs/PR_CI_UNBLOCK_2026-03-06_1847_5a48aa005/VERDICT.md	LOCAL_ONLY_HISTORICAL	HISTORICAL_PROOFPACK_PATH	NO_BROAD_UNTRACKED_COMMIT_POLICY	historical proof-pack residue intentionally excluded from current isolated commit	KEEP_LOCAL
proof_packs/PR_MAIN_SEAL_READINESS_2026-03-06_1752_5a48aa005/00_EXEC_SUMMARY.md	LOCAL_ONLY_HISTORICAL	HISTORICAL_PROOFPACK_PATH	NO_BROAD_UNTRACKED_COMMIT_POLICY	historical proof-pack residue intentionally excluded from current isolated commit	KEEP_LOCAL
proof_packs/PR_MAIN_SEAL_READINESS_2026-03-06_1752_5a48aa005/01_BOOTSTRAP.md	LOCAL_ONLY_HISTORICAL	HISTORICAL_PROOFPACK_PATH	NO_BROAD_UNTRACKED_COMMIT_POLICY	historical proof-pack residue intentionally excluded from current isolated commit	KEEP_LOCAL
proof_packs/PR_MAIN_SEAL_READINESS_2026-03-06_1752_5a48aa005/02_BASELINE_CONFIRMATION.md	LOCAL_ONLY_HISTORICAL	HISTORICAL_PROOFPACK_PATH	NO_BROAD_UNTRACKED_COMMIT_POLICY	historical proof-pack residue intentionally excluded from current isolated commit	KEEP_LOCAL
proof_packs/PR_MAIN_SEAL_READINESS_2026-03-06_1752_5a48aa005/03_SCOPE_FREEZE.md	LOCAL_ONLY_HISTORICAL	HISTORICAL_PROOFPACK_PATH	NO_BROAD_UNTRACKED_COMMIT_POLICY	historical proof-pack residue intentionally excluded from current isolated commit	KEEP_LOCAL
proof_packs/PR_MAIN_SEAL_READINESS_2026-03-06_1752_5a48aa005/04_COMMANDS_USED.md	LOCAL_ONLY_HISTORICAL	HISTORICAL_PROOFPACK_PATH	NO_BROAD_UNTRACKED_COMMIT_POLICY	historical proof-pack residue intentionally excluded from current isolated commit	KEEP_LOCAL
proof_packs/PR_MAIN_SEAL_READINESS_2026-03-06_1752_5a48aa005/05_REPO_STATUS.md	LOCAL_ONLY_HISTORICAL	HISTORICAL_PROOFPACK_PATH	NO_BROAD_UNTRACKED_COMMIT_POLICY	historical proof-pack residue intentionally excluded from current isolated commit	KEEP_LOCAL
proof_packs/PR_MAIN_SEAL_READINESS_2026-03-06_1752_5a48aa005/06_PR_STATUS.md	LOCAL_ONLY_HISTORICAL	HISTORICAL_PROOFPACK_PATH	NO_BROAD_UNTRACKED_COMMIT_POLICY	historical proof-pack residue intentionally excluded from current isolated commit	KEEP_LOCAL
proof_packs/PR_MAIN_SEAL_READINESS_2026-03-06_1752_5a48aa005/07_CI_STATUS.md	LOCAL_ONLY_HISTORICAL	HISTORICAL_PROOFPACK_PATH	NO_BROAD_UNTRACKED_COMMIT_POLICY	historical proof-pack residue intentionally excluded from current isolated commit	KEEP_LOCAL
proof_packs/PR_MAIN_SEAL_READINESS_2026-03-06_1752_5a48aa005/08_GATES_RECHECK.md	LOCAL_ONLY_HISTORICAL	HISTORICAL_PROOFPACK_PATH	NO_BROAD_UNTRACKED_COMMIT_POLICY	historical proof-pack residue intentionally excluded from current isolated commit	KEEP_LOCAL
proof_packs/PR_MAIN_SEAL_READINESS_2026-03-06_1752_5a48aa005/09_E2E_PROOF_LINKS.md	LOCAL_ONLY_HISTORICAL	HISTORICAL_PROOFPACK_PATH	NO_BROAD_UNTRACKED_COMMIT_POLICY	historical proof-pack residue intentionally excluded from current isolated commit	KEEP_LOCAL
proof_packs/PR_MAIN_SEAL_READINESS_2026-03-06_1752_5a48aa005/10_DIFF_FILES.md	LOCAL_ONLY_HISTORICAL	HISTORICAL_PROOFPACK_PATH	NO_BROAD_UNTRACKED_COMMIT_POLICY	historical proof-pack residue intentionally excluded from current isolated commit	KEEP_LOCAL
proof_packs/PR_MAIN_SEAL_READINESS_2026-03-06_1752_5a48aa005/11_RISKS_RESIDUAL.md	LOCAL_ONLY_HISTORICAL	HISTORICAL_PROOFPACK_PATH	NO_BROAD_UNTRACKED_COMMIT_POLICY	historical proof-pack residue intentionally excluded from current isolated commit	KEEP_LOCAL
proof_packs/PR_MAIN_SEAL_READINESS_2026-03-06_1752_5a48aa005/12_ROLLBACK.md	LOCAL_ONLY_HISTORICAL	HISTORICAL_PROOFPACK_PATH	NO_BROAD_UNTRACKED_COMMIT_POLICY	historical proof-pack residue intentionally excluded from current isolated commit	KEEP_LOCAL
proof_packs/PR_MAIN_SEAL_READINESS_2026-03-06_1752_5a48aa005/13_SEAL_READINESS.md	LOCAL_ONLY_HISTORICAL	HISTORICAL_PROOFPACK_PATH	NO_BROAD_UNTRACKED_COMMIT_POLICY	historical proof-pack residue intentionally excluded from current isolated commit	KEEP_LOCAL
proof_packs/PR_MAIN_SEAL_READINESS_2026-03-06_1752_5a48aa005/14_FINAL_DECISION.md	LOCAL_ONLY_HISTORICAL	HISTORICAL_PROOFPACK_PATH	NO_BROAD_UNTRACKED_COMMIT_POLICY	historical proof-pack residue intentionally excluded from current isolated commit	KEEP_LOCAL
proof_packs/PR_MAIN_SEAL_READINESS_2026-03-06_1752_5a48aa005/raw_baseline_checks.txt	LOCAL_ONLY_HISTORICAL	HISTORICAL_PROOFPACK_PATH	NO_BROAD_UNTRACKED_COMMIT_POLICY	historical proof-pack residue intentionally excluded from current isolated commit	KEEP_LOCAL
proof_packs/PR_MAIN_SEAL_READINESS_2026-03-06_1752_5a48aa005/raw_baseline_checks_v2.txt	LOCAL_ONLY_HISTORICAL	HISTORICAL_PROOFPACK_PATH	NO_BROAD_UNTRACKED_COMMIT_POLICY	historical proof-pack residue intentionally excluded from current isolated commit	KEEP_LOCAL
proof_packs/PR_MAIN_SEAL_READINESS_2026-03-06_1752_5a48aa005/raw_baseline_sensitive_status.txt	LOCAL_ONLY_HISTORICAL	HISTORICAL_PROOFPACK_PATH	NO_BROAD_UNTRACKED_COMMIT_POLICY	historical proof-pack residue intentionally excluded from current isolated commit	KEEP_LOCAL
proof_packs/PR_MAIN_SEAL_READINESS_2026-03-06_1752_5a48aa005/raw_branch_protection_ec.txt	LOCAL_ONLY_HISTORICAL	HISTORICAL_PROOFPACK_PATH	NO_BROAD_UNTRACKED_COMMIT_POLICY	historical proof-pack residue intentionally excluded from current isolated commit	KEEP_LOCAL
proof_packs/PR_MAIN_SEAL_READINESS_2026-03-06_1752_5a48aa005/raw_branch_protection.err	LOCAL_ONLY_HISTORICAL	HISTORICAL_PROOFPACK_PATH	NO_BROAD_UNTRACKED_COMMIT_POLICY	historical proof-pack residue intentionally excluded from current isolated commit	KEEP_LOCAL
proof_packs/PR_MAIN_SEAL_READINESS_2026-03-06_1752_5a48aa005/raw_branch_protection.json	LOCAL_ONLY_HISTORICAL	HISTORICAL_PROOFPACK_PATH	NO_BROAD_UNTRACKED_COMMIT_POLICY	historical proof-pack residue intentionally excluded from current isolated commit	KEEP_LOCAL
proof_packs/PR_MAIN_SEAL_READINESS_2026-03-06_1752_5a48aa005/raw_diff_staged_names.txt	LOCAL_ONLY_HISTORICAL	HISTORICAL_PROOFPACK_PATH	NO_BROAD_UNTRACKED_COMMIT_POLICY	historical proof-pack residue intentionally excluded from current isolated commit	KEEP_LOCAL
proof_packs/PR_MAIN_SEAL_READINESS_2026-03-06_1752_5a48aa005/raw_diff_staged_stat.txt	LOCAL_ONLY_HISTORICAL	HISTORICAL_PROOFPACK_PATH	NO_BROAD_UNTRACKED_COMMIT_POLICY	historical proof-pack residue intentionally excluded from current isolated commit	KEEP_LOCAL
proof_packs/PR_MAIN_SEAL_READINESS_2026-03-06_1752_5a48aa005/raw_diff_unstaged_names.txt	LOCAL_ONLY_HISTORICAL	HISTORICAL_PROOFPACK_PATH	NO_BROAD_UNTRACKED_COMMIT_POLICY	historical proof-pack residue intentionally excluded from current isolated commit	KEEP_LOCAL
proof_packs/PR_MAIN_SEAL_READINESS_2026-03-06_1752_5a48aa005/raw_diff_unstaged_stat.txt	LOCAL_ONLY_HISTORICAL	HISTORICAL_PROOFPACK_PATH	NO_BROAD_UNTRACKED_COMMIT_POLICY	historical proof-pack residue intentionally excluded from current isolated commit	KEEP_LOCAL
proof_packs/PR_MAIN_SEAL_READINESS_2026-03-06_1752_5a48aa005/raw_final_sizes_and_status.txt	LOCAL_ONLY_HISTORICAL	HISTORICAL_PROOFPACK_PATH	NO_BROAD_UNTRACKED_COMMIT_POLICY	historical proof-pack residue intentionally excluded from current isolated commit	KEEP_LOCAL
proof_packs/PR_MAIN_SEAL_READINESS_2026-03-06_1752_5a48aa005/raw_gate_exit_codes.txt	LOCAL_ONLY_HISTORICAL	HISTORICAL_PROOFPACK_PATH	NO_BROAD_UNTRACKED_COMMIT_POLICY	historical proof-pack residue intentionally excluded from current isolated commit	KEEP_LOCAL
proof_packs/PR_MAIN_SEAL_READINESS_2026-03-06_1752_5a48aa005/raw_gh_exit_codes.txt	LOCAL_ONLY_HISTORICAL	HISTORICAL_PROOFPACK_PATH	NO_BROAD_UNTRACKED_COMMIT_POLICY	historical proof-pack residue intentionally excluded from current isolated commit	KEEP_LOCAL
proof_packs/PR_MAIN_SEAL_READINESS_2026-03-06_1752_5a48aa005/raw_gh_pr_status.txt	LOCAL_ONLY_HISTORICAL	HISTORICAL_PROOFPACK_PATH	NO_BROAD_UNTRACKED_COMMIT_POLICY	historical proof-pack residue intentionally excluded from current isolated commit	KEEP_LOCAL
proof_packs/PR_MAIN_SEAL_READINESS_2026-03-06_1752_5a48aa005/raw_gh_pr_view.err	LOCAL_ONLY_HISTORICAL	HISTORICAL_PROOFPACK_PATH	NO_BROAD_UNTRACKED_COMMIT_POLICY	historical proof-pack residue intentionally excluded from current isolated commit	KEEP_LOCAL
proof_packs/PR_MAIN_SEAL_READINESS_2026-03-06_1752_5a48aa005/raw_gh_pr_view.json	LOCAL_ONLY_HISTORICAL	HISTORICAL_PROOFPACK_PATH	NO_BROAD_UNTRACKED_COMMIT_POLICY	historical proof-pack residue intentionally excluded from current isolated commit	KEEP_LOCAL
proof_packs/PR_MAIN_SEAL_READINESS_2026-03-06_1752_5a48aa005/raw_gh_run_list.err	LOCAL_ONLY_HISTORICAL	HISTORICAL_PROOFPACK_PATH	NO_BROAD_UNTRACKED_COMMIT_POLICY	historical proof-pack residue intentionally excluded from current isolated commit	KEEP_LOCAL
proof_packs/PR_MAIN_SEAL_READINESS_2026-03-06_1752_5a48aa005/raw_gh_run_list.json	LOCAL_ONLY_HISTORICAL	HISTORICAL_PROOFPACK_PATH	NO_BROAD_UNTRACKED_COMMIT_POLICY	historical proof-pack residue intentionally excluded from current isolated commit	KEEP_LOCAL
proof_packs/PR_MAIN_SEAL_READINESS_2026-03-06_1752_5a48aa005/raw_gh_run_list.txt	LOCAL_ONLY_HISTORICAL	HISTORICAL_PROOFPACK_PATH	NO_BROAD_UNTRACKED_COMMIT_POLICY	historical proof-pack residue intentionally excluded from current isolated commit	KEEP_LOCAL
proof_packs/PR_MAIN_SEAL_READINESS_2026-03-06_1752_5a48aa005/raw_git_branch.txt	LOCAL_ONLY_HISTORICAL	HISTORICAL_PROOFPACK_PATH	NO_BROAD_UNTRACKED_COMMIT_POLICY	historical proof-pack residue intentionally excluded from current isolated commit	KEEP_LOCAL
proof_packs/PR_MAIN_SEAL_READINESS_2026-03-06_1752_5a48aa005/raw_git_head_short.txt	LOCAL_ONLY_HISTORICAL	HISTORICAL_PROOFPACK_PATH	NO_BROAD_UNTRACKED_COMMIT_POLICY	historical proof-pack residue intentionally excluded from current isolated commit	KEEP_LOCAL
proof_packs/PR_MAIN_SEAL_READINESS_2026-03-06_1752_5a48aa005/raw_git_log20.txt	LOCAL_ONLY_HISTORICAL	HISTORICAL_PROOFPACK_PATH	NO_BROAD_UNTRACKED_COMMIT_POLICY	historical proof-pack residue intentionally excluded from current isolated commit	KEEP_LOCAL
proof_packs/PR_MAIN_SEAL_READINESS_2026-03-06_1752_5a48aa005/raw_git_status.txt	LOCAL_ONLY_HISTORICAL	HISTORICAL_PROOFPACK_PATH	NO_BROAD_UNTRACKED_COMMIT_POLICY	historical proof-pack residue intentionally excluded from current isolated commit	KEEP_LOCAL
proof_packs/PR_MAIN_SEAL_READINESS_2026-03-06_1752_5a48aa005/raw_pack_integrity.txt	LOCAL_ONLY_HISTORICAL	HISTORICAL_PROOFPACK_PATH	NO_BROAD_UNTRACKED_COMMIT_POLICY	historical proof-pack residue intentionally excluded from current isolated commit	KEEP_LOCAL
proof_packs/PR_MAIN_SEAL_READINESS_2026-03-06_1752_5a48aa005/raw_postdocs_gate_exit_codes.txt	LOCAL_ONLY_HISTORICAL	HISTORICAL_PROOFPACK_PATH	NO_BROAD_UNTRACKED_COMMIT_POLICY	historical proof-pack residue intentionally excluded from current isolated commit	KEEP_LOCAL
proof_packs/PR_MAIN_SEAL_READINESS_2026-03-06_1752_5a48aa005/ROLLBACK.md	LOCAL_ONLY_HISTORICAL	HISTORICAL_PROOFPACK_PATH	NO_BROAD_UNTRACKED_COMMIT_POLICY	historical proof-pack residue intentionally excluded from current isolated commit	KEEP_LOCAL
proof_packs/PR_MAIN_SEAL_READINESS_2026-03-06_1752_5a48aa005/VERDICT.md	LOCAL_ONLY_HISTORICAL	HISTORICAL_PROOFPACK_PATH	NO_BROAD_UNTRACKED_COMMIT_POLICY	historical proof-pack residue intentionally excluded from current isolated commit	KEEP_LOCAL
proof_packs/PROD_ARTIFACT_ALIGNMENT_2026-03-07_1457_757ae4d4c9/00_EXEC_SUMMARY.md	LOCAL_ONLY_HISTORICAL	HISTORICAL_PROOFPACK_PATH	NO_BROAD_UNTRACKED_COMMIT_POLICY	historical proof-pack residue intentionally excluded from current isolated commit	KEEP_LOCAL
proof_packs/PROD_ARTIFACT_ALIGNMENT_2026-03-07_1457_757ae4d4c9/00_SCOPE.md	LOCAL_ONLY_HISTORICAL	HISTORICAL_PROOFPACK_PATH	NO_BROAD_UNTRACKED_COMMIT_POLICY	historical proof-pack residue intentionally excluded from current isolated commit	KEEP_LOCAL
proof_packs/PROD_ARTIFACT_ALIGNMENT_2026-03-07_1457_757ae4d4c9/01_VERSION_ALIGNMENT.md	LOCAL_ONLY_HISTORICAL	HISTORICAL_PROOFPACK_PATH	NO_BROAD_UNTRACKED_COMMIT_POLICY	historical proof-pack residue intentionally excluded from current isolated commit	KEEP_LOCAL
proof_packs/PROD_ARTIFACT_ALIGNMENT_2026-03-07_1457_757ae4d4c9/04_POST_DEPLOY_CHECKS.md	LOCAL_ONLY_HISTORICAL	HISTORICAL_PROOFPACK_PATH	NO_BROAD_UNTRACKED_COMMIT_POLICY	historical proof-pack residue intentionally excluded from current isolated commit	KEEP_LOCAL
proof_packs/PROD_ARTIFACT_ALIGNMENT_2026-03-07_1457_757ae4d4c9/raw/00_bootstrap.env	LOCAL_ONLY_HISTORICAL	HISTORICAL_PROOFPACK_PATH	NO_BROAD_UNTRACKED_COMMIT_POLICY	historical proof-pack residue intentionally excluded from current isolated commit	KEEP_LOCAL
proof_packs/PROD_ARTIFACT_ALIGNMENT_2026-03-07_1457_757ae4d4c9/raw/02_appimage_build.exitcode	LOCAL_ONLY_HISTORICAL	HISTORICAL_PROOFPACK_PATH	NO_BROAD_UNTRACKED_COMMIT_POLICY	historical proof-pack residue intentionally excluded from current isolated commit	KEEP_LOCAL
proof_packs/PROD_ARTIFACT_ALIGNMENT_2026-03-07_1457_757ae4d4c9/raw/02_appimage_build.summary.txt	LOCAL_ONLY_HISTORICAL	HISTORICAL_PROOFPACK_PATH	NO_BROAD_UNTRACKED_COMMIT_POLICY	historical proof-pack residue intentionally excluded from current isolated commit	KEEP_LOCAL
proof_packs/PROD_ARTIFACT_ALIGNMENT_2026-03-07_1457_757ae4d4c9/raw/02_appimage_candidates.txt	LOCAL_ONLY_HISTORICAL	HISTORICAL_PROOFPACK_PATH	NO_BROAD_UNTRACKED_COMMIT_POLICY	historical proof-pack residue intentionally excluded from current isolated commit	KEEP_LOCAL
proof_packs/PROD_ARTIFACT_ALIGNMENT_2026-03-07_1457_757ae4d4c9/raw/03_deploy.exitcode	LOCAL_ONLY_HISTORICAL	HISTORICAL_PROOFPACK_PATH	NO_BROAD_UNTRACKED_COMMIT_POLICY	historical proof-pack residue intentionally excluded from current isolated commit	KEEP_LOCAL
proof_packs/PROD_ARTIFACT_ALIGNMENT_2026-03-07_1457_757ae4d4c9/raw/04_post_checks.env	LOCAL_ONLY_HISTORICAL	HISTORICAL_PROOFPACK_PATH	NO_BROAD_UNTRACKED_COMMIT_POLICY	historical proof-pack residue intentionally excluded from current isolated commit	KEEP_LOCAL
proof_packs/PROD_ARTIFACT_ALIGNMENT_2026-03-07_1457_757ae4d4c9/raw/04_post_checks.exitcode	LOCAL_ONLY_HISTORICAL	HISTORICAL_PROOFPACK_PATH	NO_BROAD_UNTRACKED_COMMIT_POLICY	historical proof-pack residue intentionally excluded from current isolated commit	KEEP_LOCAL
proof_packs/PROD_ARTIFACT_ALIGNMENT_2026-03-07_1457_757ae4d4c9/raw/05_required_gates.exitcode	LOCAL_ONLY_HISTORICAL	HISTORICAL_PROOFPACK_PATH	NO_BROAD_UNTRACKED_COMMIT_POLICY	historical proof-pack residue intentionally excluded from current isolated commit	KEEP_LOCAL
proof_packs/PROD_ARTIFACT_ALIGNMENT_2026-03-07_1457_757ae4d4c9/ROLLBACK.md	LOCAL_ONLY_HISTORICAL	HISTORICAL_PROOFPACK_PATH	NO_BROAD_UNTRACKED_COMMIT_POLICY	historical proof-pack residue intentionally excluded from current isolated commit	KEEP_LOCAL
proof_packs/PROD_ARTIFACT_ALIGNMENT_2026-03-07_1457_757ae4d4c9/VERDICT.md	LOCAL_ONLY_HISTORICAL	HISTORICAL_PROOFPACK_PATH	NO_BROAD_UNTRACKED_COMMIT_POLICY	historical proof-pack residue intentionally excluded from current isolated commit	KEEP_LOCAL
proof_packs/PROD_BUILD_DEPLOY_2026-03-07_1407_757ae4d4c9/00_EXEC_SUMMARY.md	LOCAL_ONLY_HISTORICAL	HISTORICAL_PROOFPACK_PATH	NO_BROAD_UNTRACKED_COMMIT_POLICY	historical proof-pack residue intentionally excluded from current isolated commit	KEEP_LOCAL
proof_packs/PROD_BUILD_DEPLOY_2026-03-07_1407_757ae4d4c9/00_SCOPE.md	LOCAL_ONLY_HISTORICAL	HISTORICAL_PROOFPACK_PATH	NO_BROAD_UNTRACKED_COMMIT_POLICY	historical proof-pack residue intentionally excluded from current isolated commit	KEEP_LOCAL
proof_packs/PROD_BUILD_DEPLOY_2026-03-07_1407_757ae4d4c9/01_AUTHORIZATION.md	LOCAL_ONLY_HISTORICAL	HISTORICAL_PROOFPACK_PATH	NO_BROAD_UNTRACKED_COMMIT_POLICY	historical proof-pack residue intentionally excluded from current isolated commit	KEEP_LOCAL
proof_packs/PROD_BUILD_DEPLOY_2026-03-07_1407_757ae4d4c9/02_REPO_TRUTH.md	LOCAL_ONLY_HISTORICAL	HISTORICAL_PROOFPACK_PATH	NO_BROAD_UNTRACKED_COMMIT_POLICY	historical proof-pack residue intentionally excluded from current isolated commit	KEEP_LOCAL
proof_packs/PROD_BUILD_DEPLOY_2026-03-07_1407_757ae4d4c9/03_BUILD_EXECUTION.md	LOCAL_ONLY_HISTORICAL	HISTORICAL_PROOFPACK_PATH	NO_BROAD_UNTRACKED_COMMIT_POLICY	historical proof-pack residue intentionally excluded from current isolated commit	KEEP_LOCAL
proof_packs/PROD_BUILD_DEPLOY_2026-03-07_1407_757ae4d4c9/04_DEPLOY_DECISION.md	LOCAL_ONLY_HISTORICAL	HISTORICAL_PROOFPACK_PATH	NO_BROAD_UNTRACKED_COMMIT_POLICY	historical proof-pack residue intentionally excluded from current isolated commit	KEEP_LOCAL
proof_packs/PROD_BUILD_DEPLOY_2026-03-07_1407_757ae4d4c9/05_GATES_REPORT.md	LOCAL_ONLY_HISTORICAL	HISTORICAL_PROOFPACK_PATH	NO_BROAD_UNTRACKED_COMMIT_POLICY	historical proof-pack residue intentionally excluded from current isolated commit	KEEP_LOCAL
proof_packs/PROD_BUILD_DEPLOY_2026-03-07_1407_757ae4d4c9/06_NEXT_ACTION_UNDER_30_MIN.md	LOCAL_ONLY_HISTORICAL	HISTORICAL_PROOFPACK_PATH	NO_BROAD_UNTRACKED_COMMIT_POLICY	historical proof-pack residue intentionally excluded from current isolated commit	KEEP_LOCAL
proof_packs/PROD_BUILD_DEPLOY_2026-03-07_1407_757ae4d4c9/07_ROLLBACK_PLAN.md	LOCAL_ONLY_HISTORICAL	HISTORICAL_PROOFPACK_PATH	NO_BROAD_UNTRACKED_COMMIT_POLICY	historical proof-pack residue intentionally excluded from current isolated commit	KEEP_LOCAL
proof_packs/PROD_BUILD_DEPLOY_2026-03-07_1407_757ae4d4c9/raw/00_bootstrap.env	LOCAL_ONLY_HISTORICAL	HISTORICAL_PROOFPACK_PATH	NO_BROAD_UNTRACKED_COMMIT_POLICY	historical proof-pack residue intentionally excluded from current isolated commit	KEEP_LOCAL
proof_packs/PROD_BUILD_DEPLOY_2026-03-07_1407_757ae4d4c9/raw/01_git_status_porcelain.txt	LOCAL_ONLY_HISTORICAL	HISTORICAL_PROOFPACK_PATH	NO_BROAD_UNTRACKED_COMMIT_POLICY	historical proof-pack residue intentionally excluded from current isolated commit	KEEP_LOCAL
proof_packs/PROD_BUILD_DEPLOY_2026-03-07_1407_757ae4d4c9/raw/02_git_branch.txt	LOCAL_ONLY_HISTORICAL	HISTORICAL_PROOFPACK_PATH	NO_BROAD_UNTRACKED_COMMIT_POLICY	historical proof-pack residue intentionally excluded from current isolated commit	KEEP_LOCAL
proof_packs/PROD_BUILD_DEPLOY_2026-03-07_1407_757ae4d4c9/raw/03_git_head.txt	LOCAL_ONLY_HISTORICAL	HISTORICAL_PROOFPACK_PATH	NO_BROAD_UNTRACKED_COMMIT_POLICY	historical proof-pack residue intentionally excluded from current isolated commit	KEEP_LOCAL
proof_packs/PROD_BUILD_DEPLOY_2026-03-07_1407_757ae4d4c9/raw/04_git_log20.txt	LOCAL_ONLY_HISTORICAL	HISTORICAL_PROOFPACK_PATH	NO_BROAD_UNTRACKED_COMMIT_POLICY	historical proof-pack residue intentionally excluded from current isolated commit	KEEP_LOCAL
proof_packs/PROD_BUILD_DEPLOY_2026-03-07_1407_757ae4d4c9/raw/05_git_diff_stat.txt	LOCAL_ONLY_HISTORICAL	HISTORICAL_PROOFPACK_PATH	NO_BROAD_UNTRACKED_COMMIT_POLICY	historical proof-pack residue intentionally excluded from current isolated commit	KEEP_LOCAL
proof_packs/PROD_BUILD_DEPLOY_2026-03-07_1407_757ae4d4c9/raw/06_git_diff_cached_stat.txt	LOCAL_ONLY_HISTORICAL	HISTORICAL_PROOFPACK_PATH	NO_BROAD_UNTRACKED_COMMIT_POLICY	historical proof-pack residue intentionally excluded from current isolated commit	KEEP_LOCAL
proof_packs/PROD_BUILD_DEPLOY_2026-03-07_1407_757ae4d4c9/raw/07_authorization_tokens.txt	LOCAL_ONLY_HISTORICAL	HISTORICAL_PROOFPACK_PATH	NO_BROAD_UNTRACKED_COMMIT_POLICY	historical proof-pack residue intentionally excluded from current isolated commit	KEEP_LOCAL
proof_packs/PROD_BUILD_DEPLOY_2026-03-07_1407_757ae4d4c9/raw/12_build_attempt3.exitcode	LOCAL_ONLY_HISTORICAL	HISTORICAL_PROOFPACK_PATH	NO_BROAD_UNTRACKED_COMMIT_POLICY	historical proof-pack residue intentionally excluded from current isolated commit	KEEP_LOCAL
proof_packs/PROD_BUILD_DEPLOY_2026-03-07_1407_757ae4d4c9/raw/12_build_attempt3.summary.txt	LOCAL_ONLY_HISTORICAL	HISTORICAL_PROOFPACK_PATH	NO_BROAD_UNTRACKED_COMMIT_POLICY	historical proof-pack residue intentionally excluded from current isolated commit	KEEP_LOCAL
proof_packs/PROD_BUILD_DEPLOY_2026-03-07_1407_757ae4d4c9/raw/13_prod_target_and_artifacts_state.txt	LOCAL_ONLY_HISTORICAL	HISTORICAL_PROOFPACK_PATH	NO_BROAD_UNTRACKED_COMMIT_POLICY	historical proof-pack residue intentionally excluded from current isolated commit	KEEP_LOCAL
proof_packs/PROD_BUILD_DEPLOY_2026-03-07_1407_757ae4d4c9/raw/14_node_version.txt	LOCAL_ONLY_HISTORICAL	HISTORICAL_PROOFPACK_PATH	NO_BROAD_UNTRACKED_COMMIT_POLICY	historical proof-pack residue intentionally excluded from current isolated commit	KEEP_LOCAL
proof_packs/PROD_BUILD_DEPLOY_2026-03-07_1407_757ae4d4c9/raw/15_pnpm_version.txt	LOCAL_ONLY_HISTORICAL	HISTORICAL_PROOFPACK_PATH	NO_BROAD_UNTRACKED_COMMIT_POLICY	historical proof-pack residue intentionally excluded from current isolated commit	KEEP_LOCAL
proof_packs/PROD_BUILD_DEPLOY_2026-03-07_1407_757ae4d4c9/raw/16_rustc_version.txt	LOCAL_ONLY_HISTORICAL	HISTORICAL_PROOFPACK_PATH	NO_BROAD_UNTRACKED_COMMIT_POLICY	historical proof-pack residue intentionally excluded from current isolated commit	KEEP_LOCAL
proof_packs/PROD_BUILD_DEPLOY_2026-03-07_1407_757ae4d4c9/raw/17_cargo_version.txt	LOCAL_ONLY_HISTORICAL	HISTORICAL_PROOFPACK_PATH	NO_BROAD_UNTRACKED_COMMIT_POLICY	historical proof-pack residue intentionally excluded from current isolated commit	KEEP_LOCAL
proof_packs/PROD_BUILD_DEPLOY_2026-03-07_1407_757ae4d4c9/raw/18_detect_recurrence.exitcode	LOCAL_ONLY_HISTORICAL	HISTORICAL_PROOFPACK_PATH	NO_BROAD_UNTRACKED_COMMIT_POLICY	historical proof-pack residue intentionally excluded from current isolated commit	KEEP_LOCAL
proof_packs/PROD_BUILD_DEPLOY_2026-03-07_1407_757ae4d4c9/raw/19_verify_instructions.exitcode	LOCAL_ONLY_HISTORICAL	HISTORICAL_PROOFPACK_PATH	NO_BROAD_UNTRACKED_COMMIT_POLICY	historical proof-pack residue intentionally excluded from current isolated commit	KEEP_LOCAL
proof_packs/PROD_BUILD_DEPLOY_2026-03-07_1407_757ae4d4c9/raw/20_governance_checks.summary.txt	LOCAL_ONLY_HISTORICAL	HISTORICAL_PROOFPACK_PATH	NO_BROAD_UNTRACKED_COMMIT_POLICY	historical proof-pack residue intentionally excluded from current isolated commit	KEEP_LOCAL
proof_packs/PROD_BUILD_DEPLOY_2026-03-07_1407_757ae4d4c9/raw/21_authorization_tokens_clean.txt	LOCAL_ONLY_HISTORICAL	HISTORICAL_PROOFPACK_PATH	NO_BROAD_UNTRACKED_COMMIT_POLICY	historical proof-pack residue intentionally excluded from current isolated commit	KEEP_LOCAL
proof_packs/PROD_BUILD_DEPLOY_2026-03-07_1407_757ae4d4c9/raw/22_prod_target_and_artifacts_state_clean.txt	LOCAL_ONLY_HISTORICAL	HISTORICAL_PROOFPACK_PATH	NO_BROAD_UNTRACKED_COMMIT_POLICY	historical proof-pack residue intentionally excluded from current isolated commit	KEEP_LOCAL
proof_packs/PROD_BUILD_DEPLOY_2026-03-07_1407_757ae4d4c9/raw/23_build_fail_markers.txt	LOCAL_ONLY_HISTORICAL	HISTORICAL_PROOFPACK_PATH	NO_BROAD_UNTRACKED_COMMIT_POLICY	historical proof-pack residue intentionally excluded from current isolated commit	KEEP_LOCAL
proof_packs/PROD_BUILD_DEPLOY_2026-03-07_1407_757ae4d4c9/ROLLBACK.md	LOCAL_ONLY_HISTORICAL	HISTORICAL_PROOFPACK_PATH	NO_BROAD_UNTRACKED_COMMIT_POLICY	historical proof-pack residue intentionally excluded from current isolated commit	KEEP_LOCAL
proof_packs/PROD_BUILD_DEPLOY_2026-03-07_1407_757ae4d4c9/VERDICT.md	LOCAL_ONLY_HISTORICAL	HISTORICAL_PROOFPACK_PATH	NO_BROAD_UNTRACKED_COMMIT_POLICY	historical proof-pack residue intentionally excluded from current isolated commit	KEEP_LOCAL
proof_packs/PROD_BUILD_DEPLOY_RETRY_2026-03-07_1417_757ae4d4c9/00_EXEC_SUMMARY.md	LOCAL_ONLY_HISTORICAL	HISTORICAL_PROOFPACK_PATH	NO_BROAD_UNTRACKED_COMMIT_POLICY	historical proof-pack residue intentionally excluded from current isolated commit	KEEP_LOCAL
proof_packs/PROD_BUILD_DEPLOY_RETRY_2026-03-07_1417_757ae4d4c9/00_SCOPE.md	LOCAL_ONLY_HISTORICAL	HISTORICAL_PROOFPACK_PATH	NO_BROAD_UNTRACKED_COMMIT_POLICY	historical proof-pack residue intentionally excluded from current isolated commit	KEEP_LOCAL
proof_packs/PROD_BUILD_DEPLOY_RETRY_2026-03-07_1417_757ae4d4c9/01_SECURITY_SCOPE_FIX.md	LOCAL_ONLY_HISTORICAL	HISTORICAL_PROOFPACK_PATH	NO_BROAD_UNTRACKED_COMMIT_POLICY	historical proof-pack residue intentionally excluded from current isolated commit	KEEP_LOCAL
proof_packs/PROD_BUILD_DEPLOY_RETRY_2026-03-07_1417_757ae4d4c9/02_BUILD_PRECHECKS.md	LOCAL_ONLY_HISTORICAL	HISTORICAL_PROOFPACK_PATH	NO_BROAD_UNTRACKED_COMMIT_POLICY	historical proof-pack residue intentionally excluded from current isolated commit	KEEP_LOCAL
proof_packs/PROD_BUILD_DEPLOY_RETRY_2026-03-07_1417_757ae4d4c9/04_BUILD_VERIFICATION.md	LOCAL_ONLY_HISTORICAL	HISTORICAL_PROOFPACK_PATH	NO_BROAD_UNTRACKED_COMMIT_POLICY	historical proof-pack residue intentionally excluded from current isolated commit	KEEP_LOCAL
proof_packs/PROD_BUILD_DEPLOY_RETRY_2026-03-07_1417_757ae4d4c9/06_POST_DEPLOY_CHECKS.md	LOCAL_ONLY_HISTORICAL	HISTORICAL_PROOFPACK_PATH	NO_BROAD_UNTRACKED_COMMIT_POLICY	historical proof-pack residue intentionally excluded from current isolated commit	KEEP_LOCAL
proof_packs/PROD_BUILD_DEPLOY_RETRY_2026-03-07_1417_757ae4d4c9/raw/00_bootstrap.env	LOCAL_ONLY_HISTORICAL	HISTORICAL_PROOFPACK_PATH	NO_BROAD_UNTRACKED_COMMIT_POLICY	historical proof-pack residue intentionally excluded from current isolated commit	KEEP_LOCAL
proof_packs/PROD_BUILD_DEPLOY_RETRY_2026-03-07_1417_757ae4d4c9/raw/01_scope_gate_validation.exitcode	LOCAL_ONLY_HISTORICAL	HISTORICAL_PROOFPACK_PATH	NO_BROAD_UNTRACKED_COMMIT_POLICY	historical proof-pack residue intentionally excluded from current isolated commit	KEEP_LOCAL
proof_packs/PROD_BUILD_DEPLOY_RETRY_2026-03-07_1417_757ae4d4c9/raw/02_scope_fix_syntax.exitcode	LOCAL_ONLY_HISTORICAL	HISTORICAL_PROOFPACK_PATH	NO_BROAD_UNTRACKED_COMMIT_POLICY	historical proof-pack residue intentionally excluded from current isolated commit	KEEP_LOCAL
proof_packs/PROD_BUILD_DEPLOY_RETRY_2026-03-07_1417_757ae4d4c9/raw/02_scope_gate_validation.exitcode	LOCAL_ONLY_HISTORICAL	HISTORICAL_PROOFPACK_PATH	NO_BROAD_UNTRACKED_COMMIT_POLICY	historical proof-pack residue intentionally excluded from current isolated commit	KEEP_LOCAL
proof_packs/PROD_BUILD_DEPLOY_RETRY_2026-03-07_1417_757ae4d4c9/raw/02_scope_validation.summary.txt	LOCAL_ONLY_HISTORICAL	HISTORICAL_PROOFPACK_PATH	NO_BROAD_UNTRACKED_COMMIT_POLICY	historical proof-pack residue intentionally excluded from current isolated commit	KEEP_LOCAL
proof_packs/PROD_BUILD_DEPLOY_RETRY_2026-03-07_1417_757ae4d4c9/raw/03_artifacts_hashes.txt	LOCAL_ONLY_HISTORICAL	HISTORICAL_PROOFPACK_PATH	NO_BROAD_UNTRACKED_COMMIT_POLICY	historical proof-pack residue intentionally excluded from current isolated commit	KEEP_LOCAL
proof_packs/PROD_BUILD_DEPLOY_RETRY_2026-03-07_1417_757ae4d4c9/raw/03_artifacts_paths.txt	LOCAL_ONLY_HISTORICAL	HISTORICAL_PROOFPACK_PATH	NO_BROAD_UNTRACKED_COMMIT_POLICY	historical proof-pack residue intentionally excluded from current isolated commit	KEEP_LOCAL
proof_packs/PROD_BUILD_DEPLOY_RETRY_2026-03-07_1417_757ae4d4c9/raw/03_artifacts_sizes_bytes.txt	LOCAL_ONLY_HISTORICAL	HISTORICAL_PROOFPACK_PATH	NO_BROAD_UNTRACKED_COMMIT_POLICY	historical proof-pack residue intentionally excluded from current isolated commit	KEEP_LOCAL
proof_packs/PROD_BUILD_DEPLOY_RETRY_2026-03-07_1417_757ae4d4c9/raw/03a_stuck_log_tail.txt	LOCAL_ONLY_HISTORICAL	HISTORICAL_PROOFPACK_PATH	NO_BROAD_UNTRACKED_COMMIT_POLICY	historical proof-pack residue intentionally excluded from current isolated commit	KEEP_LOCAL
proof_packs/PROD_BUILD_DEPLOY_RETRY_2026-03-07_1417_757ae4d4c9/raw/03a_stuck_process_snapshot.txt	LOCAL_ONLY_HISTORICAL	HISTORICAL_PROOFPACK_PATH	NO_BROAD_UNTRACKED_COMMIT_POLICY	historical proof-pack residue intentionally excluded from current isolated commit	KEEP_LOCAL
proof_packs/PROD_BUILD_DEPLOY_RETRY_2026-03-07_1417_757ae4d4c9/raw/03_build.exitcode	LOCAL_ONLY_HISTORICAL	HISTORICAL_PROOFPACK_PATH	NO_BROAD_UNTRACKED_COMMIT_POLICY	historical proof-pack residue intentionally excluded from current isolated commit	KEEP_LOCAL
proof_packs/PROD_BUILD_DEPLOY_RETRY_2026-03-07_1417_757ae4d4c9/raw/03_build.summary.txt	LOCAL_ONLY_HISTORICAL	HISTORICAL_PROOFPACK_PATH	NO_BROAD_UNTRACKED_COMMIT_POLICY	historical proof-pack residue intentionally excluded from current isolated commit	KEEP_LOCAL
proof_packs/PROD_BUILD_DEPLOY_RETRY_2026-03-07_1417_757ae4d4c9/raw/05_deployed_artifacts_hashes.txt	LOCAL_ONLY_HISTORICAL	HISTORICAL_PROOFPACK_PATH	NO_BROAD_UNTRACKED_COMMIT_POLICY	historical proof-pack residue intentionally excluded from current isolated commit	KEEP_LOCAL
proof_packs/PROD_BUILD_DEPLOY_RETRY_2026-03-07_1417_757ae4d4c9/raw/05_deployed_artifacts_paths.txt	LOCAL_ONLY_HISTORICAL	HISTORICAL_PROOFPACK_PATH	NO_BROAD_UNTRACKED_COMMIT_POLICY	historical proof-pack residue intentionally excluded from current isolated commit	KEEP_LOCAL
proof_packs/PROD_BUILD_DEPLOY_RETRY_2026-03-07_1417_757ae4d4c9/raw/05_deployed_artifacts_sizes_bytes.txt	LOCAL_ONLY_HISTORICAL	HISTORICAL_PROOFPACK_PATH	NO_BROAD_UNTRACKED_COMMIT_POLICY	historical proof-pack residue intentionally excluded from current isolated commit	KEEP_LOCAL
proof_packs/PROD_BUILD_DEPLOY_RETRY_2026-03-07_1417_757ae4d4c9/raw/05_deploy.exitcode	LOCAL_ONLY_HISTORICAL	HISTORICAL_PROOFPACK_PATH	NO_BROAD_UNTRACKED_COMMIT_POLICY	historical proof-pack residue intentionally excluded from current isolated commit	KEEP_LOCAL
proof_packs/PROD_BUILD_DEPLOY_RETRY_2026-03-07_1417_757ae4d4c9/raw/05_deploy.summary.txt	LOCAL_ONLY_HISTORICAL	HISTORICAL_PROOFPACK_PATH	NO_BROAD_UNTRACKED_COMMIT_POLICY	historical proof-pack residue intentionally excluded from current isolated commit	KEEP_LOCAL
proof_packs/PROD_BUILD_DEPLOY_RETRY_2026-03-07_1417_757ae4d4c9/raw/06_artifact_availability.txt	LOCAL_ONLY_HISTORICAL	HISTORICAL_PROOFPACK_PATH	NO_BROAD_UNTRACKED_COMMIT_POLICY	historical proof-pack residue intentionally excluded from current isolated commit	KEEP_LOCAL
proof_packs/PROD_BUILD_DEPLOY_RETRY_2026-03-07_1417_757ae4d4c9/raw/06_deployment_latest_inventory.txt	LOCAL_ONLY_HISTORICAL	HISTORICAL_PROOFPACK_PATH	NO_BROAD_UNTRACKED_COMMIT_POLICY	historical proof-pack residue intentionally excluded from current isolated commit	KEEP_LOCAL
proof_packs/PROD_BUILD_DEPLOY_RETRY_2026-03-07_1417_757ae4d4c9/raw/06_smoke_analysis.txt	LOCAL_ONLY_HISTORICAL	HISTORICAL_PROOFPACK_PATH	NO_BROAD_UNTRACKED_COMMIT_POLICY	historical proof-pack residue intentionally excluded from current isolated commit	KEEP_LOCAL
proof_packs/PROD_BUILD_DEPLOY_RETRY_2026-03-07_1417_757ae4d4c9/raw/06_smoke_runtime.exitcode	LOCAL_ONLY_HISTORICAL	HISTORICAL_PROOFPACK_PATH	NO_BROAD_UNTRACKED_COMMIT_POLICY	historical proof-pack residue intentionally excluded from current isolated commit	KEEP_LOCAL
proof_packs/PROD_BUILD_DEPLOY_RETRY_2026-03-07_1417_757ae4d4c9/raw/06_smoke_runtime.summary.txt	LOCAL_ONLY_HISTORICAL	HISTORICAL_PROOFPACK_PATH	NO_BROAD_UNTRACKED_COMMIT_POLICY	historical proof-pack residue intentionally excluded from current isolated commit	KEEP_LOCAL
proof_packs/PROD_BUILD_DEPLOY_RETRY_2026-03-07_1417_757ae4d4c9/raw/06_version_integrity.txt	LOCAL_ONLY_HISTORICAL	HISTORICAL_PROOFPACK_PATH	NO_BROAD_UNTRACKED_COMMIT_POLICY	historical proof-pack residue intentionally excluded from current isolated commit	KEEP_LOCAL
proof_packs/PROD_BUILD_DEPLOY_RETRY_2026-03-07_1417_757ae4d4c9/raw/07_detect_recurrence.exitcode	LOCAL_ONLY_HISTORICAL	HISTORICAL_PROOFPACK_PATH	NO_BROAD_UNTRACKED_COMMIT_POLICY	historical proof-pack residue intentionally excluded from current isolated commit	KEEP_LOCAL
proof_packs/PROD_BUILD_DEPLOY_RETRY_2026-03-07_1417_757ae4d4c9/raw/08_verify_instructions.exitcode	LOCAL_ONLY_HISTORICAL	HISTORICAL_PROOFPACK_PATH	NO_BROAD_UNTRACKED_COMMIT_POLICY	historical proof-pack residue intentionally excluded from current isolated commit	KEEP_LOCAL
proof_packs/PROD_BUILD_DEPLOY_RETRY_2026-03-07_1417_757ae4d4c9/raw/09_governance_checks.summary.txt	LOCAL_ONLY_HISTORICAL	HISTORICAL_PROOFPACK_PATH	NO_BROAD_UNTRACKED_COMMIT_POLICY	historical proof-pack residue intentionally excluded from current isolated commit	KEEP_LOCAL
proof_packs/PROD_BUILD_DEPLOY_RETRY_2026-03-07_1417_757ae4d4c9/ROLLBACK.md	LOCAL_ONLY_HISTORICAL	HISTORICAL_PROOFPACK_PATH	NO_BROAD_UNTRACKED_COMMIT_POLICY	historical proof-pack residue intentionally excluded from current isolated commit	KEEP_LOCAL
proof_packs/PROD_BUILD_DEPLOY_RETRY_2026-03-07_1417_757ae4d4c9/VERDICT.md	LOCAL_ONLY_HISTORICAL	HISTORICAL_PROOFPACK_PATH	NO_BROAD_UNTRACKED_COMMIT_POLICY	historical proof-pack residue intentionally excluded from current isolated commit	KEEP_LOCAL
proof_packs/PROD_IDLE_GUARD_2026-03-07_1554_757ae4d4c9/00_EXEC_SUMMARY.md	LOCAL_ONLY_HISTORICAL	HISTORICAL_PROOFPACK_PATH	NO_BROAD_UNTRACKED_COMMIT_POLICY	historical proof-pack residue intentionally excluded from current isolated commit	KEEP_LOCAL
proof_packs/PROD_IDLE_GUARD_2026-03-07_1554_757ae4d4c9/01_PROD_IDLE_REFERENCE.md	LOCAL_ONLY_HISTORICAL	HISTORICAL_PROOFPACK_PATH	NO_BROAD_UNTRACKED_COMMIT_POLICY	historical proof-pack residue intentionally excluded from current isolated commit	KEEP_LOCAL
proof_packs/PROD_IDLE_GUARD_2026-03-07_1554_757ae4d4c9/02_ALLOWED_IDLE_RELEASE_ACTIONS.md	LOCAL_ONLY_HISTORICAL	HISTORICAL_PROOFPACK_PATH	NO_BROAD_UNTRACKED_COMMIT_POLICY	historical proof-pack residue intentionally excluded from current isolated commit	KEEP_LOCAL
proof_packs/PROD_IDLE_GUARD_2026-03-07_1554_757ae4d4c9/03_FORBIDDEN_IDLE_RELEASE_ACTIONS.md	LOCAL_ONLY_HISTORICAL	HISTORICAL_PROOFPACK_PATH	NO_BROAD_UNTRACKED_COMMIT_POLICY	historical proof-pack residue intentionally excluded from current isolated commit	KEEP_LOCAL
proof_packs/PROD_IDLE_GUARD_2026-03-07_1554_757ae4d4c9/04_RELEASE_REENTRY_TRIGGERS.md	LOCAL_ONLY_HISTORICAL	HISTORICAL_PROOFPACK_PATH	NO_BROAD_UNTRACKED_COMMIT_POLICY	historical proof-pack residue intentionally excluded from current isolated commit	KEEP_LOCAL
proof_packs/PROD_IDLE_GUARD_2026-03-07_1554_757ae4d4c9/05_NO_FURTHER_RELEASE_AUTORUN.md	LOCAL_ONLY_HISTORICAL	HISTORICAL_PROOFPACK_PATH	NO_BROAD_UNTRACKED_COMMIT_POLICY	historical proof-pack residue intentionally excluded from current isolated commit	KEEP_LOCAL
proof_packs/PROD_IDLE_GUARD_2026-03-07_1554_757ae4d4c9/06_POST_PROD_IDLE_HANDOFF.md	LOCAL_ONLY_HISTORICAL	HISTORICAL_PROOFPACK_PATH	NO_BROAD_UNTRACKED_COMMIT_POLICY	historical proof-pack residue intentionally excluded from current isolated commit	KEEP_LOCAL
proof_packs/PROD_IDLE_GUARD_2026-03-07_1554_757ae4d4c9/raw/00_bootstrap_checks.txt	LOCAL_ONLY_HISTORICAL	HISTORICAL_PROOFPACK_PATH	NO_BROAD_UNTRACKED_COMMIT_POLICY	historical proof-pack residue intentionally excluded from current isolated commit	KEEP_LOCAL
proof_packs/PROD_IDLE_GUARD_2026-03-07_1554_757ae4d4c9/raw/00_git_branch.txt	LOCAL_ONLY_HISTORICAL	HISTORICAL_PROOFPACK_PATH	NO_BROAD_UNTRACKED_COMMIT_POLICY	historical proof-pack residue intentionally excluded from current isolated commit	KEEP_LOCAL
proof_packs/PROD_IDLE_GUARD_2026-03-07_1554_757ae4d4c9/raw/00_git_rev_parse_short.txt	LOCAL_ONLY_HISTORICAL	HISTORICAL_PROOFPACK_PATH	NO_BROAD_UNTRACKED_COMMIT_POLICY	historical proof-pack residue intentionally excluded from current isolated commit	KEEP_LOCAL
proof_packs/PROD_IDLE_GUARD_2026-03-07_1554_757ae4d4c9/raw/00_git_status_short.txt	LOCAL_ONLY_HISTORICAL	HISTORICAL_PROOFPACK_PATH	NO_BROAD_UNTRACKED_COMMIT_POLICY	historical proof-pack residue intentionally excluded from current isolated commit	KEEP_LOCAL
proof_packs/PROD_IDLE_GUARD_2026-03-07_1554_757ae4d4c9/ROLLBACK.md	LOCAL_ONLY_HISTORICAL	HISTORICAL_PROOFPACK_PATH	NO_BROAD_UNTRACKED_COMMIT_POLICY	historical proof-pack residue intentionally excluded from current isolated commit	KEEP_LOCAL
proof_packs/PROD_IDLE_GUARD_2026-03-07_1554_757ae4d4c9/VERDICT.md	LOCAL_ONLY_HISTORICAL	HISTORICAL_PROOFPACK_PATH	NO_BROAD_UNTRACKED_COMMIT_POLICY	historical proof-pack residue intentionally excluded from current isolated commit	KEEP_LOCAL
proof_packs/PROD_PASS_CANONIZATION_2026-03-07_1519_757ae4d4c9/00_EXEC_SUMMARY.md	LOCAL_ONLY_HISTORICAL	HISTORICAL_PROOFPACK_PATH	NO_BROAD_UNTRACKED_COMMIT_POLICY	historical proof-pack residue intentionally excluded from current isolated commit	KEEP_LOCAL
proof_packs/PROD_PASS_CANONIZATION_2026-03-07_1519_757ae4d4c9/01_PROD_BASELINE_REFERENCE.md	LOCAL_ONLY_HISTORICAL	HISTORICAL_PROOFPACK_PATH	NO_BROAD_UNTRACKED_COMMIT_POLICY	historical proof-pack residue intentionally excluded from current isolated commit	KEEP_LOCAL
proof_packs/PROD_PASS_CANONIZATION_2026-03-07_1519_757ae4d4c9/02_RELEASE_TRUTH.md	LOCAL_ONLY_HISTORICAL	HISTORICAL_PROOFPACK_PATH	NO_BROAD_UNTRACKED_COMMIT_POLICY	historical proof-pack residue intentionally excluded from current isolated commit	KEEP_LOCAL
proof_packs/PROD_PASS_CANONIZATION_2026-03-07_1519_757ae4d4c9/03_DEPLOYED_ARTIFACTS_REFERENCE.md	LOCAL_ONLY_HISTORICAL	HISTORICAL_PROOFPACK_PATH	NO_BROAD_UNTRACKED_COMMIT_POLICY	historical proof-pack residue intentionally excluded from current isolated commit	KEEP_LOCAL
proof_packs/PROD_PASS_CANONIZATION_2026-03-07_1519_757ae4d4c9/04_POST_DEPLOY_INVARIANTS.md	LOCAL_ONLY_HISTORICAL	HISTORICAL_PROOFPACK_PATH	NO_BROAD_UNTRACKED_COMMIT_POLICY	historical proof-pack residue intentionally excluded from current isolated commit	KEEP_LOCAL
proof_packs/PROD_PASS_CANONIZATION_2026-03-07_1519_757ae4d4c9/05_RELEASE_ROLLBACK_REFERENCE.md	LOCAL_ONLY_HISTORICAL	HISTORICAL_PROOFPACK_PATH	NO_BROAD_UNTRACKED_COMMIT_POLICY	historical proof-pack residue intentionally excluded from current isolated commit	KEEP_LOCAL
proof_packs/PROD_PASS_CANONIZATION_2026-03-07_1519_757ae4d4c9/06_NEXT_RELEASE_ENTRY_RULES.md	LOCAL_ONLY_HISTORICAL	HISTORICAL_PROOFPACK_PATH	NO_BROAD_UNTRACKED_COMMIT_POLICY	historical proof-pack residue intentionally excluded from current isolated commit	KEEP_LOCAL
proof_packs/PROD_PASS_CANONIZATION_2026-03-07_1519_757ae4d4c9/07_PROD_CANON_DECLARATION.md	LOCAL_ONLY_HISTORICAL	HISTORICAL_PROOFPACK_PATH	NO_BROAD_UNTRACKED_COMMIT_POLICY	historical proof-pack residue intentionally excluded from current isolated commit	KEEP_LOCAL
proof_packs/PROD_PASS_CANONIZATION_2026-03-07_1519_757ae4d4c9/08_POST_PROD_HANDOFF.md	LOCAL_ONLY_HISTORICAL	HISTORICAL_PROOFPACK_PATH	NO_BROAD_UNTRACKED_COMMIT_POLICY	historical proof-pack residue intentionally excluded from current isolated commit	KEEP_LOCAL
proof_packs/PROD_PASS_CANONIZATION_2026-03-07_1519_757ae4d4c9/raw/00_git_branch.txt	LOCAL_ONLY_HISTORICAL	HISTORICAL_PROOFPACK_PATH	NO_BROAD_UNTRACKED_COMMIT_POLICY	historical proof-pack residue intentionally excluded from current isolated commit	KEEP_LOCAL
proof_packs/PROD_PASS_CANONIZATION_2026-03-07_1519_757ae4d4c9/raw/00_git_rev_parse_short.txt	LOCAL_ONLY_HISTORICAL	HISTORICAL_PROOFPACK_PATH	NO_BROAD_UNTRACKED_COMMIT_POLICY	historical proof-pack residue intentionally excluded from current isolated commit	KEEP_LOCAL
proof_packs/PROD_PASS_CANONIZATION_2026-03-07_1519_757ae4d4c9/raw/00_git_status_short.txt	LOCAL_ONLY_HISTORICAL	HISTORICAL_PROOFPACK_PATH	NO_BROAD_UNTRACKED_COMMIT_POLICY	historical proof-pack residue intentionally excluded from current isolated commit	KEEP_LOCAL
proof_packs/PROD_PASS_CANONIZATION_2026-03-07_1519_757ae4d4c9/raw/00_master_proof_refs.txt	LOCAL_ONLY_HISTORICAL	HISTORICAL_PROOFPACK_PATH	NO_BROAD_UNTRACKED_COMMIT_POLICY	historical proof-pack residue intentionally excluded from current isolated commit	KEEP_LOCAL
proof_packs/PROD_PASS_CANONIZATION_2026-03-07_1519_757ae4d4c9/ROLLBACK.md	LOCAL_ONLY_HISTORICAL	HISTORICAL_PROOFPACK_PATH	NO_BROAD_UNTRACKED_COMMIT_POLICY	historical proof-pack residue intentionally excluded from current isolated commit	KEEP_LOCAL
proof_packs/PROD_PASS_CANONIZATION_2026-03-07_1519_757ae4d4c9/VERDICT.md	LOCAL_ONLY_HISTORICAL	HISTORICAL_PROOFPACK_PATH	NO_BROAD_UNTRACKED_COMMIT_POLICY	historical proof-pack residue intentionally excluded from current isolated commit	KEEP_LOCAL
proof_packs/SEAL_READINESS_2026-03-07_1309_0af062e88/00_EXEC_SUMMARY.md	LOCAL_ONLY_HISTORICAL	HISTORICAL_PROOFPACK_PATH	NO_BROAD_UNTRACKED_COMMIT_POLICY	historical proof-pack residue intentionally excluded from current isolated commit	KEEP_LOCAL
proof_packs/SEAL_READINESS_2026-03-07_1309_0af062e88/01_BOOTSTRAP.md	LOCAL_ONLY_HISTORICAL	HISTORICAL_PROOFPACK_PATH	NO_BROAD_UNTRACKED_COMMIT_POLICY	historical proof-pack residue intentionally excluded from current isolated commit	KEEP_LOCAL
proof_packs/SEAL_READINESS_2026-03-07_1309_0af062e88/02_SCOPE_FREEZE.md	LOCAL_ONLY_HISTORICAL	HISTORICAL_PROOFPACK_PATH	NO_BROAD_UNTRACKED_COMMIT_POLICY	historical proof-pack residue intentionally excluded from current isolated commit	KEEP_LOCAL
proof_packs/SEAL_READINESS_2026-03-07_1309_0af062e88/03_DIRTY_TREE_REALITY.md	LOCAL_ONLY_HISTORICAL	HISTORICAL_PROOFPACK_PATH	NO_BROAD_UNTRACKED_COMMIT_POLICY	historical proof-pack residue intentionally excluded from current isolated commit	KEEP_LOCAL
proof_packs/SEAL_READINESS_2026-03-07_1309_0af062e88/04_RESIDUAL_SCOPE_CLASSIFICATION.md	LOCAL_ONLY_HISTORICAL	HISTORICAL_PROOFPACK_PATH	NO_BROAD_UNTRACKED_COMMIT_POLICY	historical proof-pack residue intentionally excluded from current isolated commit	KEEP_LOCAL
proof_packs/SEAL_READINESS_2026-03-07_1309_0af062e88/05_ARCHIVAL_NORMALIZATION_INVENTORY.md	LOCAL_ONLY_HISTORICAL	HISTORICAL_PROOFPACK_PATH	NO_BROAD_UNTRACKED_COMMIT_POLICY	historical proof-pack residue intentionally excluded from current isolated commit	KEEP_LOCAL
proof_packs/SEAL_READINESS_2026-03-07_1309_0af062e88/06_MERMAID_STATUS_PROTECTION.md	LOCAL_ONLY_HISTORICAL	HISTORICAL_PROOFPACK_PATH	NO_BROAD_UNTRACKED_COMMIT_POLICY	historical proof-pack residue intentionally excluded from current isolated commit	KEEP_LOCAL
proof_packs/SEAL_READINESS_2026-03-07_1309_0af062e88/07_PATCHSETS_APPLIED.md	LOCAL_ONLY_HISTORICAL	HISTORICAL_PROOFPACK_PATH	NO_BROAD_UNTRACKED_COMMIT_POLICY	historical proof-pack residue intentionally excluded from current isolated commit	KEEP_LOCAL
proof_packs/SEAL_READINESS_2026-03-07_1309_0af062e88/09_SEAL_ELIGIBILITY_RECALC.md	LOCAL_ONLY_HISTORICAL	HISTORICAL_PROOFPACK_PATH	NO_BROAD_UNTRACKED_COMMIT_POLICY	historical proof-pack residue intentionally excluded from current isolated commit	KEEP_LOCAL
proof_packs/SEAL_READINESS_2026-03-07_1309_0af062e88/10_COMMIT_READINESS.md	LOCAL_ONLY_HISTORICAL	HISTORICAL_PROOFPACK_PATH	NO_BROAD_UNTRACKED_COMMIT_POLICY	historical proof-pack residue intentionally excluded from current isolated commit	KEEP_LOCAL
proof_packs/SEAL_READINESS_2026-03-07_1309_0af062e88/11_COUNTER_AUDIT.md	LOCAL_ONLY_HISTORICAL	HISTORICAL_PROOFPACK_PATH	NO_BROAD_UNTRACKED_COMMIT_POLICY	historical proof-pack residue intentionally excluded from current isolated commit	KEEP_LOCAL
proof_packs/SEAL_READINESS_2026-03-07_1309_0af062e88/12_ROLLBACK.md	LOCAL_ONLY_HISTORICAL	HISTORICAL_PROOFPACK_PATH	NO_BROAD_UNTRACKED_COMMIT_POLICY	historical proof-pack residue intentionally excluded from current isolated commit	KEEP_LOCAL
proof_packs/SEAL_READINESS_2026-03-07_1309_0af062e88/13_FINAL_VERDICT.md	LOCAL_ONLY_HISTORICAL	HISTORICAL_PROOFPACK_PATH	NO_BROAD_UNTRACKED_COMMIT_POLICY	historical proof-pack residue intentionally excluded from current isolated commit	KEEP_LOCAL
proof_packs/SEAL_READINESS_2026-03-07_1309_0af062e88/raw/bootstrap_env_clean.txt	LOCAL_ONLY_HISTORICAL	HISTORICAL_PROOFPACK_PATH	NO_BROAD_UNTRACKED_COMMIT_POLICY	historical proof-pack residue intentionally excluded from current isolated commit	KEEP_LOCAL
proof_packs/SEAL_READINESS_2026-03-07_1309_0af062e88/raw/bootstrap_env.txt	LOCAL_ONLY_HISTORICAL	HISTORICAL_PROOFPACK_PATH	NO_BROAD_UNTRACKED_COMMIT_POLICY	historical proof-pack residue intentionally excluded from current isolated commit	KEEP_LOCAL
proof_packs/SEAL_READINESS_2026-03-07_1309_0af062e88/raw/dirty_category_counts.tsv	LOCAL_ONLY_HISTORICAL	HISTORICAL_PROOFPACK_PATH	NO_BROAD_UNTRACKED_COMMIT_POLICY	historical proof-pack residue intentionally excluded from current isolated commit	KEEP_LOCAL
proof_packs/SEAL_READINESS_2026-03-07_1309_0af062e88/raw/dirty_classification.tsv	LOCAL_ONLY_HISTORICAL	HISTORICAL_PROOFPACK_PATH	NO_BROAD_UNTRACKED_COMMIT_POLICY	historical proof-pack residue intentionally excluded from current isolated commit	KEEP_LOCAL
proof_packs/SEAL_READINESS_2026-03-07_1309_0af062e88/raw/dirty_counts.env	LOCAL_ONLY_HISTORICAL	HISTORICAL_PROOFPACK_PATH	NO_BROAD_UNTRACKED_COMMIT_POLICY	historical proof-pack residue intentionally excluded from current isolated commit	KEEP_LOCAL
proof_packs/SEAL_READINESS_2026-03-07_1309_0af062e88/raw/find_core_surfaces.txt	LOCAL_ONLY_HISTORICAL	HISTORICAL_PROOFPACK_PATH	NO_BROAD_UNTRACKED_COMMIT_POLICY	historical proof-pack residue intentionally excluded from current isolated commit	KEEP_LOCAL
proof_packs/SEAL_READINESS_2026-03-07_1309_0af062e88/raw/find_proof_packs_dirs.txt	LOCAL_ONLY_HISTORICAL	HISTORICAL_PROOFPACK_PATH	NO_BROAD_UNTRACKED_COMMIT_POLICY	historical proof-pack residue intentionally excluded from current isolated commit	KEEP_LOCAL
proof_packs/SEAL_READINESS_2026-03-07_1309_0af062e88/raw/gate_exit_codes.tsv	LOCAL_ONLY_HISTORICAL	HISTORICAL_PROOFPACK_PATH	NO_BROAD_UNTRACKED_COMMIT_POLICY	historical proof-pack residue intentionally excluded from current isolated commit	KEEP_LOCAL
proof_packs/SEAL_READINESS_2026-03-07_1309_0af062e88/raw/git_diff_cached_name_only_latest.txt	LOCAL_ONLY_HISTORICAL	HISTORICAL_PROOFPACK_PATH	NO_BROAD_UNTRACKED_COMMIT_POLICY	historical proof-pack residue intentionally excluded from current isolated commit	KEEP_LOCAL
proof_packs/SEAL_READINESS_2026-03-07_1309_0af062e88/raw/git_diff_cached_name_only.txt	LOCAL_ONLY_HISTORICAL	HISTORICAL_PROOFPACK_PATH	NO_BROAD_UNTRACKED_COMMIT_POLICY	historical proof-pack residue intentionally excluded from current isolated commit	KEEP_LOCAL
proof_packs/SEAL_READINESS_2026-03-07_1309_0af062e88/raw/git_diff_name_only_latest.txt	LOCAL_ONLY_HISTORICAL	HISTORICAL_PROOFPACK_PATH	NO_BROAD_UNTRACKED_COMMIT_POLICY	historical proof-pack residue intentionally excluded from current isolated commit	KEEP_LOCAL
proof_packs/SEAL_READINESS_2026-03-07_1309_0af062e88/raw/git_diff_name_only.txt	LOCAL_ONLY_HISTORICAL	HISTORICAL_PROOFPACK_PATH	NO_BROAD_UNTRACKED_COMMIT_POLICY	historical proof-pack residue intentionally excluded from current isolated commit	KEEP_LOCAL
proof_packs/SEAL_READINESS_2026-03-07_1309_0af062e88/raw/git_log_20_oneline.txt	LOCAL_ONLY_HISTORICAL	HISTORICAL_PROOFPACK_PATH	NO_BROAD_UNTRACKED_COMMIT_POLICY	historical proof-pack residue intentionally excluded from current isolated commit	KEEP_LOCAL
proof_packs/SEAL_READINESS_2026-03-07_1309_0af062e88/raw/git_rev_parse_short.txt	LOCAL_ONLY_HISTORICAL	HISTORICAL_PROOFPACK_PATH	NO_BROAD_UNTRACKED_COMMIT_POLICY	historical proof-pack residue intentionally excluded from current isolated commit	KEEP_LOCAL
proof_packs/SEAL_READINESS_2026-03-07_1309_0af062e88/raw/git_status_porcelain_latest.txt	LOCAL_ONLY_HISTORICAL	HISTORICAL_PROOFPACK_PATH	NO_BROAD_UNTRACKED_COMMIT_POLICY	historical proof-pack residue intentionally excluded from current isolated commit	KEEP_LOCAL
proof_packs/SEAL_READINESS_2026-03-07_1309_0af062e88/raw/git_status_porcelain.txt	LOCAL_ONLY_HISTORICAL	HISTORICAL_PROOFPACK_PATH	NO_BROAD_UNTRACKED_COMMIT_POLICY	historical proof-pack residue intentionally excluded from current isolated commit	KEEP_LOCAL
proof_packs/SEAL_READINESS_2026-03-07_1309_0af062e88/raw/git_status_sb.txt	LOCAL_ONLY_HISTORICAL	HISTORICAL_PROOFPACK_PATH	NO_BROAD_UNTRACKED_COMMIT_POLICY	historical proof-pack residue intentionally excluded from current isolated commit	KEEP_LOCAL
proof_packs/SEAL_READINESS_2026-03-07_1309_0af062e88/raw/git_status_short_latest.txt	LOCAL_ONLY_HISTORICAL	HISTORICAL_PROOFPACK_PATH	NO_BROAD_UNTRACKED_COMMIT_POLICY	historical proof-pack residue intentionally excluded from current isolated commit	KEEP_LOCAL
proof_packs/SEAL_READINESS_2026-03-07_1309_0af062e88/raw/git_status_short.txt	LOCAL_ONLY_HISTORICAL	HISTORICAL_PROOFPACK_PATH	NO_BROAD_UNTRACKED_COMMIT_POLICY	historical proof-pack residue intentionally excluded from current isolated commit	KEEP_LOCAL
proof_packs/SEAL_READINESS_2026-03-07_1309_0af062e88/raw/git_status.txt	LOCAL_ONLY_HISTORICAL	HISTORICAL_PROOFPACK_PATH	NO_BROAD_UNTRACKED_COMMIT_POLICY	historical proof-pack residue intentionally excluded from current isolated commit	KEEP_LOCAL
proof_packs/SEAL_READINESS_2026-03-07_1309_0af062e88/raw/untracked_proof_packs_inventory.tsv	LOCAL_ONLY_HISTORICAL	HISTORICAL_PROOFPACK_PATH	NO_BROAD_UNTRACKED_COMMIT_POLICY	historical proof-pack residue intentionally excluded from current isolated commit	KEEP_LOCAL
proof_packs/SEAL_READINESS_2026-03-07_1309_0af062e88/raw/untracked_proof_packs_top10.tsv	LOCAL_ONLY_HISTORICAL	HISTORICAL_PROOFPACK_PATH	NO_BROAD_UNTRACKED_COMMIT_POLICY	historical proof-pack residue intentionally excluded from current isolated commit	KEEP_LOCAL
proof_packs/SEAL_READINESS_2026-03-07_1309_0af062e88/ROLLBACK.md	LOCAL_ONLY_HISTORICAL	HISTORICAL_PROOFPACK_PATH	NO_BROAD_UNTRACKED_COMMIT_POLICY	historical proof-pack residue intentionally excluded from current isolated commit	KEEP_LOCAL
proof_packs/SEAL_READINESS_2026-03-07_1309_0af062e88/VERDICT.md	LOCAL_ONLY_HISTORICAL	HISTORICAL_PROOFPACK_PATH	NO_BROAD_UNTRACKED_COMMIT_POLICY	historical proof-pack residue intentionally excluded from current isolated commit	KEEP_LOCAL
proof_packs/SENTINEL_STANDBY_MODE_2026-03-07_1305_757ae4d4c/00_EXEC_SUMMARY.md	LOCAL_ONLY_HISTORICAL	HISTORICAL_PROOFPACK_PATH	NO_BROAD_UNTRACKED_COMMIT_POLICY	historical proof-pack residue intentionally excluded from current isolated commit	KEEP_LOCAL
proof_packs/SENTINEL_STANDBY_MODE_2026-03-07_1305_757ae4d4c/01_BOOTSTRAP.md	LOCAL_ONLY_HISTORICAL	HISTORICAL_PROOFPACK_PATH	NO_BROAD_UNTRACKED_COMMIT_POLICY	historical proof-pack residue intentionally excluded from current isolated commit	KEEP_LOCAL
proof_packs/SENTINEL_STANDBY_MODE_2026-03-07_1305_757ae4d4c/02_BASELINE_STANDBY_REFERENCE.md	LOCAL_ONLY_HISTORICAL	HISTORICAL_PROOFPACK_PATH	NO_BROAD_UNTRACKED_COMMIT_POLICY	historical proof-pack residue intentionally excluded from current isolated commit	KEEP_LOCAL
proof_packs/SENTINEL_STANDBY_MODE_2026-03-07_1305_757ae4d4c/03_SENTINEL_TRIGGERS.md	LOCAL_ONLY_HISTORICAL	HISTORICAL_PROOFPACK_PATH	NO_BROAD_UNTRACKED_COMMIT_POLICY	historical proof-pack residue intentionally excluded from current isolated commit	KEEP_LOCAL
proof_packs/SENTINEL_STANDBY_MODE_2026-03-07_1305_757ae4d4c/04_LIGHT_SNAPSHOT.md	LOCAL_ONLY_HISTORICAL	HISTORICAL_PROOFPACK_PATH	NO_BROAD_UNTRACKED_COMMIT_POLICY	historical proof-pack residue intentionally excluded from current isolated commit	KEEP_LOCAL
proof_packs/SENTINEL_STANDBY_MODE_2026-03-07_1305_757ae4d4c/05_WAKE_CONDITIONS.md	LOCAL_ONLY_HISTORICAL	HISTORICAL_PROOFPACK_PATH	NO_BROAD_UNTRACKED_COMMIT_POLICY	historical proof-pack residue intentionally excluded from current isolated commit	KEEP_LOCAL
proof_packs/SENTINEL_STANDBY_MODE_2026-03-07_1305_757ae4d4c/06_STANDBY_DECISION.md	LOCAL_ONLY_HISTORICAL	HISTORICAL_PROOFPACK_PATH	NO_BROAD_UNTRACKED_COMMIT_POLICY	historical proof-pack residue intentionally excluded from current isolated commit	KEEP_LOCAL
proof_packs/SENTINEL_STANDBY_MODE_2026-03-07_1305_757ae4d4c/raw/baseline_reference.txt	LOCAL_ONLY_HISTORICAL	HISTORICAL_PROOFPACK_PATH	NO_BROAD_UNTRACKED_COMMIT_POLICY	historical proof-pack residue intentionally excluded from current isolated commit	KEEP_LOCAL
proof_packs/SENTINEL_STANDBY_MODE_2026-03-07_1305_757ae4d4c/raw/ci_latest_metrics.txt	LOCAL_ONLY_HISTORICAL	HISTORICAL_PROOFPACK_PATH	NO_BROAD_UNTRACKED_COMMIT_POLICY	historical proof-pack residue intentionally excluded from current isolated commit	KEEP_LOCAL
proof_packs/SENTINEL_STANDBY_MODE_2026-03-07_1305_757ae4d4c/raw/ci_latest_runs.json	LOCAL_ONLY_HISTORICAL	HISTORICAL_PROOFPACK_PATH	NO_BROAD_UNTRACKED_COMMIT_POLICY	historical proof-pack residue intentionally excluded from current isolated commit	KEEP_LOCAL
proof_packs/SENTINEL_STANDBY_MODE_2026-03-07_1305_757ae4d4c/raw/drift_check_metrics.txt	LOCAL_ONLY_HISTORICAL	HISTORICAL_PROOFPACK_PATH	NO_BROAD_UNTRACKED_COMMIT_POLICY	historical proof-pack residue intentionally excluded from current isolated commit	KEEP_LOCAL
proof_packs/SENTINEL_STANDBY_MODE_2026-03-07_1305_757ae4d4c/raw/entry_signal_current.txt	LOCAL_ONLY_HISTORICAL	HISTORICAL_PROOFPACK_PATH	NO_BROAD_UNTRACKED_COMMIT_POLICY	historical proof-pack residue intentionally excluded from current isolated commit	KEEP_LOCAL
proof_packs/SENTINEL_STANDBY_MODE_2026-03-07_1305_757ae4d4c/raw/git_branch_show_current.txt	LOCAL_ONLY_HISTORICAL	HISTORICAL_PROOFPACK_PATH	NO_BROAD_UNTRACKED_COMMIT_POLICY	historical proof-pack residue intentionally excluded from current isolated commit	KEEP_LOCAL
proof_packs/SENTINEL_STANDBY_MODE_2026-03-07_1305_757ae4d4c/raw/git_log_10_oneline.txt	LOCAL_ONLY_HISTORICAL	HISTORICAL_PROOFPACK_PATH	NO_BROAD_UNTRACKED_COMMIT_POLICY	historical proof-pack residue intentionally excluded from current isolated commit	KEEP_LOCAL
proof_packs/SENTINEL_STANDBY_MODE_2026-03-07_1305_757ae4d4c/raw/git_rev_parse_short.txt	LOCAL_ONLY_HISTORICAL	HISTORICAL_PROOFPACK_PATH	NO_BROAD_UNTRACKED_COMMIT_POLICY	historical proof-pack residue intentionally excluded from current isolated commit	KEEP_LOCAL
proof_packs/SENTINEL_STANDBY_MODE_2026-03-07_1305_757ae4d4c/raw/git_status_short.txt	LOCAL_ONLY_HISTORICAL	HISTORICAL_PROOFPACK_PATH	NO_BROAD_UNTRACKED_COMMIT_POLICY	historical proof-pack residue intentionally excluded from current isolated commit	KEEP_LOCAL
proof_packs/SENTINEL_STANDBY_MODE_2026-03-07_1305_757ae4d4c/raw/monitor_pack_exists.txt	LOCAL_ONLY_HISTORICAL	HISTORICAL_PROOFPACK_PATH	NO_BROAD_UNTRACKED_COMMIT_POLICY	historical proof-pack residue intentionally excluded from current isolated commit	KEEP_LOCAL
proof_packs/SENTINEL_STANDBY_MODE_2026-03-07_1305_757ae4d4c/raw/monitor_VERDICT.md	LOCAL_ONLY_HISTORICAL	HISTORICAL_PROOFPACK_PATH	NO_BROAD_UNTRACKED_COMMIT_POLICY	historical proof-pack residue intentionally excluded from current isolated commit	KEEP_LOCAL
proof_packs/SENTINEL_STANDBY_MODE_2026-03-07_1305_757ae4d4c/raw/standby_decision_eval.txt	LOCAL_ONLY_HISTORICAL	HISTORICAL_PROOFPACK_PATH	NO_BROAD_UNTRACKED_COMMIT_POLICY	historical proof-pack residue intentionally excluded from current isolated commit	KEEP_LOCAL
proof_packs/SENTINEL_STANDBY_MODE_2026-03-07_1305_757ae4d4c/raw/workspace_snapshot_metrics.txt	LOCAL_ONLY_HISTORICAL	HISTORICAL_PROOFPACK_PATH	NO_BROAD_UNTRACKED_COMMIT_POLICY	historical proof-pack residue intentionally excluded from current isolated commit	KEEP_LOCAL
proof_packs/SENTINEL_STANDBY_MODE_2026-03-07_1305_757ae4d4c/ROLLBACK.md	LOCAL_ONLY_HISTORICAL	HISTORICAL_PROOFPACK_PATH	NO_BROAD_UNTRACKED_COMMIT_POLICY	historical proof-pack residue intentionally excluded from current isolated commit	KEEP_LOCAL
proof_packs/SENTINEL_STANDBY_MODE_2026-03-07_1305_757ae4d4c/VERDICT.md	LOCAL_ONLY_HISTORICAL	HISTORICAL_PROOFPACK_PATH	NO_BROAD_UNTRACKED_COMMIT_POLICY	historical proof-pack residue intentionally excluded from current isolated commit	KEEP_LOCAL
proof_packs/TERMINAL_IDLE_ARCHIVE_2026-03-07_0855_757ae4d4c/00_EXEC_SUMMARY.md	LOCAL_ONLY_HISTORICAL	HISTORICAL_PROOFPACK_PATH	NO_BROAD_UNTRACKED_COMMIT_POLICY	historical proof-pack residue intentionally excluded from current isolated commit	KEEP_LOCAL
proof_packs/TERMINAL_IDLE_ARCHIVE_2026-03-07_0855_757ae4d4c/01_TERMINAL_STATE_REFERENCE.md	LOCAL_ONLY_HISTORICAL	HISTORICAL_PROOFPACK_PATH	NO_BROAD_UNTRACKED_COMMIT_POLICY	historical proof-pack residue intentionally excluded from current isolated commit	KEEP_LOCAL
proof_packs/TERMINAL_IDLE_ARCHIVE_2026-03-07_0855_757ae4d4c/02_CHAIN_COMPLETENESS.md	LOCAL_ONLY_HISTORICAL	HISTORICAL_PROOFPACK_PATH	NO_BROAD_UNTRACKED_COMMIT_POLICY	historical proof-pack residue intentionally excluded from current isolated commit	KEEP_LOCAL
proof_packs/TERMINAL_IDLE_ARCHIVE_2026-03-07_0855_757ae4d4c/03_NO_FURTHER_AUTORUN_RULE.md	LOCAL_ONLY_HISTORICAL	HISTORICAL_PROOFPACK_PATH	NO_BROAD_UNTRACKED_COMMIT_POLICY	historical proof-pack residue intentionally excluded from current isolated commit	KEEP_LOCAL
proof_packs/TERMINAL_IDLE_ARCHIVE_2026-03-07_0855_757ae4d4c/04_DORMANT_TEMPLATE_REFERENCE.md	LOCAL_ONLY_HISTORICAL	HISTORICAL_PROOFPACK_PATH	NO_BROAD_UNTRACKED_COMMIT_POLICY	historical proof-pack residue intentionally excluded from current isolated commit	KEEP_LOCAL
proof_packs/TERMINAL_IDLE_ARCHIVE_2026-03-07_0855_757ae4d4c/05_FINAL_ARCHIVE_INDEX.md	LOCAL_ONLY_HISTORICAL	HISTORICAL_PROOFPACK_PATH	NO_BROAD_UNTRACKED_COMMIT_POLICY	historical proof-pack residue intentionally excluded from current isolated commit	KEEP_LOCAL
proof_packs/TERMINAL_IDLE_ARCHIVE_2026-03-07_0855_757ae4d4c/06_TERMINAL_HANDOFF.md	LOCAL_ONLY_HISTORICAL	HISTORICAL_PROOFPACK_PATH	NO_BROAD_UNTRACKED_COMMIT_POLICY	historical proof-pack residue intentionally excluded from current isolated commit	KEEP_LOCAL
proof_packs/TERMINAL_IDLE_ARCHIVE_2026-03-07_0855_757ae4d4c/raw/bootstrap_summary.txt	LOCAL_ONLY_HISTORICAL	HISTORICAL_PROOFPACK_PATH	NO_BROAD_UNTRACKED_COMMIT_POLICY	historical proof-pack residue intentionally excluded from current isolated commit	KEEP_LOCAL
proof_packs/TERMINAL_IDLE_ARCHIVE_2026-03-07_0855_757ae4d4c/raw/check_baseline_from_idle.txt	LOCAL_ONLY_HISTORICAL	HISTORICAL_PROOFPACK_PATH	NO_BROAD_UNTRACKED_COMMIT_POLICY	historical proof-pack residue intentionally excluded from current isolated commit	KEEP_LOCAL
proof_packs/TERMINAL_IDLE_ARCHIVE_2026-03-07_0855_757ae4d4c/raw/check_baseline_from_omega.txt	LOCAL_ONLY_HISTORICAL	HISTORICAL_PROOFPACK_PATH	NO_BROAD_UNTRACKED_COMMIT_POLICY	historical proof-pack residue intentionally excluded from current isolated commit	KEEP_LOCAL
proof_packs/TERMINAL_IDLE_ARCHIVE_2026-03-07_0855_757ae4d4c/raw/check_baseline_from_reentry.txt	LOCAL_ONLY_HISTORICAL	HISTORICAL_PROOFPACK_PATH	NO_BROAD_UNTRACKED_COMMIT_POLICY	historical proof-pack residue intentionally excluded from current isolated commit	KEEP_LOCAL
proof_packs/TERMINAL_IDLE_ARCHIVE_2026-03-07_0855_757ae4d4c/raw/check_baseline_from_wake.txt	LOCAL_ONLY_HISTORICAL	HISTORICAL_PROOFPACK_PATH	NO_BROAD_UNTRACKED_COMMIT_POLICY	historical proof-pack residue intentionally excluded from current isolated commit	KEEP_LOCAL
proof_packs/TERMINAL_IDLE_ARCHIVE_2026-03-07_0855_757ae4d4c/raw/check_state_governed_idle_confirmed.txt	LOCAL_ONLY_HISTORICAL	HISTORICAL_PROOFPACK_PATH	NO_BROAD_UNTRACKED_COMMIT_POLICY	historical proof-pack residue intentionally excluded from current isolated commit	KEEP_LOCAL
proof_packs/TERMINAL_IDLE_ARCHIVE_2026-03-07_0855_757ae4d4c/raw/check_state_omega_dormant_registered.txt	LOCAL_ONLY_HISTORICAL	HISTORICAL_PROOFPACK_PATH	NO_BROAD_UNTRACKED_COMMIT_POLICY	historical proof-pack residue intentionally excluded from current isolated commit	KEEP_LOCAL
proof_packs/TERMINAL_IDLE_ARCHIVE_2026-03-07_0855_757ae4d4c/raw/check_state_return_to_idle_confirmed.txt	LOCAL_ONLY_HISTORICAL	HISTORICAL_PROOFPACK_PATH	NO_BROAD_UNTRACKED_COMMIT_POLICY	historical proof-pack residue intentionally excluded from current isolated commit	KEEP_LOCAL
proof_packs/TERMINAL_IDLE_ARCHIVE_2026-03-07_0855_757ae4d4c/raw/check_state_wake_protocol_ready.txt	LOCAL_ONLY_HISTORICAL	HISTORICAL_PROOFPACK_PATH	NO_BROAD_UNTRACKED_COMMIT_POLICY	historical proof-pack residue intentionally excluded from current isolated commit	KEEP_LOCAL
proof_packs/TERMINAL_IDLE_ARCHIVE_2026-03-07_0855_757ae4d4c/raw/git_branch_show_current.txt	LOCAL_ONLY_HISTORICAL	HISTORICAL_PROOFPACK_PATH	NO_BROAD_UNTRACKED_COMMIT_POLICY	historical proof-pack residue intentionally excluded from current isolated commit	KEEP_LOCAL
proof_packs/TERMINAL_IDLE_ARCHIVE_2026-03-07_0855_757ae4d4c/raw/git_rev_parse_short.txt	LOCAL_ONLY_HISTORICAL	HISTORICAL_PROOFPACK_PATH	NO_BROAD_UNTRACKED_COMMIT_POLICY	historical proof-pack residue intentionally excluded from current isolated commit	KEEP_LOCAL
proof_packs/TERMINAL_IDLE_ARCHIVE_2026-03-07_0855_757ae4d4c/raw/git_status_short.txt	LOCAL_ONLY_HISTORICAL	HISTORICAL_PROOFPACK_PATH	NO_BROAD_UNTRACKED_COMMIT_POLICY	historical proof-pack residue intentionally excluded from current isolated commit	KEEP_LOCAL
proof_packs/TERMINAL_IDLE_ARCHIVE_2026-03-07_0855_757ae4d4c/raw/reference_idle_pack.txt	LOCAL_ONLY_HISTORICAL	HISTORICAL_PROOFPACK_PATH	NO_BROAD_UNTRACKED_COMMIT_POLICY	historical proof-pack residue intentionally excluded from current isolated commit	KEEP_LOCAL
proof_packs/TERMINAL_IDLE_ARCHIVE_2026-03-07_0855_757ae4d4c/raw/reference_idle_verdict.md	LOCAL_ONLY_HISTORICAL	HISTORICAL_PROOFPACK_PATH	NO_BROAD_UNTRACKED_COMMIT_POLICY	historical proof-pack residue intentionally excluded from current isolated commit	KEEP_LOCAL
proof_packs/TERMINAL_IDLE_ARCHIVE_2026-03-07_0855_757ae4d4c/raw/reference_omega_pack.txt	LOCAL_ONLY_HISTORICAL	HISTORICAL_PROOFPACK_PATH	NO_BROAD_UNTRACKED_COMMIT_POLICY	historical proof-pack residue intentionally excluded from current isolated commit	KEEP_LOCAL
proof_packs/TERMINAL_IDLE_ARCHIVE_2026-03-07_0855_757ae4d4c/raw/reference_omega_verdict.md	LOCAL_ONLY_HISTORICAL	HISTORICAL_PROOFPACK_PATH	NO_BROAD_UNTRACKED_COMMIT_POLICY	historical proof-pack residue intentionally excluded from current isolated commit	KEEP_LOCAL
proof_packs/TERMINAL_IDLE_ARCHIVE_2026-03-07_0855_757ae4d4c/raw/reference_reentry_pack.txt	LOCAL_ONLY_HISTORICAL	HISTORICAL_PROOFPACK_PATH	NO_BROAD_UNTRACKED_COMMIT_POLICY	historical proof-pack residue intentionally excluded from current isolated commit	KEEP_LOCAL
proof_packs/TERMINAL_IDLE_ARCHIVE_2026-03-07_0855_757ae4d4c/raw/reference_reentry_verdict.md	LOCAL_ONLY_HISTORICAL	HISTORICAL_PROOFPACK_PATH	NO_BROAD_UNTRACKED_COMMIT_POLICY	historical proof-pack residue intentionally excluded from current isolated commit	KEEP_LOCAL
proof_packs/TERMINAL_IDLE_ARCHIVE_2026-03-07_0855_757ae4d4c/raw/reference_wake_pack.txt	LOCAL_ONLY_HISTORICAL	HISTORICAL_PROOFPACK_PATH	NO_BROAD_UNTRACKED_COMMIT_POLICY	historical proof-pack residue intentionally excluded from current isolated commit	KEEP_LOCAL
proof_packs/TERMINAL_IDLE_ARCHIVE_2026-03-07_0855_757ae4d4c/raw/reference_wake_verdict.md	LOCAL_ONLY_HISTORICAL	HISTORICAL_PROOFPACK_PATH	NO_BROAD_UNTRACKED_COMMIT_POLICY	historical proof-pack residue intentionally excluded from current isolated commit	KEEP_LOCAL
proof_packs/TERMINAL_IDLE_ARCHIVE_2026-03-07_0855_757ae4d4c/ROLLBACK.md	LOCAL_ONLY_HISTORICAL	HISTORICAL_PROOFPACK_PATH	NO_BROAD_UNTRACKED_COMMIT_POLICY	historical proof-pack residue intentionally excluded from current isolated commit	KEEP_LOCAL
proof_packs/TERMINAL_IDLE_ARCHIVE_2026-03-07_0855_757ae4d4c/VERDICT.md	LOCAL_ONLY_HISTORICAL	HISTORICAL_PROOFPACK_PATH	NO_BROAD_UNTRACKED_COMMIT_POLICY	historical proof-pack residue intentionally excluded from current isolated commit	KEEP_LOCAL
proof_packs/TRUTH_HEAL_MAPS_2026-03-07_1249_0af062e88/00_EXEC_SUMMARY.md	LOCAL_ONLY_HISTORICAL	HISTORICAL_PROOFPACK_PATH	NO_BROAD_UNTRACKED_COMMIT_POLICY	historical proof-pack residue intentionally excluded from current isolated commit	KEEP_LOCAL
proof_packs/TRUTH_HEAL_MAPS_2026-03-07_1249_0af062e88/01_BOOTSTRAP.md	LOCAL_ONLY_HISTORICAL	HISTORICAL_PROOFPACK_PATH	NO_BROAD_UNTRACKED_COMMIT_POLICY	historical proof-pack residue intentionally excluded from current isolated commit	KEEP_LOCAL
proof_packs/TRUTH_HEAL_MAPS_2026-03-07_1249_0af062e88/02_SCOPE_FREEZE.md	LOCAL_ONLY_HISTORICAL	HISTORICAL_PROOFPACK_PATH	NO_BROAD_UNTRACKED_COMMIT_POLICY	historical proof-pack residue intentionally excluded from current isolated commit	KEEP_LOCAL
proof_packs/TRUTH_HEAL_MAPS_2026-03-07_1249_0af062e88/03_INVENTORY.md	LOCAL_ONLY_HISTORICAL	HISTORICAL_PROOFPACK_PATH	NO_BROAD_UNTRACKED_COMMIT_POLICY	historical proof-pack residue intentionally excluded from current isolated commit	KEEP_LOCAL
proof_packs/TRUTH_HEAL_MAPS_2026-03-07_1249_0af062e88/04_CANONICAL_SOURCES.md	LOCAL_ONLY_HISTORICAL	HISTORICAL_PROOFPACK_PATH	NO_BROAD_UNTRACKED_COMMIT_POLICY	historical proof-pack residue intentionally excluded from current isolated commit	KEEP_LOCAL
proof_packs/TRUTH_HEAL_MAPS_2026-03-07_1249_0af062e88/05_TRUTH_MODEL.md	LOCAL_ONLY_HISTORICAL	HISTORICAL_PROOFPACK_PATH	NO_BROAD_UNTRACKED_COMMIT_POLICY	historical proof-pack residue intentionally excluded from current isolated commit	KEEP_LOCAL
proof_packs/TRUTH_HEAL_MAPS_2026-03-07_1249_0af062e88/06_CONTRADICTION_MATRIX.md	LOCAL_ONLY_HISTORICAL	HISTORICAL_PROOFPACK_PATH	NO_BROAD_UNTRACKED_COMMIT_POLICY	historical proof-pack residue intentionally excluded from current isolated commit	KEEP_LOCAL
proof_packs/TRUTH_HEAL_MAPS_2026-03-07_1249_0af062e88/07_FIX_HEAL_ELIGIBILITY.md	LOCAL_ONLY_HISTORICAL	HISTORICAL_PROOFPACK_PATH	NO_BROAD_UNTRACKED_COMMIT_POLICY	historical proof-pack residue intentionally excluded from current isolated commit	KEEP_LOCAL
proof_packs/TRUTH_HEAL_MAPS_2026-03-07_1249_0af062e88/08_PATCHSETS_APPLIED.md	LOCAL_ONLY_HISTORICAL	HISTORICAL_PROOFPACK_PATH	NO_BROAD_UNTRACKED_COMMIT_POLICY	historical proof-pack residue intentionally excluded from current isolated commit	KEEP_LOCAL
proof_packs/TRUTH_HEAL_MAPS_2026-03-07_1249_0af062e88/09_AUTOHEAL_UPDATES.md	LOCAL_ONLY_HISTORICAL	HISTORICAL_PROOFPACK_PATH	NO_BROAD_UNTRACKED_COMMIT_POLICY	historical proof-pack residue intentionally excluded from current isolated commit	KEEP_LOCAL
proof_packs/TRUTH_HEAL_MAPS_2026-03-07_1249_0af062e88/10_MERMAID_DECISIONS.md	LOCAL_ONLY_HISTORICAL	HISTORICAL_PROOFPACK_PATH	NO_BROAD_UNTRACKED_COMMIT_POLICY	historical proof-pack residue intentionally excluded from current isolated commit	KEEP_LOCAL
proof_packs/TRUTH_HEAL_MAPS_2026-03-07_1249_0af062e88/11_MAPPING_REGEN.md	LOCAL_ONLY_HISTORICAL	HISTORICAL_PROOFPACK_PATH	NO_BROAD_UNTRACKED_COMMIT_POLICY	historical proof-pack residue intentionally excluded from current isolated commit	KEEP_LOCAL
proof_packs/TRUTH_HEAL_MAPS_2026-03-07_1249_0af062e88/12_REGISTRY_REGEN.md	LOCAL_ONLY_HISTORICAL	HISTORICAL_PROOFPACK_PATH	NO_BROAD_UNTRACKED_COMMIT_POLICY	historical proof-pack residue intentionally excluded from current isolated commit	KEEP_LOCAL
proof_packs/TRUTH_HEAL_MAPS_2026-03-07_1249_0af062e88/14_COUNTER_AUDIT.md	LOCAL_ONLY_HISTORICAL	HISTORICAL_PROOFPACK_PATH	NO_BROAD_UNTRACKED_COMMIT_POLICY	historical proof-pack residue intentionally excluded from current isolated commit	KEEP_LOCAL
proof_packs/TRUTH_HEAL_MAPS_2026-03-07_1249_0af062e88/15_ROLLBACK.md	LOCAL_ONLY_HISTORICAL	HISTORICAL_PROOFPACK_PATH	NO_BROAD_UNTRACKED_COMMIT_POLICY	historical proof-pack residue intentionally excluded from current isolated commit	KEEP_LOCAL
proof_packs/TRUTH_HEAL_MAPS_2026-03-07_1249_0af062e88/16_FINAL_VERDICT.md	LOCAL_ONLY_HISTORICAL	HISTORICAL_PROOFPACK_PATH	NO_BROAD_UNTRACKED_COMMIT_POLICY	historical proof-pack residue intentionally excluded from current isolated commit	KEEP_LOCAL
proof_packs/TRUTH_HEAL_MAPS_2026-03-07_1249_0af062e88/raw/bootstrap_env_clean.txt	LOCAL_ONLY_HISTORICAL	HISTORICAL_PROOFPACK_PATH	NO_BROAD_UNTRACKED_COMMIT_POLICY	historical proof-pack residue intentionally excluded from current isolated commit	KEEP_LOCAL
proof_packs/TRUTH_HEAL_MAPS_2026-03-07_1249_0af062e88/raw/bootstrap_env.txt	LOCAL_ONLY_HISTORICAL	HISTORICAL_PROOFPACK_PATH	NO_BROAD_UNTRACKED_COMMIT_POLICY	historical proof-pack residue intentionally excluded from current isolated commit	KEEP_LOCAL
proof_packs/TRUTH_HEAL_MAPS_2026-03-07_1249_0af062e88/raw/canon_agents_list.txt	LOCAL_ONLY_HISTORICAL	HISTORICAL_PROOFPACK_PATH	NO_BROAD_UNTRACKED_COMMIT_POLICY	historical proof-pack residue intentionally excluded from current isolated commit	KEEP_LOCAL
proof_packs/TRUTH_HEAL_MAPS_2026-03-07_1249_0af062e88/raw/canon_autoheal_list.txt	LOCAL_ONLY_HISTORICAL	HISTORICAL_PROOFPACK_PATH	NO_BROAD_UNTRACKED_COMMIT_POLICY	historical proof-pack residue intentionally excluded from current isolated commit	KEEP_LOCAL
proof_packs/TRUTH_HEAL_MAPS_2026-03-07_1249_0af062e88/raw/canon_counts_clean.env	LOCAL_ONLY_HISTORICAL	HISTORICAL_PROOFPACK_PATH	NO_BROAD_UNTRACKED_COMMIT_POLICY	historical proof-pack residue intentionally excluded from current isolated commit	KEEP_LOCAL
proof_packs/TRUTH_HEAL_MAPS_2026-03-07_1249_0af062e88/raw/canon_counts.env	LOCAL_ONLY_HISTORICAL	HISTORICAL_PROOFPACK_PATH	NO_BROAD_UNTRACKED_COMMIT_POLICY	historical proof-pack residue intentionally excluded from current isolated commit	KEEP_LOCAL
proof_packs/TRUTH_HEAL_MAPS_2026-03-07_1249_0af062e88/raw/canon_docs_map_mermaid_refs.txt	LOCAL_ONLY_HISTORICAL	HISTORICAL_PROOFPACK_PATH	NO_BROAD_UNTRACKED_COMMIT_POLICY	historical proof-pack residue intentionally excluded from current isolated commit	KEEP_LOCAL
proof_packs/TRUTH_HEAL_MAPS_2026-03-07_1249_0af062e88/raw/canon_instructions_list.txt	LOCAL_ONLY_HISTORICAL	HISTORICAL_PROOFPACK_PATH	NO_BROAD_UNTRACKED_COMMIT_POLICY	historical proof-pack residue intentionally excluded from current isolated commit	KEEP_LOCAL
proof_packs/TRUTH_HEAL_MAPS_2026-03-07_1249_0af062e88/raw/canon_mermaid_source_list.txt	LOCAL_ONLY_HISTORICAL	HISTORICAL_PROOFPACK_PATH	NO_BROAD_UNTRACKED_COMMIT_POLICY	historical proof-pack residue intentionally excluded from current isolated commit	KEEP_LOCAL
proof_packs/TRUTH_HEAL_MAPS_2026-03-07_1249_0af062e88/raw/canon_registry_list.txt	LOCAL_ONLY_HISTORICAL	HISTORICAL_PROOFPACK_PATH	NO_BROAD_UNTRACKED_COMMIT_POLICY	historical proof-pack residue intentionally excluded from current isolated commit	KEEP_LOCAL
proof_packs/TRUTH_HEAL_MAPS_2026-03-07_1249_0af062e88/raw/canon_validator_list.txt	LOCAL_ONLY_HISTORICAL	HISTORICAL_PROOFPACK_PATH	NO_BROAD_UNTRACKED_COMMIT_POLICY	historical proof-pack residue intentionally excluded from current isolated commit	KEEP_LOCAL
proof_packs/TRUTH_HEAL_MAPS_2026-03-07_1249_0af062e88/raw/find_governance_like_files.txt	LOCAL_ONLY_HISTORICAL	HISTORICAL_PROOFPACK_PATH	NO_BROAD_UNTRACKED_COMMIT_POLICY	historical proof-pack residue intentionally excluded from current isolated commit	KEEP_LOCAL
proof_packs/TRUTH_HEAL_MAPS_2026-03-07_1249_0af062e88/raw/find_maxdepth3_dirs.txt	LOCAL_ONLY_HISTORICAL	HISTORICAL_PROOFPACK_PATH	NO_BROAD_UNTRACKED_COMMIT_POLICY	historical proof-pack residue intentionally excluded from current isolated commit	KEEP_LOCAL
proof_packs/TRUTH_HEAL_MAPS_2026-03-07_1249_0af062e88/raw/git_log_20_oneline.txt	LOCAL_ONLY_HISTORICAL	HISTORICAL_PROOFPACK_PATH	NO_BROAD_UNTRACKED_COMMIT_POLICY	historical proof-pack residue intentionally excluded from current isolated commit	KEEP_LOCAL
proof_packs/TRUTH_HEAL_MAPS_2026-03-07_1249_0af062e88/raw/git_rev_parse_short.txt	LOCAL_ONLY_HISTORICAL	HISTORICAL_PROOFPACK_PATH	NO_BROAD_UNTRACKED_COMMIT_POLICY	historical proof-pack residue intentionally excluded from current isolated commit	KEEP_LOCAL
proof_packs/TRUTH_HEAL_MAPS_2026-03-07_1249_0af062e88/raw/git_status_sb.txt	LOCAL_ONLY_HISTORICAL	HISTORICAL_PROOFPACK_PATH	NO_BROAD_UNTRACKED_COMMIT_POLICY	historical proof-pack residue intentionally excluded from current isolated commit	KEEP_LOCAL
proof_packs/TRUTH_HEAL_MAPS_2026-03-07_1249_0af062e88/raw/git_status.txt	LOCAL_ONLY_HISTORICAL	HISTORICAL_PROOFPACK_PATH	NO_BROAD_UNTRACKED_COMMIT_POLICY	historical proof-pack residue intentionally excluded from current isolated commit	KEEP_LOCAL
proof_packs/TRUTH_HEAL_MAPS_2026-03-07_1249_0af062e88/raw/scan_governance_file_tree.txt	LOCAL_ONLY_HISTORICAL	HISTORICAL_PROOFPACK_PATH	NO_BROAD_UNTRACKED_COMMIT_POLICY	historical proof-pack residue intentionally excluded from current isolated commit	KEEP_LOCAL
proof_packs/TRUTH_HEAL_MAPS_2026-03-07_1249_0af062e88/raw/scan_governance_keywords_sample.txt	LOCAL_ONLY_HISTORICAL	HISTORICAL_PROOFPACK_PATH	NO_BROAD_UNTRACKED_COMMIT_POLICY	historical proof-pack residue intentionally excluded from current isolated commit	KEEP_LOCAL
proof_packs/TRUTH_HEAL_MAPS_2026-03-07_1249_0af062e88/raw/scan_mermaid_keywords.txt	LOCAL_ONLY_HISTORICAL	HISTORICAL_PROOFPACK_PATH	NO_BROAD_UNTRACKED_COMMIT_POLICY	historical proof-pack residue intentionally excluded from current isolated commit	KEEP_LOCAL
proof_packs/TRUTH_HEAL_MAPS_2026-03-07_1249_0af062e88/raw/scan_registry_keywords.txt	LOCAL_ONLY_HISTORICAL	HISTORICAL_PROOFPACK_PATH	NO_BROAD_UNTRACKED_COMMIT_POLICY	historical proof-pack residue intentionally excluded from current isolated commit	KEEP_LOCAL
proof_packs/TRUTH_HEAL_MAPS_2026-03-07_1249_0af062e88/raw/scan_validation_keywords.txt	LOCAL_ONLY_HISTORICAL	HISTORICAL_PROOFPACK_PATH	NO_BROAD_UNTRACKED_COMMIT_POLICY	historical proof-pack residue intentionally excluded from current isolated commit	KEEP_LOCAL
proof_packs/TRUTH_HEAL_MAPS_2026-03-07_1249_0af062e88/raw/surface_docs.txt	LOCAL_ONLY_HISTORICAL	HISTORICAL_PROOFPACK_PATH	NO_BROAD_UNTRACKED_COMMIT_POLICY	historical proof-pack residue intentionally excluded from current isolated commit	KEEP_LOCAL
proof_packs/TRUTH_HEAL_MAPS_2026-03-07_1249_0af062e88/raw/surface_e2e.txt	LOCAL_ONLY_HISTORICAL	HISTORICAL_PROOFPACK_PATH	NO_BROAD_UNTRACKED_COMMIT_POLICY	historical proof-pack residue intentionally excluded from current isolated commit	KEEP_LOCAL
proof_packs/TRUTH_HEAL_MAPS_2026-03-07_1249_0af062e88/raw/surface_.github_workflows.txt	LOCAL_ONLY_HISTORICAL	HISTORICAL_PROOFPACK_PATH	NO_BROAD_UNTRACKED_COMMIT_POLICY	historical proof-pack residue intentionally excluded from current isolated commit	KEEP_LOCAL
proof_packs/TRUTH_HEAL_MAPS_2026-03-07_1249_0af062e88/raw/surface_proof_packs.txt	LOCAL_ONLY_HISTORICAL	HISTORICAL_PROOFPACK_PATH	NO_BROAD_UNTRACKED_COMMIT_POLICY	historical proof-pack residue intentionally excluded from current isolated commit	KEEP_LOCAL
proof_packs/TRUTH_HEAL_MAPS_2026-03-07_1249_0af062e88/raw/surface_registry.txt	LOCAL_ONLY_HISTORICAL	HISTORICAL_PROOFPACK_PATH	NO_BROAD_UNTRACKED_COMMIT_POLICY	historical proof-pack residue intentionally excluded from current isolated commit	KEEP_LOCAL
proof_packs/TRUTH_HEAL_MAPS_2026-03-07_1249_0af062e88/raw/surface_reports.txt	LOCAL_ONLY_HISTORICAL	HISTORICAL_PROOFPACK_PATH	NO_BROAD_UNTRACKED_COMMIT_POLICY	historical proof-pack residue intentionally excluded from current isolated commit	KEEP_LOCAL
proof_packs/TRUTH_HEAL_MAPS_2026-03-07_1249_0af062e88/raw/surface_scripts.txt	LOCAL_ONLY_HISTORICAL	HISTORICAL_PROOFPACK_PATH	NO_BROAD_UNTRACKED_COMMIT_POLICY	historical proof-pack residue intentionally excluded from current isolated commit	KEEP_LOCAL
proof_packs/TRUTH_HEAL_MAPS_2026-03-07_1249_0af062e88/raw/surface_src-tauri.txt	LOCAL_ONLY_HISTORICAL	HISTORICAL_PROOFPACK_PATH	NO_BROAD_UNTRACKED_COMMIT_POLICY	historical proof-pack residue intentionally excluded from current isolated commit	KEEP_LOCAL
proof_packs/TRUTH_HEAL_MAPS_2026-03-07_1249_0af062e88/raw/surface_src.txt	LOCAL_ONLY_HISTORICAL	HISTORICAL_PROOFPACK_PATH	NO_BROAD_UNTRACKED_COMMIT_POLICY	historical proof-pack residue intentionally excluded from current isolated commit	KEEP_LOCAL
proof_packs/TRUTH_HEAL_MAPS_2026-03-07_1249_0af062e88/raw/surface_tests.txt	LOCAL_ONLY_HISTORICAL	HISTORICAL_PROOFPACK_PATH	NO_BROAD_UNTRACKED_COMMIT_POLICY	historical proof-pack residue intentionally excluded from current isolated commit	KEEP_LOCAL
proof_packs/TRUTH_HEAL_MAPS_2026-03-07_1249_0af062e88/ROLLBACK.md	LOCAL_ONLY_HISTORICAL	HISTORICAL_PROOFPACK_PATH	NO_BROAD_UNTRACKED_COMMIT_POLICY	historical proof-pack residue intentionally excluded from current isolated commit	KEEP_LOCAL
proof_packs/TRUTH_HEAL_MAPS_2026-03-07_1249_0af062e88/VERDICT.md	LOCAL_ONLY_HISTORICAL	HISTORICAL_PROOFPACK_PATH	NO_BROAD_UNTRACKED_COMMIT_POLICY	historical proof-pack residue intentionally excluded from current isolated commit	KEEP_LOCAL
proof_packs/UI_E2E_TOTAL_2026-03-06_1646_5a48aa005/00_EXEC_SUMMARY.md	LOCAL_ONLY_HISTORICAL	HISTORICAL_PROOFPACK_PATH	NO_BROAD_UNTRACKED_COMMIT_POLICY	historical proof-pack residue intentionally excluded from current isolated commit	KEEP_LOCAL
proof_packs/UI_E2E_TOTAL_2026-03-06_1646_5a48aa005/01_BOOTSTRAP.md	LOCAL_ONLY_HISTORICAL	HISTORICAL_PROOFPACK_PATH	NO_BROAD_UNTRACKED_COMMIT_POLICY	historical proof-pack residue intentionally excluded from current isolated commit	KEEP_LOCAL
proof_packs/UI_E2E_TOTAL_2026-03-06_1646_5a48aa005/02_DISCOVERY.md	LOCAL_ONLY_HISTORICAL	HISTORICAL_PROOFPACK_PATH	NO_BROAD_UNTRACKED_COMMIT_POLICY	historical proof-pack residue intentionally excluded from current isolated commit	KEEP_LOCAL
proof_packs/UI_E2E_TOTAL_2026-03-06_1646_5a48aa005/03_UI_COVERAGE_MAP.md	LOCAL_ONLY_HISTORICAL	HISTORICAL_PROOFPACK_PATH	NO_BROAD_UNTRACKED_COMMIT_POLICY	historical proof-pack residue intentionally excluded from current isolated commit	KEEP_LOCAL
proof_packs/UI_E2E_TOTAL_2026-03-06_1646_5a48aa005/04_TEST_MATRIX.md	LOCAL_ONLY_HISTORICAL	HISTORICAL_PROOFPACK_PATH	NO_BROAD_UNTRACKED_COMMIT_POLICY	historical proof-pack residue intentionally excluded from current isolated commit	KEEP_LOCAL
proof_packs/UI_E2E_TOTAL_2026-03-06_1646_5a48aa005/05_RUNNER_AUTHORITY.md	LOCAL_ONLY_HISTORICAL	HISTORICAL_PROOFPACK_PATH	NO_BROAD_UNTRACKED_COMMIT_POLICY	historical proof-pack residue intentionally excluded from current isolated commit	KEEP_LOCAL
proof_packs/UI_E2E_TOTAL_2026-03-06_1646_5a48aa005/06_SELECTORS_AND_READY_PROTOCOL.md	LOCAL_ONLY_HISTORICAL	HISTORICAL_PROOFPACK_PATH	NO_BROAD_UNTRACKED_COMMIT_POLICY	historical proof-pack residue intentionally excluded from current isolated commit	KEEP_LOCAL
proof_packs/UI_E2E_TOTAL_2026-03-06_1646_5a48aa005/07_GATES_REPORT.md	LOCAL_ONLY_HISTORICAL	HISTORICAL_PROOFPACK_PATH	NO_BROAD_UNTRACKED_COMMIT_POLICY	historical proof-pack residue intentionally excluded from current isolated commit	KEEP_LOCAL
proof_packs/UI_E2E_TOTAL_2026-03-06_1646_5a48aa005/10_E2E_ARTIFACTS_INDEX.md	LOCAL_ONLY_HISTORICAL	HISTORICAL_PROOFPACK_PATH	NO_BROAD_UNTRACKED_COMMIT_POLICY	historical proof-pack residue intentionally excluded from current isolated commit	KEEP_LOCAL
proof_packs/UI_E2E_TOTAL_2026-03-06_1646_5a48aa005/11_AUTOFIX_LOG.md	LOCAL_ONLY_HISTORICAL	HISTORICAL_PROOFPACK_PATH	NO_BROAD_UNTRACKED_COMMIT_POLICY	historical proof-pack residue intentionally excluded from current isolated commit	KEEP_LOCAL
proof_packs/UI_E2E_TOTAL_2026-03-06_1646_5a48aa005/12_AUTOHEAL_REGISTRY_APPEND.md	LOCAL_ONLY_HISTORICAL	HISTORICAL_PROOFPACK_PATH	NO_BROAD_UNTRACKED_COMMIT_POLICY	historical proof-pack residue intentionally excluded from current isolated commit	KEEP_LOCAL
proof_packs/UI_E2E_TOTAL_2026-03-06_1646_5a48aa005/13_INTEGRATION_FINDINGS.md	LOCAL_ONLY_HISTORICAL	HISTORICAL_PROOFPACK_PATH	NO_BROAD_UNTRACKED_COMMIT_POLICY	historical proof-pack residue intentionally excluded from current isolated commit	KEEP_LOCAL
proof_packs/UI_E2E_TOTAL_2026-03-06_1646_5a48aa005/14_FAILURE_MODES.md	LOCAL_ONLY_HISTORICAL	HISTORICAL_PROOFPACK_PATH	NO_BROAD_UNTRACKED_COMMIT_POLICY	historical proof-pack residue intentionally excluded from current isolated commit	KEEP_LOCAL
proof_packs/UI_E2E_TOTAL_2026-03-06_1646_5a48aa005/15_ROLLBACK.md	LOCAL_ONLY_HISTORICAL	HISTORICAL_PROOFPACK_PATH	NO_BROAD_UNTRACKED_COMMIT_POLICY	historical proof-pack residue intentionally excluded from current isolated commit	KEEP_LOCAL
proof_packs/UI_E2E_TOTAL_2026-03-06_1646_5a48aa005/16_VERDICT.md	LOCAL_ONLY_HISTORICAL	HISTORICAL_PROOFPACK_PATH	NO_BROAD_UNTRACKED_COMMIT_POLICY	historical proof-pack residue intentionally excluded from current isolated commit	KEEP_LOCAL
proof_packs/UI_E2E_TOTAL_2026-03-06_1646_5a48aa005/ROLLBACK.md	LOCAL_ONLY_HISTORICAL	HISTORICAL_PROOFPACK_PATH	NO_BROAD_UNTRACKED_COMMIT_POLICY	historical proof-pack residue intentionally excluded from current isolated commit	KEEP_LOCAL
proof_packs/UI_E2E_TOTAL_2026-03-06_1646_5a48aa005/ui_controls.json	LOCAL_ONLY_HISTORICAL	HISTORICAL_PROOFPACK_PATH	NO_BROAD_UNTRACKED_COMMIT_POLICY	historical proof-pack residue intentionally excluded from current isolated commit	KEEP_LOCAL
proof_packs/UI_E2E_TOTAL_2026-03-06_1646_5a48aa005/ui_ipc_links.json	LOCAL_ONLY_HISTORICAL	HISTORICAL_PROOFPACK_PATH	NO_BROAD_UNTRACKED_COMMIT_POLICY	historical proof-pack residue intentionally excluded from current isolated commit	KEEP_LOCAL
proof_packs/UI_E2E_TOTAL_2026-03-06_1646_5a48aa005/ui_pages.json	LOCAL_ONLY_HISTORICAL	HISTORICAL_PROOFPACK_PATH	NO_BROAD_UNTRACKED_COMMIT_POLICY	historical proof-pack residue intentionally excluded from current isolated commit	KEEP_LOCAL
proof_packs/UI_E2E_TOTAL_2026-03-06_1646_5a48aa005/ui_routes.json	LOCAL_ONLY_HISTORICAL	HISTORICAL_PROOFPACK_PATH	NO_BROAD_UNTRACKED_COMMIT_POLICY	historical proof-pack residue intentionally excluded from current isolated commit	KEEP_LOCAL
proof_packs/UI_E2E_TOTAL_2026-03-06_1646_5a48aa005/VERDICT.md	LOCAL_ONLY_HISTORICAL	HISTORICAL_PROOFPACK_PATH	NO_BROAD_UNTRACKED_COMMIT_POLICY	historical proof-pack residue intentionally excluded from current isolated commit	KEEP_LOCAL
proof_packs/UNTRACKED_RESIDUE_CLEARANCE_2026-03-07_1630_870348944/00_EXEC_SUMMARY.md	BELONGS_TO_FUTURE_BOUNDARY	CURRENT_PROOFPACK_PATH	CURRENT_LANE_APPEND_ONLY	current lane proof artifacts not part of isolated bucket-c boundary	HOLD_FOR_LATER
proof_packs/UNTRACKED_RESIDUE_CLEARANCE_2026-03-07_1630_870348944/01_BOOTSTRAP.md	BELONGS_TO_FUTURE_BOUNDARY	CURRENT_PROOFPACK_PATH	CURRENT_LANE_APPEND_ONLY	current lane proof artifacts not part of isolated bucket-c boundary	HOLD_FOR_LATER
proof_packs/UNTRACKED_RESIDUE_CLEARANCE_2026-03-07_1630_870348944/02_SCOPE_FREEZE.md	BELONGS_TO_FUTURE_BOUNDARY	CURRENT_PROOFPACK_PATH	CURRENT_LANE_APPEND_ONLY	current lane proof artifacts not part of isolated bucket-c boundary	HOLD_FOR_LATER
proof_packs/UNTRACKED_RESIDUE_CLEARANCE_2026-03-07_1630_870348944/03_AUTHORITY_SOURCE_LOAD.md	BELONGS_TO_FUTURE_BOUNDARY	CURRENT_PROOFPACK_PATH	CURRENT_LANE_APPEND_ONLY	current lane proof artifacts not part of isolated bucket-c boundary	HOLD_FOR_LATER
proof_packs/UNTRACKED_RESIDUE_CLEARANCE_2026-03-07_1630_870348944/04_UNTRACKED_PATH_MAP.md	BELONGS_TO_FUTURE_BOUNDARY	CURRENT_PROOFPACK_PATH	CURRENT_LANE_APPEND_ONLY	current lane proof artifacts not part of isolated bucket-c boundary	HOLD_FOR_LATER
proof_packs/UNTRACKED_RESIDUE_CLEARANCE_2026-03-07_1630_870348944/05_ISOLATED_BOUNDARY_DEFINITION.md	BELONGS_TO_FUTURE_BOUNDARY	CURRENT_PROOFPACK_PATH	CURRENT_LANE_APPEND_ONLY	current lane proof artifacts not part of isolated bucket-c boundary	HOLD_FOR_LATER
proof_packs/UNTRACKED_RESIDUE_CLEARANCE_2026-03-07_1630_870348944/06_DRY_RUN_STRICT.md	BELONGS_TO_FUTURE_BOUNDARY	CURRENT_PROOFPACK_PATH	CURRENT_LANE_APPEND_ONLY	current lane proof artifacts not part of isolated bucket-c boundary	HOLD_FOR_LATER
proof_packs/UNTRACKED_RESIDUE_CLEARANCE_2026-03-07_1630_870348944/07_STAGING_EXECUTION.md	BELONGS_TO_FUTURE_BOUNDARY	CURRENT_PROOFPACK_PATH	CURRENT_LANE_APPEND_ONLY	current lane proof artifacts not part of isolated bucket-c boundary	HOLD_FOR_LATER
proof_packs/UNTRACKED_RESIDUE_CLEARANCE_2026-03-07_1630_870348944/08_COMMIT_EXECUTION.md	BELONGS_TO_FUTURE_BOUNDARY	CURRENT_PROOFPACK_PATH	CURRENT_LANE_APPEND_ONLY	current lane proof artifacts not part of isolated bucket-c boundary	HOLD_FOR_LATER
proof_packs/UNTRACKED_RESIDUE_CLEARANCE_2026-03-07_1630_870348944/09_PUSH_READINESS_RECALC.md	BELONGS_TO_FUTURE_BOUNDARY	CURRENT_PROOFPACK_PATH	CURRENT_LANE_APPEND_ONLY	current lane proof artifacts not part of isolated bucket-c boundary	HOLD_FOR_LATER
proof_packs/UNTRACKED_RESIDUE_CLEARANCE_2026-03-07_1630_870348944/10_COUNTER_AUDIT.md	BELONGS_TO_FUTURE_BOUNDARY	CURRENT_PROOFPACK_PATH	CURRENT_LANE_APPEND_ONLY	current lane proof artifacts not part of isolated bucket-c boundary	HOLD_FOR_LATER
proof_packs/UNTRACKED_RESIDUE_CLEARANCE_2026-03-07_1630_870348944/11_ROLLBACK.md	BELONGS_TO_FUTURE_BOUNDARY	CURRENT_PROOFPACK_PATH	CURRENT_LANE_APPEND_ONLY	current lane proof artifacts not part of isolated bucket-c boundary	HOLD_FOR_LATER
proof_packs/UNTRACKED_RESIDUE_CLEARANCE_2026-03-07_1630_870348944/12_FINAL_VERDICT.md	BELONGS_TO_FUTURE_BOUNDARY	CURRENT_PROOFPACK_PATH	CURRENT_LANE_APPEND_ONLY	current lane proof artifacts not part of isolated bucket-c boundary	HOLD_FOR_LATER
proof_packs/UNTRACKED_RESIDUE_CLEARANCE_2026-03-07_1630_870348944/NEXT_ACTION.md	BELONGS_TO_FUTURE_BOUNDARY	CURRENT_PROOFPACK_PATH	CURRENT_LANE_APPEND_ONLY	current lane proof artifacts not part of isolated bucket-c boundary	HOLD_FOR_LATER
proof_packs/UNTRACKED_RESIDUE_CLEARANCE_2026-03-07_1630_870348944/raw/bootstrap_utc.txt	BELONGS_TO_FUTURE_BOUNDARY	CURRENT_PROOFPACK_PATH	CURRENT_LANE_APPEND_ONLY	current lane proof artifacts not part of isolated bucket-c boundary	HOLD_FOR_LATER
proof_packs/UNTRACKED_RESIDUE_CLEARANCE_2026-03-07_1630_870348944/raw/dry_run_add_direct_names.txt	BELONGS_TO_FUTURE_BOUNDARY	CURRENT_PROOFPACK_PATH	CURRENT_LANE_APPEND_ONLY	current lane proof artifacts not part of isolated bucket-c boundary	HOLD_FOR_LATER
proof_packs/UNTRACKED_RESIDUE_CLEARANCE_2026-03-07_1630_870348944/raw/dry_run_add_names.txt	BELONGS_TO_FUTURE_BOUNDARY	CURRENT_PROOFPACK_PATH	CURRENT_LANE_APPEND_ONLY	current lane proof artifacts not part of isolated bucket-c boundary	HOLD_FOR_LATER
proof_packs/UNTRACKED_RESIDUE_CLEARANCE_2026-03-07_1630_870348944/raw/dry_run_isolated_boundary_stats.env	BELONGS_TO_FUTURE_BOUNDARY	CURRENT_PROOFPACK_PATH	CURRENT_LANE_APPEND_ONLY	current lane proof artifacts not part of isolated bucket-c boundary	HOLD_FOR_LATER
proof_packs/UNTRACKED_RESIDUE_CLEARANCE_2026-03-07_1630_870348944/raw/dry_run_missing_from_add.txt	BELONGS_TO_FUTURE_BOUNDARY	CURRENT_PROOFPACK_PATH	CURRENT_LANE_APPEND_ONLY	current lane proof artifacts not part of isolated bucket-c boundary	HOLD_FOR_LATER
proof_packs/UNTRACKED_RESIDUE_CLEARANCE_2026-03-07_1630_870348944/raw/dry_run_unexpected_add.txt	BELONGS_TO_FUTURE_BOUNDARY	CURRENT_PROOFPACK_PATH	CURRENT_LANE_APPEND_ONLY	current lane proof artifacts not part of isolated bucket-c boundary	HOLD_FOR_LATER
proof_packs/UNTRACKED_RESIDUE_CLEARANCE_2026-03-07_1630_870348944/raw/git_diff_cached_name_only.txt	BELONGS_TO_FUTURE_BOUNDARY	CURRENT_PROOFPACK_PATH	CURRENT_LANE_APPEND_ONLY	current lane proof artifacts not part of isolated bucket-c boundary	HOLD_FOR_LATER
proof_packs/UNTRACKED_RESIDUE_CLEARANCE_2026-03-07_1630_870348944/raw/git_diff_name_only.txt	BELONGS_TO_FUTURE_BOUNDARY	CURRENT_PROOFPACK_PATH	CURRENT_LANE_APPEND_ONLY	current lane proof artifacts not part of isolated bucket-c boundary	HOLD_FOR_LATER
proof_packs/UNTRACKED_RESIDUE_CLEARANCE_2026-03-07_1630_870348944/raw/git_log_5_oneline.txt	BELONGS_TO_FUTURE_BOUNDARY	CURRENT_PROOFPACK_PATH	CURRENT_LANE_APPEND_ONLY	current lane proof artifacts not part of isolated bucket-c boundary	HOLD_FOR_LATER
proof_packs/UNTRACKED_RESIDUE_CLEARANCE_2026-03-07_1630_870348944/raw/git_rev_parse_short.txt	BELONGS_TO_FUTURE_BOUNDARY	CURRENT_PROOFPACK_PATH	CURRENT_LANE_APPEND_ONLY	current lane proof artifacts not part of isolated bucket-c boundary	HOLD_FOR_LATER
proof_packs/UNTRACKED_RESIDUE_CLEARANCE_2026-03-07_1630_870348944/raw/git_status_sb.txt	BELONGS_TO_FUTURE_BOUNDARY	CURRENT_PROOFPACK_PATH	CURRENT_LANE_APPEND_ONLY	current lane proof artifacts not part of isolated bucket-c boundary	HOLD_FOR_LATER
proof_packs/UNTRACKED_RESIDUE_CLEARANCE_2026-03-07_1630_870348944/raw/git_status_short.txt	BELONGS_TO_FUTURE_BOUNDARY	CURRENT_PROOFPACK_PATH	CURRENT_LANE_APPEND_ONLY	current lane proof artifacts not part of isolated bucket-c boundary	HOLD_FOR_LATER
proof_packs/UNTRACKED_RESIDUE_CLEARANCE_2026-03-07_1630_870348944/raw/git_status.txt	BELONGS_TO_FUTURE_BOUNDARY	CURRENT_PROOFPACK_PATH	CURRENT_LANE_APPEND_ONLY	current lane proof artifacts not part of isolated bucket-c boundary	HOLD_FOR_LATER
proof_packs/UNTRACKED_RESIDUE_CLEARANCE_2026-03-07_1630_870348944/raw/git_untracked_name_only.txt	BELONGS_TO_FUTURE_BOUNDARY	CURRENT_PROOFPACK_PATH	CURRENT_LANE_APPEND_ONLY	current lane proof artifacts not part of isolated bucket-c boundary	HOLD_FOR_LATER
proof_packs/UNTRACKED_RESIDUE_CLEARANCE_2026-03-07_1630_870348944/raw/isolated_boundary_invalid_paths.txt	BELONGS_TO_FUTURE_BOUNDARY	CURRENT_PROOFPACK_PATH	CURRENT_LANE_APPEND_ONLY	current lane proof artifacts not part of isolated bucket-c boundary	HOLD_FOR_LATER
proof_packs/UNTRACKED_RESIDUE_CLEARANCE_2026-03-07_1630_870348944/raw/isolated_boundary_paths.txt	BELONGS_TO_FUTURE_BOUNDARY	CURRENT_PROOFPACK_PATH	CURRENT_LANE_APPEND_ONLY	current lane proof artifacts not part of isolated bucket-c boundary	HOLD_FOR_LATER
proof_packs/UNTRACKED_RESIDUE_CLEARANCE_2026-03-07_1630_870348944/raw/isolated_commit_changed_files.txt	BELONGS_TO_FUTURE_BOUNDARY	CURRENT_PROOFPACK_PATH	CURRENT_LANE_APPEND_ONLY	current lane proof artifacts not part of isolated bucket-c boundary	HOLD_FOR_LATER
proof_packs/UNTRACKED_RESIDUE_CLEARANCE_2026-03-07_1630_870348944/raw/isolated_commit.exitcode	BELONGS_TO_FUTURE_BOUNDARY	CURRENT_PROOFPACK_PATH	CURRENT_LANE_APPEND_ONLY	current lane proof artifacts not part of isolated bucket-c boundary	HOLD_FOR_LATER
proof_packs/UNTRACKED_RESIDUE_CLEARANCE_2026-03-07_1630_870348944/raw/isolated_commit_hash.txt	BELONGS_TO_FUTURE_BOUNDARY	CURRENT_PROOFPACK_PATH	CURRENT_LANE_APPEND_ONLY	current lane proof artifacts not part of isolated bucket-c boundary	HOLD_FOR_LATER
proof_packs/UNTRACKED_RESIDUE_CLEARANCE_2026-03-07_1630_870348944/raw/post_commit_staged_names.txt	BELONGS_TO_FUTURE_BOUNDARY	CURRENT_PROOFPACK_PATH	CURRENT_LANE_APPEND_ONLY	current lane proof artifacts not part of isolated bucket-c boundary	HOLD_FOR_LATER
proof_packs/UNTRACKED_RESIDUE_CLEARANCE_2026-03-07_1630_870348944/raw/post_commit_status_sb.txt	BELONGS_TO_FUTURE_BOUNDARY	CURRENT_PROOFPACK_PATH	CURRENT_LANE_APPEND_ONLY	current lane proof artifacts not part of isolated bucket-c boundary	HOLD_FOR_LATER
proof_packs/UNTRACKED_RESIDUE_CLEARANCE_2026-03-07_1630_870348944/raw/post_commit_status_short.txt	BELONGS_TO_FUTURE_BOUNDARY	CURRENT_PROOFPACK_PATH	CURRENT_LANE_APPEND_ONLY	current lane proof artifacts not part of isolated bucket-c boundary	HOLD_FOR_LATER
proof_packs/UNTRACKED_RESIDUE_CLEARANCE_2026-03-07_1630_870348944/raw/post_commit_tracked_modified.txt	BELONGS_TO_FUTURE_BOUNDARY	CURRENT_PROOFPACK_PATH	CURRENT_LANE_APPEND_ONLY	current lane proof artifacts not part of isolated bucket-c boundary	HOLD_FOR_LATER
proof_packs/UNTRACKED_RESIDUE_CLEARANCE_2026-03-07_1630_870348944/raw/post_commit_untracked_names.txt	BELONGS_TO_FUTURE_BOUNDARY	CURRENT_PROOFPACK_PATH	CURRENT_LANE_APPEND_ONLY	current lane proof artifacts not part of isolated bucket-c boundary	HOLD_FOR_LATER
proof_packs/UNTRACKED_RESIDUE_CLEARANCE_2026-03-07_1630_870348944/raw/staged_count_after_exact_stage.txt	BELONGS_TO_FUTURE_BOUNDARY	CURRENT_PROOFPACK_PATH	CURRENT_LANE_APPEND_ONLY	current lane proof artifacts not part of isolated bucket-c boundary	HOLD_FOR_LATER
proof_packs/UNTRACKED_RESIDUE_CLEARANCE_2026-03-07_1630_870348944/raw/staged_names_after_exact_stage.txt	BELONGS_TO_FUTURE_BOUNDARY	CURRENT_PROOFPACK_PATH	CURRENT_LANE_APPEND_ONLY	current lane proof artifacts not part of isolated bucket-c boundary	HOLD_FOR_LATER
proof_packs/UNTRACKED_RESIDUE_CLEARANCE_2026-03-07_1630_870348944/raw/stage_exactness_stats.env	BELONGS_TO_FUTURE_BOUNDARY	CURRENT_PROOFPACK_PATH	CURRENT_LANE_APPEND_ONLY	current lane proof artifacts not part of isolated bucket-c boundary	HOLD_FOR_LATER
proof_packs/UNTRACKED_RESIDUE_CLEARANCE_2026-03-07_1630_870348944/raw/stage_missing_vs_dryrun.txt	BELONGS_TO_FUTURE_BOUNDARY	CURRENT_PROOFPACK_PATH	CURRENT_LANE_APPEND_ONLY	current lane proof artifacts not part of isolated bucket-c boundary	HOLD_FOR_LATER
proof_packs/UNTRACKED_RESIDUE_CLEARANCE_2026-03-07_1630_870348944/raw/stage_unexpected_vs_dryrun.txt	BELONGS_TO_FUTURE_BOUNDARY	CURRENT_PROOFPACK_PATH	CURRENT_LANE_APPEND_ONLY	current lane proof artifacts not part of isolated bucket-c boundary	HOLD_FOR_LATER
proof_packs/UNTRACKED_RESIDUE_CLEARANCE_2026-03-07_1630_870348944/raw/status_short_after_exact_stage.txt	BELONGS_TO_FUTURE_BOUNDARY	CURRENT_PROOFPACK_PATH	CURRENT_LANE_APPEND_ONLY	current lane proof artifacts not part of isolated bucket-c boundary	HOLD_FOR_LATER
proof_packs/UNTRACKED_RESIDUE_CLEARANCE_2026-03-07_1630_870348944/raw/untracked_classification_counts.env	BELONGS_TO_FUTURE_BOUNDARY	CURRENT_PROOFPACK_PATH	CURRENT_LANE_APPEND_ONLY	current lane proof artifacts not part of isolated bucket-c boundary	HOLD_FOR_LATER
proof_packs/UNTRACKED_RESIDUE_CLEARANCE_2026-03-07_1630_870348944/raw/untracked_group_level2_counts.txt	BELONGS_TO_FUTURE_BOUNDARY	CURRENT_PROOFPACK_PATH	CURRENT_LANE_APPEND_ONLY	current lane proof artifacts not part of isolated bucket-c boundary	HOLD_FOR_LATER
proof_packs/UNTRACKED_RESIDUE_CLEARANCE_2026-03-07_1630_870348944/raw/untracked_inventory_stats.env	BELONGS_TO_FUTURE_BOUNDARY	CURRENT_PROOFPACK_PATH	CURRENT_LANE_APPEND_ONLY	current lane proof artifacts not part of isolated bucket-c boundary	HOLD_FOR_LATER
proof_packs/UNTRACKED_RESIDUE_CLEARANCE_2026-03-07_1630_870348944/raw/untracked_mapped_total.env	BELONGS_TO_FUTURE_BOUNDARY	CURRENT_PROOFPACK_PATH	CURRENT_LANE_APPEND_ONLY	current lane proof artifacts not part of isolated bucket-c boundary	HOLD_FOR_LATER
proof_packs/UNTRACKED_RESIDUE_CLEARANCE_2026-03-07_1630_870348944/raw/untracked_multi_role_count.env	BELONGS_TO_FUTURE_BOUNDARY	CURRENT_PROOFPACK_PATH	CURRENT_LANE_APPEND_ONLY	current lane proof artifacts not part of isolated bucket-c boundary	HOLD_FOR_LATER
proof_packs/UNTRACKED_RESIDUE_CLEARANCE_2026-03-07_1630_870348944/raw/untracked_path_map.tsv	BELONGS_TO_FUTURE_BOUNDARY	CURRENT_PROOFPACK_PATH	CURRENT_LANE_APPEND_ONLY	current lane proof artifacts not part of isolated bucket-c boundary	HOLD_FOR_LATER
proof_packs/UNTRACKED_RESIDUE_CLEARANCE_2026-03-07_1630_870348944/raw/untracked_proofpack_dir_counts.txt	BELONGS_TO_FUTURE_BOUNDARY	CURRENT_PROOFPACK_PATH	CURRENT_LANE_APPEND_ONLY	current lane proof artifacts not part of isolated bucket-c boundary	HOLD_FOR_LATER
proof_packs/UNTRACKED_RESIDUE_CLEARANCE_2026-03-07_1630_870348944/raw/untracked_safe_action_counts.env	BELONGS_TO_FUTURE_BOUNDARY	CURRENT_PROOFPACK_PATH	CURRENT_LANE_APPEND_ONLY	current lane proof artifacts not part of isolated bucket-c boundary	HOLD_FOR_LATER
proof_packs/UNTRACKED_RESIDUE_CLEARANCE_2026-03-07_1630_870348944/raw/untracked_unknown_count.env	BELONGS_TO_FUTURE_BOUNDARY	CURRENT_PROOFPACK_PATH	CURRENT_LANE_APPEND_ONLY	current lane proof artifacts not part of isolated bucket-c boundary	HOLD_FOR_LATER
proof_packs/UNTRACKED_RESIDUE_CLEARANCE_2026-03-07_1630_870348944/ROOT_CAUSE.md	BELONGS_TO_FUTURE_BOUNDARY	CURRENT_PROOFPACK_PATH	CURRENT_LANE_APPEND_ONLY	current lane proof artifacts not part of isolated bucket-c boundary	HOLD_FOR_LATER
proof_packs/WAKE_PROTOCOL_READY_STATE_2026-03-07_0815_757ae4d4c/00_EXEC_SUMMARY.md	LOCAL_ONLY_HISTORICAL	HISTORICAL_PROOFPACK_PATH	NO_BROAD_UNTRACKED_COMMIT_POLICY	historical proof-pack residue intentionally excluded from current isolated commit	KEEP_LOCAL
proof_packs/WAKE_PROTOCOL_READY_STATE_2026-03-07_0815_757ae4d4c/01_BOOTSTRAP.md	LOCAL_ONLY_HISTORICAL	HISTORICAL_PROOFPACK_PATH	NO_BROAD_UNTRACKED_COMMIT_POLICY	historical proof-pack residue intentionally excluded from current isolated commit	KEEP_LOCAL
proof_packs/WAKE_PROTOCOL_READY_STATE_2026-03-07_0815_757ae4d4c/02_STANDBY_BASELINE_REFERENCE.md	LOCAL_ONLY_HISTORICAL	HISTORICAL_PROOFPACK_PATH	NO_BROAD_UNTRACKED_COMMIT_POLICY	historical proof-pack residue intentionally excluded from current isolated commit	KEEP_LOCAL
proof_packs/WAKE_PROTOCOL_READY_STATE_2026-03-07_0815_757ae4d4c/03_TRIGGER_THRESHOLD_RULES.md	LOCAL_ONLY_HISTORICAL	HISTORICAL_PROOFPACK_PATH	NO_BROAD_UNTRACKED_COMMIT_POLICY	historical proof-pack residue intentionally excluded from current isolated commit	KEEP_LOCAL
proof_packs/WAKE_PROTOCOL_READY_STATE_2026-03-07_0815_757ae4d4c/04_WAKE_PATH_MAPPING.md	LOCAL_ONLY_HISTORICAL	HISTORICAL_PROOFPACK_PATH	NO_BROAD_UNTRACKED_COMMIT_POLICY	historical proof-pack residue intentionally excluded from current isolated commit	KEEP_LOCAL
proof_packs/WAKE_PROTOCOL_READY_STATE_2026-03-07_0815_757ae4d4c/05_FORBIDDEN_ACTIONS_DURING_WAKE.md	LOCAL_ONLY_HISTORICAL	HISTORICAL_PROOFPACK_PATH	NO_BROAD_UNTRACKED_COMMIT_POLICY	historical proof-pack residue intentionally excluded from current isolated commit	KEEP_LOCAL
proof_packs/WAKE_PROTOCOL_READY_STATE_2026-03-07_0815_757ae4d4c/06_WAKE_DECISION_MATRIX.md	LOCAL_ONLY_HISTORICAL	HISTORICAL_PROOFPACK_PATH	NO_BROAD_UNTRACKED_COMMIT_POLICY	historical proof-pack residue intentionally excluded from current isolated commit	KEEP_LOCAL
proof_packs/WAKE_PROTOCOL_READY_STATE_2026-03-07_0815_757ae4d4c/07_OPERATOR_HANDOFF.md	LOCAL_ONLY_HISTORICAL	HISTORICAL_PROOFPACK_PATH	NO_BROAD_UNTRACKED_COMMIT_POLICY	historical proof-pack residue intentionally excluded from current isolated commit	KEEP_LOCAL
proof_packs/WAKE_PROTOCOL_READY_STATE_2026-03-07_0815_757ae4d4c/raw/authorized_wake_paths_validated.txt	LOCAL_ONLY_HISTORICAL	HISTORICAL_PROOFPACK_PATH	NO_BROAD_UNTRACKED_COMMIT_POLICY	historical proof-pack residue intentionally excluded from current isolated commit	KEEP_LOCAL
proof_packs/WAKE_PROTOCOL_READY_STATE_2026-03-07_0815_757ae4d4c/raw/bootstrap_summary.txt	LOCAL_ONLY_HISTORICAL	HISTORICAL_PROOFPACK_PATH	NO_BROAD_UNTRACKED_COMMIT_POLICY	historical proof-pack residue intentionally excluded from current isolated commit	KEEP_LOCAL
proof_packs/WAKE_PROTOCOL_READY_STATE_2026-03-07_0815_757ae4d4c/raw/check_active_baseline_standby_confirmed.txt	LOCAL_ONLY_HISTORICAL	HISTORICAL_PROOFPACK_PATH	NO_BROAD_UNTRACKED_COMMIT_POLICY	historical proof-pack residue intentionally excluded from current isolated commit	KEEP_LOCAL
proof_packs/WAKE_PROTOCOL_READY_STATE_2026-03-07_0815_757ae4d4c/raw/check_canonical_baseline_757ae4d4c.txt	LOCAL_ONLY_HISTORICAL	HISTORICAL_PROOFPACK_PATH	NO_BROAD_UNTRACKED_COMMIT_POLICY	historical proof-pack residue intentionally excluded from current isolated commit	KEEP_LOCAL
proof_packs/WAKE_PROTOCOL_READY_STATE_2026-03-07_0815_757ae4d4c/raw/current_standby_signals.txt	LOCAL_ONLY_HISTORICAL	HISTORICAL_PROOFPACK_PATH	NO_BROAD_UNTRACKED_COMMIT_POLICY	historical proof-pack residue intentionally excluded from current isolated commit	KEEP_LOCAL
proof_packs/WAKE_PROTOCOL_READY_STATE_2026-03-07_0815_757ae4d4c/raw/git_branch_show_current.txt	LOCAL_ONLY_HISTORICAL	HISTORICAL_PROOFPACK_PATH	NO_BROAD_UNTRACKED_COMMIT_POLICY	historical proof-pack residue intentionally excluded from current isolated commit	KEEP_LOCAL
proof_packs/WAKE_PROTOCOL_READY_STATE_2026-03-07_0815_757ae4d4c/raw/git_rev_parse_short.txt	LOCAL_ONLY_HISTORICAL	HISTORICAL_PROOFPACK_PATH	NO_BROAD_UNTRACKED_COMMIT_POLICY	historical proof-pack residue intentionally excluded from current isolated commit	KEEP_LOCAL
proof_packs/WAKE_PROTOCOL_READY_STATE_2026-03-07_0815_757ae4d4c/raw/git_status_short.txt	LOCAL_ONLY_HISTORICAL	HISTORICAL_PROOFPACK_PATH	NO_BROAD_UNTRACKED_COMMIT_POLICY	historical proof-pack residue intentionally excluded from current isolated commit	KEEP_LOCAL
proof_packs/WAKE_PROTOCOL_READY_STATE_2026-03-07_0815_757ae4d4c/raw/sentinel_decision_reference.md	LOCAL_ONLY_HISTORICAL	HISTORICAL_PROOFPACK_PATH	NO_BROAD_UNTRACKED_COMMIT_POLICY	historical proof-pack residue intentionally excluded from current isolated commit	KEEP_LOCAL
proof_packs/WAKE_PROTOCOL_READY_STATE_2026-03-07_0815_757ae4d4c/raw/sentinel_pack_reference.txt	LOCAL_ONLY_HISTORICAL	HISTORICAL_PROOFPACK_PATH	NO_BROAD_UNTRACKED_COMMIT_POLICY	historical proof-pack residue intentionally excluded from current isolated commit	KEEP_LOCAL
proof_packs/WAKE_PROTOCOL_READY_STATE_2026-03-07_0815_757ae4d4c/raw/sentinel_standby_decision_eval_reference.txt	LOCAL_ONLY_HISTORICAL	HISTORICAL_PROOFPACK_PATH	NO_BROAD_UNTRACKED_COMMIT_POLICY	historical proof-pack residue intentionally excluded from current isolated commit	KEEP_LOCAL
proof_packs/WAKE_PROTOCOL_READY_STATE_2026-03-07_0815_757ae4d4c/raw/sentinel_triggers_reference.md	LOCAL_ONLY_HISTORICAL	HISTORICAL_PROOFPACK_PATH	NO_BROAD_UNTRACKED_COMMIT_POLICY	historical proof-pack residue intentionally excluded from current isolated commit	KEEP_LOCAL
proof_packs/WAKE_PROTOCOL_READY_STATE_2026-03-07_0815_757ae4d4c/raw/sentinel_verdict_reference.md	LOCAL_ONLY_HISTORICAL	HISTORICAL_PROOFPACK_PATH	NO_BROAD_UNTRACKED_COMMIT_POLICY	historical proof-pack residue intentionally excluded from current isolated commit	KEEP_LOCAL
proof_packs/WAKE_PROTOCOL_READY_STATE_2026-03-07_0815_757ae4d4c/ROLLBACK.md	LOCAL_ONLY_HISTORICAL	HISTORICAL_PROOFPACK_PATH	NO_BROAD_UNTRACKED_COMMIT_POLICY	historical proof-pack residue intentionally excluded from current isolated commit	KEEP_LOCAL
proof_packs/WAKE_PROTOCOL_READY_STATE_2026-03-07_0815_757ae4d4c/VERDICT.md	LOCAL_ONLY_HISTORICAL	HISTORICAL_PROOFPACK_PATH	NO_BROAD_UNTRACKED_COMMIT_POLICY	historical proof-pack residue intentionally excluded from current isolated commit	KEEP_LOCAL
proof_packs/WORKSPACE_HYGIENE_AND_SEAL_2026-03-07_0711_757ae4d4c/00_EXEC_SUMMARY.md	LOCAL_ONLY_HISTORICAL	HISTORICAL_PROOFPACK_PATH	NO_BROAD_UNTRACKED_COMMIT_POLICY	historical proof-pack residue intentionally excluded from current isolated commit	KEEP_LOCAL
proof_packs/WORKSPACE_HYGIENE_AND_SEAL_2026-03-07_0711_757ae4d4c/01_BOOTSTRAP.md	LOCAL_ONLY_HISTORICAL	HISTORICAL_PROOFPACK_PATH	NO_BROAD_UNTRACKED_COMMIT_POLICY	historical proof-pack residue intentionally excluded from current isolated commit	KEEP_LOCAL
proof_packs/WORKSPACE_HYGIENE_AND_SEAL_2026-03-07_0711_757ae4d4c/02_BASELINE_AND_CI_TRUTH.md	LOCAL_ONLY_HISTORICAL	HISTORICAL_PROOFPACK_PATH	NO_BROAD_UNTRACKED_COMMIT_POLICY	historical proof-pack residue intentionally excluded from current isolated commit	KEEP_LOCAL
proof_packs/WORKSPACE_HYGIENE_AND_SEAL_2026-03-07_0711_757ae4d4c/03_WORKSPACE_TRUTH.md	LOCAL_ONLY_HISTORICAL	HISTORICAL_PROOFPACK_PATH	NO_BROAD_UNTRACKED_COMMIT_POLICY	historical proof-pack residue intentionally excluded from current isolated commit	KEEP_LOCAL
proof_packs/WORKSPACE_HYGIENE_AND_SEAL_2026-03-07_0711_757ae4d4c/04_PROOF_PACK_POLICY_TRUTH.md	LOCAL_ONLY_HISTORICAL	HISTORICAL_PROOFPACK_PATH	NO_BROAD_UNTRACKED_COMMIT_POLICY	historical proof-pack residue intentionally excluded from current isolated commit	KEEP_LOCAL
proof_packs/WORKSPACE_HYGIENE_AND_SEAL_2026-03-07_0711_757ae4d4c/05_ACTION_PATH.md	LOCAL_ONLY_HISTORICAL	HISTORICAL_PROOFPACK_PATH	NO_BROAD_UNTRACKED_COMMIT_POLICY	historical proof-pack residue intentionally excluded from current isolated commit	KEEP_LOCAL
proof_packs/WORKSPACE_HYGIENE_AND_SEAL_2026-03-07_0711_757ae4d4c/06_LIGHT_RECHECKS.md	LOCAL_ONLY_HISTORICAL	HISTORICAL_PROOFPACK_PATH	NO_BROAD_UNTRACKED_COMMIT_POLICY	historical proof-pack residue intentionally excluded from current isolated commit	KEEP_LOCAL
proof_packs/WORKSPACE_HYGIENE_AND_SEAL_2026-03-07_0711_757ae4d4c/07_IMPACT_AND_SAFETY.md	LOCAL_ONLY_HISTORICAL	HISTORICAL_PROOFPACK_PATH	NO_BROAD_UNTRACKED_COMMIT_POLICY	historical proof-pack residue intentionally excluded from current isolated commit	KEEP_LOCAL
proof_packs/WORKSPACE_HYGIENE_AND_SEAL_2026-03-07_0711_757ae4d4c/08_RESIDUAL_RISKS.md	LOCAL_ONLY_HISTORICAL	HISTORICAL_PROOFPACK_PATH	NO_BROAD_UNTRACKED_COMMIT_POLICY	historical proof-pack residue intentionally excluded from current isolated commit	KEEP_LOCAL
proof_packs/WORKSPACE_HYGIENE_AND_SEAL_2026-03-07_0711_757ae4d4c/09_STOP_LINE_DECISION.md	LOCAL_ONLY_HISTORICAL	HISTORICAL_PROOFPACK_PATH	NO_BROAD_UNTRACKED_COMMIT_POLICY	historical proof-pack residue intentionally excluded from current isolated commit	KEEP_LOCAL
proof_packs/WORKSPACE_HYGIENE_AND_SEAL_2026-03-07_0711_757ae4d4c/10_ROLLBACK.md	LOCAL_ONLY_HISTORICAL	HISTORICAL_PROOFPACK_PATH	NO_BROAD_UNTRACKED_COMMIT_POLICY	historical proof-pack residue intentionally excluded from current isolated commit	KEEP_LOCAL
proof_packs/WORKSPACE_HYGIENE_AND_SEAL_2026-03-07_0711_757ae4d4c/11_FINAL_DECISION.md	LOCAL_ONLY_HISTORICAL	HISTORICAL_PROOFPACK_PATH	NO_BROAD_UNTRACKED_COMMIT_POLICY	historical proof-pack residue intentionally excluded from current isolated commit	KEEP_LOCAL
proof_packs/WORKSPACE_HYGIENE_AND_SEAL_2026-03-07_0711_757ae4d4c/raw/baseline_final_decision_previous.md	LOCAL_ONLY_HISTORICAL	HISTORICAL_PROOFPACK_PATH	NO_BROAD_UNTRACKED_COMMIT_POLICY	historical proof-pack residue intentionally excluded from current isolated commit	KEEP_LOCAL
proof_packs/WORKSPACE_HYGIENE_AND_SEAL_2026-03-07_0711_757ae4d4c/raw/copilot_instructions.md	LOCAL_ONLY_HISTORICAL	HISTORICAL_PROOFPACK_PATH	NO_BROAD_UNTRACKED_COMMIT_POLICY	historical proof-pack residue intentionally excluded from current isolated commit	KEEP_LOCAL
proof_packs/WORKSPACE_HYGIENE_AND_SEAL_2026-03-07_0711_757ae4d4c/raw/docs_registry_instructions.md	LOCAL_ONLY_HISTORICAL	HISTORICAL_PROOFPACK_PATH	NO_BROAD_UNTRACKED_COMMIT_POLICY	historical proof-pack residue intentionally excluded from current isolated commit	KEEP_LOCAL
proof_packs/WORKSPACE_HYGIENE_AND_SEAL_2026-03-07_0711_757ae4d4c/raw/files__proof_packs__POST_MERGE_VALIDATION_2026-03-07_757ae4d4c__.txt	LOCAL_ONLY_HISTORICAL	HISTORICAL_PROOFPACK_PATH	NO_BROAD_UNTRACKED_COMMIT_POLICY	historical proof-pack residue intentionally excluded from current isolated commit	KEEP_LOCAL
proof_packs/WORKSPACE_HYGIENE_AND_SEAL_2026-03-07_0711_757ae4d4c/raw/files__proof_packs__PR_CI_UNBLOCK_2026-03-06_1847_5a48aa005__.txt	LOCAL_ONLY_HISTORICAL	HISTORICAL_PROOFPACK_PATH	NO_BROAD_UNTRACKED_COMMIT_POLICY	historical proof-pack residue intentionally excluded from current isolated commit	KEEP_LOCAL
proof_packs/WORKSPACE_HYGIENE_AND_SEAL_2026-03-07_0711_757ae4d4c/raw/files__proof_packs__PR_MAIN_SEAL_READINESS_2026-03-06_1752_5a48aa005__.txt	LOCAL_ONLY_HISTORICAL	HISTORICAL_PROOFPACK_PATH	NO_BROAD_UNTRACKED_COMMIT_POLICY	historical proof-pack residue intentionally excluded from current isolated commit	KEEP_LOCAL
proof_packs/WORKSPACE_HYGIENE_AND_SEAL_2026-03-07_0711_757ae4d4c/raw/files__proof_packs__UI_E2E_TOTAL_2026-03-06_1646_5a48aa005__.txt	LOCAL_ONLY_HISTORICAL	HISTORICAL_PROOFPACK_PATH	NO_BROAD_UNTRACKED_COMMIT_POLICY	historical proof-pack residue intentionally excluded from current isolated commit	KEEP_LOCAL
proof_packs/WORKSPACE_HYGIENE_AND_SEAL_2026-03-07_0711_757ae4d4c/raw/files__proof_packs__WORKSPACE_HYGIENE_AND_SEAL_2026-03-07_0711_757ae4d4c__.txt	LOCAL_ONLY_HISTORICAL	HISTORICAL_PROOFPACK_PATH	NO_BROAD_UNTRACKED_COMMIT_POLICY	historical proof-pack residue intentionally excluded from current isolated commit	KEEP_LOCAL
proof_packs/WORKSPACE_HYGIENE_AND_SEAL_2026-03-07_0711_757ae4d4c/raw/final_light_rechecks.txt	LOCAL_ONLY_HISTORICAL	HISTORICAL_PROOFPACK_PATH	NO_BROAD_UNTRACKED_COMMIT_POLICY	historical proof-pack residue intentionally excluded from current isolated commit	KEEP_LOCAL
proof_packs/WORKSPACE_HYGIENE_AND_SEAL_2026-03-07_0711_757ae4d4c/raw/gh_runs_for_head.json	LOCAL_ONLY_HISTORICAL	HISTORICAL_PROOFPACK_PATH	NO_BROAD_UNTRACKED_COMMIT_POLICY	historical proof-pack residue intentionally excluded from current isolated commit	KEEP_LOCAL
proof_packs/WORKSPACE_HYGIENE_AND_SEAL_2026-03-07_0711_757ae4d4c/raw/gh_runs_for_head_table.txt	LOCAL_ONLY_HISTORICAL	HISTORICAL_PROOFPACK_PATH	NO_BROAD_UNTRACKED_COMMIT_POLICY	historical proof-pack residue intentionally excluded from current isolated commit	KEEP_LOCAL
proof_packs/WORKSPACE_HYGIENE_AND_SEAL_2026-03-07_0711_757ae4d4c/raw/git_branch_show_current.txt	LOCAL_ONLY_HISTORICAL	HISTORICAL_PROOFPACK_PATH	NO_BROAD_UNTRACKED_COMMIT_POLICY	historical proof-pack residue intentionally excluded from current isolated commit	KEEP_LOCAL
proof_packs/WORKSPACE_HYGIENE_AND_SEAL_2026-03-07_0711_757ae4d4c/raw/git_diff_cached_name_only.txt	LOCAL_ONLY_HISTORICAL	HISTORICAL_PROOFPACK_PATH	NO_BROAD_UNTRACKED_COMMIT_POLICY	historical proof-pack residue intentionally excluded from current isolated commit	KEEP_LOCAL
proof_packs/WORKSPACE_HYGIENE_AND_SEAL_2026-03-07_0711_757ae4d4c/raw/git_diff_name_only.txt	LOCAL_ONLY_HISTORICAL	HISTORICAL_PROOFPACK_PATH	NO_BROAD_UNTRACKED_COMMIT_POLICY	historical proof-pack residue intentionally excluded from current isolated commit	KEEP_LOCAL
proof_packs/WORKSPACE_HYGIENE_AND_SEAL_2026-03-07_0711_757ae4d4c/raw/gitignore.txt	LOCAL_ONLY_HISTORICAL	HISTORICAL_PROOFPACK_PATH	NO_BROAD_UNTRACKED_COMMIT_POLICY	historical proof-pack residue intentionally excluded from current isolated commit	KEEP_LOCAL
proof_packs/WORKSPACE_HYGIENE_AND_SEAL_2026-03-07_0711_757ae4d4c/raw/git_log_10_oneline.txt	LOCAL_ONLY_HISTORICAL	HISTORICAL_PROOFPACK_PATH	NO_BROAD_UNTRACKED_COMMIT_POLICY	historical proof-pack residue intentionally excluded from current isolated commit	KEEP_LOCAL
proof_packs/WORKSPACE_HYGIENE_AND_SEAL_2026-03-07_0711_757ae4d4c/raw/git_rev_parse_short.txt	LOCAL_ONLY_HISTORICAL	HISTORICAL_PROOFPACK_PATH	NO_BROAD_UNTRACKED_COMMIT_POLICY	historical proof-pack residue intentionally excluded from current isolated commit	KEEP_LOCAL
proof_packs/WORKSPACE_HYGIENE_AND_SEAL_2026-03-07_0711_757ae4d4c/raw/git_status_short.txt	LOCAL_ONLY_HISTORICAL	HISTORICAL_PROOFPACK_PATH	NO_BROAD_UNTRACKED_COMMIT_POLICY	historical proof-pack residue intentionally excluded from current isolated commit	KEEP_LOCAL
proof_packs/WORKSPACE_HYGIENE_AND_SEAL_2026-03-07_0711_757ae4d4c/raw/lib_cert.sh	LOCAL_ONLY_HISTORICAL	HISTORICAL_PROOFPACK_PATH	NO_BROAD_UNTRACKED_COMMIT_POLICY	historical proof-pack residue intentionally excluded from current isolated commit	KEEP_LOCAL
proof_packs/WORKSPACE_HYGIENE_AND_SEAL_2026-03-07_0711_757ae4d4c/raw/metric_head_non_success_or_pending.txt	LOCAL_ONLY_HISTORICAL	HISTORICAL_PROOFPACK_PATH	NO_BROAD_UNTRACKED_COMMIT_POLICY	historical proof-pack residue intentionally excluded from current isolated commit	KEEP_LOCAL
proof_packs/WORKSPACE_HYGIENE_AND_SEAL_2026-03-07_0711_757ae4d4c/raw/metric_head_success_runs.txt	LOCAL_ONLY_HISTORICAL	HISTORICAL_PROOFPACK_PATH	NO_BROAD_UNTRACKED_COMMIT_POLICY	historical proof-pack residue intentionally excluded from current isolated commit	KEEP_LOCAL
proof_packs/WORKSPACE_HYGIENE_AND_SEAL_2026-03-07_0711_757ae4d4c/raw/metric_head_total_runs.txt	LOCAL_ONLY_HISTORICAL	HISTORICAL_PROOFPACK_PATH	NO_BROAD_UNTRACKED_COMMIT_POLICY	historical proof-pack residue intentionally excluded from current isolated commit	KEEP_LOCAL
proof_packs/WORKSPACE_HYGIENE_AND_SEAL_2026-03-07_0711_757ae4d4c/raw/policy_markers_rg.txt	LOCAL_ONLY_HISTORICAL	HISTORICAL_PROOFPACK_PATH	NO_BROAD_UNTRACKED_COMMIT_POLICY	historical proof-pack residue intentionally excluded from current isolated commit	KEEP_LOCAL
proof_packs/WORKSPACE_HYGIENE_AND_SEAL_2026-03-07_0711_757ae4d4c/raw/proof_packs_top_level_inventory.txt	LOCAL_ONLY_HISTORICAL	HISTORICAL_PROOFPACK_PATH	NO_BROAD_UNTRACKED_COMMIT_POLICY	historical proof-pack residue intentionally excluded from current isolated commit	KEEP_LOCAL
proof_packs/WORKSPACE_HYGIENE_AND_SEAL_2026-03-07_0711_757ae4d4c/raw/proof_pack_tracking_mode_sample.txt	LOCAL_ONLY_HISTORICAL	HISTORICAL_PROOFPACK_PATH	NO_BROAD_UNTRACKED_COMMIT_POLICY	historical proof-pack residue intentionally excluded from current isolated commit	KEEP_LOCAL
proof_packs/WORKSPACE_HYGIENE_AND_SEAL_2026-03-07_0711_757ae4d4c/raw/recheck_detect_recurrence.exit	LOCAL_ONLY_HISTORICAL	HISTORICAL_PROOFPACK_PATH	NO_BROAD_UNTRACKED_COMMIT_POLICY	historical proof-pack residue intentionally excluded from current isolated commit	KEEP_LOCAL
proof_packs/WORKSPACE_HYGIENE_AND_SEAL_2026-03-07_0711_757ae4d4c/raw/recheck_detect_recurrence.txt	LOCAL_ONLY_HISTORICAL	HISTORICAL_PROOFPACK_PATH	NO_BROAD_UNTRACKED_COMMIT_POLICY	historical proof-pack residue intentionally excluded from current isolated commit	KEEP_LOCAL
proof_packs/WORKSPACE_HYGIENE_AND_SEAL_2026-03-07_0711_757ae4d4c/raw/recheck_verify_instructions.exit	LOCAL_ONLY_HISTORICAL	HISTORICAL_PROOFPACK_PATH	NO_BROAD_UNTRACKED_COMMIT_POLICY	historical proof-pack residue intentionally excluded from current isolated commit	KEEP_LOCAL
proof_packs/WORKSPACE_HYGIENE_AND_SEAL_2026-03-07_0711_757ae4d4c/raw/recheck_verify_instructions.txt	LOCAL_ONLY_HISTORICAL	HISTORICAL_PROOFPACK_PATH	NO_BROAD_UNTRACKED_COMMIT_POLICY	historical proof-pack residue intentionally excluded from current isolated commit	KEEP_LOCAL
proof_packs/WORKSPACE_HYGIENE_AND_SEAL_2026-03-07_0711_757ae4d4c/raw/run-p10-desktop-cert.sh	LOCAL_ONLY_HISTORICAL	HISTORICAL_PROOFPACK_PATH	NO_BROAD_UNTRACKED_COMMIT_POLICY	historical proof-pack residue intentionally excluded from current isolated commit	KEEP_LOCAL
proof_packs/WORKSPACE_HYGIENE_AND_SEAL_2026-03-07_0711_757ae4d4c/raw/size__proof_packs__POST_MERGE_VALIDATION_2026-03-07_757ae4d4c__.txt	LOCAL_ONLY_HISTORICAL	HISTORICAL_PROOFPACK_PATH	NO_BROAD_UNTRACKED_COMMIT_POLICY	historical proof-pack residue intentionally excluded from current isolated commit	KEEP_LOCAL
proof_packs/WORKSPACE_HYGIENE_AND_SEAL_2026-03-07_0711_757ae4d4c/raw/size__proof_packs__PR_CI_UNBLOCK_2026-03-06_1847_5a48aa005__.txt	LOCAL_ONLY_HISTORICAL	HISTORICAL_PROOFPACK_PATH	NO_BROAD_UNTRACKED_COMMIT_POLICY	historical proof-pack residue intentionally excluded from current isolated commit	KEEP_LOCAL
proof_packs/WORKSPACE_HYGIENE_AND_SEAL_2026-03-07_0711_757ae4d4c/raw/size__proof_packs__PR_MAIN_SEAL_READINESS_2026-03-06_1752_5a48aa005__.txt	LOCAL_ONLY_HISTORICAL	HISTORICAL_PROOFPACK_PATH	NO_BROAD_UNTRACKED_COMMIT_POLICY	historical proof-pack residue intentionally excluded from current isolated commit	KEEP_LOCAL
proof_packs/WORKSPACE_HYGIENE_AND_SEAL_2026-03-07_0711_757ae4d4c/raw/size__proof_packs__UI_E2E_TOTAL_2026-03-06_1646_5a48aa005__.txt	LOCAL_ONLY_HISTORICAL	HISTORICAL_PROOFPACK_PATH	NO_BROAD_UNTRACKED_COMMIT_POLICY	historical proof-pack residue intentionally excluded from current isolated commit	KEEP_LOCAL
proof_packs/WORKSPACE_HYGIENE_AND_SEAL_2026-03-07_0711_757ae4d4c/raw/size__proof_packs__WORKSPACE_HYGIENE_AND_SEAL_2026-03-07_0711_757ae4d4c__.txt	LOCAL_ONLY_HISTORICAL	HISTORICAL_PROOFPACK_PATH	NO_BROAD_UNTRACKED_COMMIT_POLICY	historical proof-pack residue intentionally excluded from current isolated commit	KEEP_LOCAL
proof_packs/WORKSPACE_HYGIENE_AND_SEAL_2026-03-07_0711_757ae4d4c/raw/untracked_proof_packs_from_git_status.txt	LOCAL_ONLY_HISTORICAL	HISTORICAL_PROOFPACK_PATH	NO_BROAD_UNTRACKED_COMMIT_POLICY	historical proof-pack residue intentionally excluded from current isolated commit	KEEP_LOCAL
proof_packs/WORKSPACE_HYGIENE_AND_SEAL_2026-03-07_0711_757ae4d4c/ROLLBACK.md	LOCAL_ONLY_HISTORICAL	HISTORICAL_PROOFPACK_PATH	NO_BROAD_UNTRACKED_COMMIT_POLICY	historical proof-pack residue intentionally excluded from current isolated commit	KEEP_LOCAL
proof_packs/WORKSPACE_HYGIENE_AND_SEAL_2026-03-07_0711_757ae4d4c/VERDICT.md	LOCAL_ONLY_HISTORICAL	HISTORICAL_PROOFPACK_PATH	NO_BROAD_UNTRACKED_COMMIT_POLICY	historical proof-pack residue intentionally excluded from current isolated commit	KEEP_LOCAL
