path	size_bytes	classification	role	reason	authority_source	safe_action	role_reason	top_pack_dir
proof_packs/ARCHIVE_POINTER_MANIFEST_2026-03-07_1651_f5819cee9.md	781	EXCLUDED_BY_POLICY	CURRENT_MANIFEST_PATH	top-level governance policy/manifest docs are explicit policy artifacts, not proof-pack payload directories	historical residue policy doc classification rule	HOLD	name/path indicates manifest material	proof_packs/ARCHIVE_POINTER_MANIFEST_2026-03-07_1651_f5819cee9.md/
proof_packs/AUTHORIZED_TRIGGER_ACTIVATION_2026-03-07_0838_757ae4d4c/00_EXEC_SUMMARY.md	851	LOCAL_ONLY_HISTORICAL	HISTORICAL_PROOFPACK_PATH	pack directory is indexed as historical/local-only governed residue	registry/proofpack-index.jsonl existing governance entry	KEEP_LOCAL_AS_GOVERNED	default proof-pack path	proof_packs/AUTHORIZED_TRIGGER_ACTIVATION_2026-03-07_0838_757ae4d4c/
proof_packs/AUTHORIZED_TRIGGER_ACTIVATION_2026-03-07_0838_757ae4d4c/01_BOOTSTRAP.md	971	LOCAL_ONLY_HISTORICAL	HISTORICAL_PROOFPACK_PATH	pack directory is indexed as historical/local-only governed residue	registry/proofpack-index.jsonl existing governance entry	KEEP_LOCAL_AS_GOVERNED	default proof-pack path	proof_packs/AUTHORIZED_TRIGGER_ACTIVATION_2026-03-07_0838_757ae4d4c/
proof_packs/AUTHORIZED_TRIGGER_ACTIVATION_2026-03-07_0838_757ae4d4c/02_BASELINE_REFERENCE.md	976	LOCAL_ONLY_HISTORICAL	HISTORICAL_PROOFPACK_PATH	pack directory is indexed as historical/local-only governed residue	registry/proofpack-index.jsonl existing governance entry	KEEP_LOCAL_AS_GOVERNED	default proof-pack path	proof_packs/AUTHORIZED_TRIGGER_ACTIVATION_2026-03-07_0838_757ae4d4c/
proof_packs/AUTHORIZED_TRIGGER_ACTIVATION_2026-03-07_0838_757ae4d4c/03_TRIGGER_CAPTURE.md	653	LOCAL_ONLY_HISTORICAL	HISTORICAL_PROOFPACK_PATH	pack directory is indexed as historical/local-only governed residue	registry/proofpack-index.jsonl existing governance entry	KEEP_LOCAL_AS_GOVERNED	default proof-pack path	proof_packs/AUTHORIZED_TRIGGER_ACTIVATION_2026-03-07_0838_757ae4d4c/
proof_packs/AUTHORIZED_TRIGGER_ACTIVATION_2026-03-07_0838_757ae4d4c/04_THRESHOLD_VALIDATION.md	1290	LOCAL_ONLY_HISTORICAL	HISTORICAL_PROOFPACK_PATH	pack directory is indexed as historical/local-only governed residue	registry/proofpack-index.jsonl existing governance entry	KEEP_LOCAL_AS_GOVERNED	default proof-pack path	proof_packs/AUTHORIZED_TRIGGER_ACTIVATION_2026-03-07_0838_757ae4d4c/
proof_packs/AUTHORIZED_TRIGGER_ACTIVATION_2026-03-07_0838_757ae4d4c/05_TRIGGER_CLASSIFICATION.md	566	LOCAL_ONLY_HISTORICAL	HISTORICAL_PROOFPACK_PATH	pack directory is indexed as historical/local-only governed residue	registry/proofpack-index.jsonl existing governance entry	KEEP_LOCAL_AS_GOVERNED	default proof-pack path	proof_packs/AUTHORIZED_TRIGGER_ACTIVATION_2026-03-07_0838_757ae4d4c/
proof_packs/AUTHORIZED_TRIGGER_ACTIVATION_2026-03-07_0838_757ae4d4c/06_DELTA_SCOPE.md	631	LOCAL_ONLY_HISTORICAL	HISTORICAL_PROOFPACK_PATH	pack directory is indexed as historical/local-only governed residue	registry/proofpack-index.jsonl existing governance entry	KEEP_LOCAL_AS_GOVERNED	default proof-pack path	proof_packs/AUTHORIZED_TRIGGER_ACTIVATION_2026-03-07_0838_757ae4d4c/
proof_packs/AUTHORIZED_TRIGGER_ACTIVATION_2026-03-07_0838_757ae4d4c/07_ALLOWED_WAKE_PATH.md	693	LOCAL_ONLY_HISTORICAL	HISTORICAL_PROOFPACK_PATH	pack directory is indexed as historical/local-only governed residue	registry/proofpack-index.jsonl existing governance entry	KEEP_LOCAL_AS_GOVERNED	default proof-pack path	proof_packs/AUTHORIZED_TRIGGER_ACTIVATION_2026-03-07_0838_757ae4d4c/
proof_packs/AUTHORIZED_TRIGGER_ACTIVATION_2026-03-07_0838_757ae4d4c/08_RESIDUAL_RISKS.md	1341	LOCAL_ONLY_HISTORICAL	HISTORICAL_PROOFPACK_PATH	pack directory is indexed as historical/local-only governed residue	registry/proofpack-index.jsonl existing governance entry	KEEP_LOCAL_AS_GOVERNED	default proof-pack path	proof_packs/AUTHORIZED_TRIGGER_ACTIVATION_2026-03-07_0838_757ae4d4c/
proof_packs/AUTHORIZED_TRIGGER_ACTIVATION_2026-03-07_0838_757ae4d4c/09_ACTIVATION_DECISION.md	1075	LOCAL_ONLY_HISTORICAL	HISTORICAL_PROOFPACK_PATH	pack directory is indexed as historical/local-only governed residue	registry/proofpack-index.jsonl existing governance entry	KEEP_LOCAL_AS_GOVERNED	default proof-pack path	proof_packs/AUTHORIZED_TRIGGER_ACTIVATION_2026-03-07_0838_757ae4d4c/
proof_packs/AUTHORIZED_TRIGGER_ACTIVATION_2026-03-07_0838_757ae4d4c/ROLLBACK.md	214	LOCAL_ONLY_HISTORICAL	HISTORICAL_PROOFPACK_PATH	pack directory is indexed as historical/local-only governed residue	registry/proofpack-index.jsonl existing governance entry	KEEP_LOCAL_AS_GOVERNED	default proof-pack path	proof_packs/AUTHORIZED_TRIGGER_ACTIVATION_2026-03-07_0838_757ae4d4c/
proof_packs/AUTHORIZED_TRIGGER_ACTIVATION_2026-03-07_0838_757ae4d4c/VERDICT.md	196	LOCAL_ONLY_HISTORICAL	HISTORICAL_PROOFPACK_PATH	pack directory is indexed as historical/local-only governed residue	registry/proofpack-index.jsonl existing governance entry	KEEP_LOCAL_AS_GOVERNED	default proof-pack path	proof_packs/AUTHORIZED_TRIGGER_ACTIVATION_2026-03-07_0838_757ae4d4c/
proof_packs/AUTHORIZED_TRIGGER_ACTIVATION_2026-03-07_0838_757ae4d4c/raw/bootstrap_summary.txt	275	LOCAL_ONLY_HISTORICAL	TEMPORARY_RAW_LOG_PATH	pack directory is indexed as historical/local-only governed residue	registry/proofpack-index.jsonl existing governance entry	KEEP_LOCAL_AS_GOVERNED	contains /raw/ execution evidence	proof_packs/AUTHORIZED_TRIGGER_ACTIVATION_2026-03-07_0838_757ae4d4c/
proof_packs/AUTHORIZED_TRIGGER_ACTIVATION_2026-03-07_0838_757ae4d4c/raw/check_baseline_757ae4d4c_from_idle.txt	32	LOCAL_ONLY_HISTORICAL	TEMPORARY_RAW_LOG_PATH	pack directory is indexed as historical/local-only governed residue	registry/proofpack-index.jsonl existing governance entry	KEEP_LOCAL_AS_GOVERNED	contains /raw/ execution evidence	proof_packs/AUTHORIZED_TRIGGER_ACTIVATION_2026-03-07_0838_757ae4d4c/
proof_packs/AUTHORIZED_TRIGGER_ACTIVATION_2026-03-07_0838_757ae4d4c/raw/check_baseline_757ae4d4c_from_sentinel.txt	32	LOCAL_ONLY_HISTORICAL	TEMPORARY_RAW_LOG_PATH	pack directory is indexed as historical/local-only governed residue	registry/proofpack-index.jsonl existing governance entry	KEEP_LOCAL_AS_GOVERNED	contains /raw/ execution evidence	proof_packs/AUTHORIZED_TRIGGER_ACTIVATION_2026-03-07_0838_757ae4d4c/
proof_packs/AUTHORIZED_TRIGGER_ACTIVATION_2026-03-07_0838_757ae4d4c/raw/check_baseline_757ae4d4c_from_wake.txt	32	LOCAL_ONLY_HISTORICAL	TEMPORARY_RAW_LOG_PATH	pack directory is indexed as historical/local-only governed residue	registry/proofpack-index.jsonl existing governance entry	KEEP_LOCAL_AS_GOVERNED	contains /raw/ execution evidence	proof_packs/AUTHORIZED_TRIGGER_ACTIVATION_2026-03-07_0838_757ae4d4c/
proof_packs/AUTHORIZED_TRIGGER_ACTIVATION_2026-03-07_0838_757ae4d4c/raw/check_state_governed_idle_confirmed.txt	42	LOCAL_ONLY_HISTORICAL	TEMPORARY_RAW_LOG_PATH	pack directory is indexed as historical/local-only governed residue	registry/proofpack-index.jsonl existing governance entry	KEEP_LOCAL_AS_GOVERNED	contains /raw/ execution evidence	proof_packs/AUTHORIZED_TRIGGER_ACTIVATION_2026-03-07_0838_757ae4d4c/
proof_packs/AUTHORIZED_TRIGGER_ACTIVATION_2026-03-07_0838_757ae4d4c/raw/check_state_standby_confirmed.txt	36	LOCAL_ONLY_HISTORICAL	TEMPORARY_RAW_LOG_PATH	pack directory is indexed as historical/local-only governed residue	registry/proofpack-index.jsonl existing governance entry	KEEP_LOCAL_AS_GOVERNED	contains /raw/ execution evidence	proof_packs/AUTHORIZED_TRIGGER_ACTIVATION_2026-03-07_0838_757ae4d4c/
proof_packs/AUTHORIZED_TRIGGER_ACTIVATION_2026-03-07_0838_757ae4d4c/raw/check_state_wake_protocol_ready.txt	38	LOCAL_ONLY_HISTORICAL	TEMPORARY_RAW_LOG_PATH	pack directory is indexed as historical/local-only governed residue	registry/proofpack-index.jsonl existing governance entry	KEEP_LOCAL_AS_GOVERNED	contains /raw/ execution evidence	proof_packs/AUTHORIZED_TRIGGER_ACTIVATION_2026-03-07_0838_757ae4d4c/
proof_packs/AUTHORIZED_TRIGGER_ACTIVATION_2026-03-07_0838_757ae4d4c/raw/git_branch_show_current.txt	5	LOCAL_ONLY_HISTORICAL	TEMPORARY_RAW_LOG_PATH	pack directory is indexed as historical/local-only governed residue	registry/proofpack-index.jsonl existing governance entry	KEEP_LOCAL_AS_GOVERNED	contains /raw/ execution evidence	proof_packs/AUTHORIZED_TRIGGER_ACTIVATION_2026-03-07_0838_757ae4d4c/
proof_packs/AUTHORIZED_TRIGGER_ACTIVATION_2026-03-07_0838_757ae4d4c/raw/git_rev_parse_short.txt	10	LOCAL_ONLY_HISTORICAL	TEMPORARY_RAW_LOG_PATH	pack directory is indexed as historical/local-only governed residue	registry/proofpack-index.jsonl existing governance entry	KEEP_LOCAL_AS_GOVERNED	contains /raw/ execution evidence	proof_packs/AUTHORIZED_TRIGGER_ACTIVATION_2026-03-07_0838_757ae4d4c/
proof_packs/AUTHORIZED_TRIGGER_ACTIVATION_2026-03-07_0838_757ae4d4c/raw/git_status_short.txt	982	LOCAL_ONLY_HISTORICAL	TEMPORARY_RAW_LOG_PATH	pack directory is indexed as historical/local-only governed residue	registry/proofpack-index.jsonl existing governance entry	KEEP_LOCAL_AS_GOVERNED	contains /raw/ execution evidence	proof_packs/AUTHORIZED_TRIGGER_ACTIVATION_2026-03-07_0838_757ae4d4c/
proof_packs/AUTHORIZED_TRIGGER_ACTIVATION_2026-03-07_0838_757ae4d4c/raw/reference_idle_pack.txt	60	LOCAL_ONLY_HISTORICAL	TEMPORARY_RAW_LOG_PATH	pack directory is indexed as historical/local-only governed residue	registry/proofpack-index.jsonl existing governance entry	KEEP_LOCAL_AS_GOVERNED	contains /raw/ execution evidence	proof_packs/AUTHORIZED_TRIGGER_ACTIVATION_2026-03-07_0838_757ae4d4c/
proof_packs/AUTHORIZED_TRIGGER_ACTIVATION_2026-03-07_0838_757ae4d4c/raw/reference_sentinel_pack.txt	60	LOCAL_ONLY_HISTORICAL	TEMPORARY_RAW_LOG_PATH	pack directory is indexed as historical/local-only governed residue	registry/proofpack-index.jsonl existing governance entry	KEEP_LOCAL_AS_GOVERNED	contains /raw/ execution evidence	proof_packs/AUTHORIZED_TRIGGER_ACTIVATION_2026-03-07_0838_757ae4d4c/
proof_packs/AUTHORIZED_TRIGGER_ACTIVATION_2026-03-07_0838_757ae4d4c/raw/reference_wake_pack.txt	64	LOCAL_ONLY_HISTORICAL	TEMPORARY_RAW_LOG_PATH	pack directory is indexed as historical/local-only governed residue	registry/proofpack-index.jsonl existing governance entry	KEEP_LOCAL_AS_GOVERNED	contains /raw/ execution evidence	proof_packs/AUTHORIZED_TRIGGER_ACTIVATION_2026-03-07_0838_757ae4d4c/
proof_packs/AUTHORIZED_TRIGGER_ACTIVATION_2026-03-07_0838_757ae4d4c/raw/trigger_signal_capture.txt	369	LOCAL_ONLY_HISTORICAL	TEMPORARY_RAW_LOG_PATH	pack directory is indexed as historical/local-only governed residue	registry/proofpack-index.jsonl existing governance entry	KEEP_LOCAL_AS_GOVERNED	contains /raw/ execution evidence	proof_packs/AUTHORIZED_TRIGGER_ACTIVATION_2026-03-07_0838_757ae4d4c/
proof_packs/AUTHORIZED_TRIGGER_ACTIVATION_2026-03-07_0838_757ae4d4c/raw/trigger_signal_origin_current_idle_signals.txt	232	LOCAL_ONLY_HISTORICAL	TEMPORARY_RAW_LOG_PATH	pack directory is indexed as historical/local-only governed residue	registry/proofpack-index.jsonl existing governance entry	KEEP_LOCAL_AS_GOVERNED	contains /raw/ execution evidence	proof_packs/AUTHORIZED_TRIGGER_ACTIVATION_2026-03-07_0838_757ae4d4c/
proof_packs/AUTHORIZED_TRIGGER_ACTIVATION_2026-03-07_0838_757ae4d4c/raw/wake_path_mapping_reference.md	1561	LOCAL_ONLY_HISTORICAL	TEMPORARY_RAW_LOG_PATH	pack directory is indexed as historical/local-only governed residue	registry/proofpack-index.jsonl existing governance entry	KEEP_LOCAL_AS_GOVERNED	contains /raw/ execution evidence	proof_packs/AUTHORIZED_TRIGGER_ACTIVATION_2026-03-07_0838_757ae4d4c/
proof_packs/BASELINE_MONITOR_MODE_2026-03-07_1300_757ae4d4c/00_EXEC_SUMMARY.md	597	LOCAL_ONLY_HISTORICAL	HISTORICAL_PROOFPACK_PATH	pack directory is indexed as historical/local-only governed residue	registry/proofpack-index.jsonl existing governance entry	KEEP_LOCAL_AS_GOVERNED	default proof-pack path	proof_packs/BASELINE_MONITOR_MODE_2026-03-07_1300_757ae4d4c/
proof_packs/BASELINE_MONITOR_MODE_2026-03-07_1300_757ae4d4c/01_BOOTSTRAP.md	655	LOCAL_ONLY_HISTORICAL	HISTORICAL_PROOFPACK_PATH	pack directory is indexed as historical/local-only governed residue	registry/proofpack-index.jsonl existing governance entry	KEEP_LOCAL_AS_GOVERNED	default proof-pack path	proof_packs/BASELINE_MONITOR_MODE_2026-03-07_1300_757ae4d4c/
proof_packs/BASELINE_MONITOR_MODE_2026-03-07_1300_757ae4d4c/02_BASELINE_REFERENCE.md	576	LOCAL_ONLY_HISTORICAL	HISTORICAL_PROOFPACK_PATH	pack directory is indexed as historical/local-only governed residue	registry/proofpack-index.jsonl existing governance entry	KEEP_LOCAL_AS_GOVERNED	default proof-pack path	proof_packs/BASELINE_MONITOR_MODE_2026-03-07_1300_757ae4d4c/
proof_packs/BASELINE_MONITOR_MODE_2026-03-07_1300_757ae4d4c/03_WORKSPACE_MONITOR.md	519	LOCAL_ONLY_HISTORICAL	HISTORICAL_PROOFPACK_PATH	pack directory is indexed as historical/local-only governed residue	registry/proofpack-index.jsonl existing governance entry	KEEP_LOCAL_AS_GOVERNED	default proof-pack path	proof_packs/BASELINE_MONITOR_MODE_2026-03-07_1300_757ae4d4c/
proof_packs/BASELINE_MONITOR_MODE_2026-03-07_1300_757ae4d4c/04_CI_MONITOR.md	461	LOCAL_ONLY_HISTORICAL	HISTORICAL_PROOFPACK_PATH	pack directory is indexed as historical/local-only governed residue	registry/proofpack-index.jsonl existing governance entry	KEEP_LOCAL_AS_GOVERNED	default proof-pack path	proof_packs/BASELINE_MONITOR_MODE_2026-03-07_1300_757ae4d4c/
proof_packs/BASELINE_MONITOR_MODE_2026-03-07_1300_757ae4d4c/05_ENTRY_SIGNAL_MONITOR.md	448	LOCAL_ONLY_HISTORICAL	HISTORICAL_PROOFPACK_PATH	pack directory is indexed as historical/local-only governed residue	registry/proofpack-index.jsonl existing governance entry	KEEP_LOCAL_AS_GOVERNED	default proof-pack path	proof_packs/BASELINE_MONITOR_MODE_2026-03-07_1300_757ae4d4c/
proof_packs/BASELINE_MONITOR_MODE_2026-03-07_1300_757ae4d4c/06_DRIFT_CHECK.md	396	LOCAL_ONLY_HISTORICAL	HISTORICAL_PROOFPACK_PATH	pack directory is indexed as historical/local-only governed residue	registry/proofpack-index.jsonl existing governance entry	KEEP_LOCAL_AS_GOVERNED	default proof-pack path	proof_packs/BASELINE_MONITOR_MODE_2026-03-07_1300_757ae4d4c/
proof_packs/BASELINE_MONITOR_MODE_2026-03-07_1300_757ae4d4c/07_MONITOR_DECISION.md	608	LOCAL_ONLY_HISTORICAL	HISTORICAL_PROOFPACK_PATH	pack directory is indexed as historical/local-only governed residue	registry/proofpack-index.jsonl existing governance entry	KEEP_LOCAL_AS_GOVERNED	default proof-pack path	proof_packs/BASELINE_MONITOR_MODE_2026-03-07_1300_757ae4d4c/
proof_packs/BASELINE_MONITOR_MODE_2026-03-07_1300_757ae4d4c/ROLLBACK.md	193	LOCAL_ONLY_HISTORICAL	HISTORICAL_PROOFPACK_PATH	pack directory is indexed as historical/local-only governed residue	registry/proofpack-index.jsonl existing governance entry	KEEP_LOCAL_AS_GOVERNED	default proof-pack path	proof_packs/BASELINE_MONITOR_MODE_2026-03-07_1300_757ae4d4c/
proof_packs/BASELINE_MONITOR_MODE_2026-03-07_1300_757ae4d4c/VERDICT.md	101	LOCAL_ONLY_HISTORICAL	HISTORICAL_PROOFPACK_PATH	pack directory is indexed as historical/local-only governed residue	registry/proofpack-index.jsonl existing governance entry	KEEP_LOCAL_AS_GOVERNED	default proof-pack path	proof_packs/BASELINE_MONITOR_MODE_2026-03-07_1300_757ae4d4c/
proof_packs/BASELINE_MONITOR_MODE_2026-03-07_1300_757ae4d4c/raw/baseline_reference.txt	69	LOCAL_ONLY_HISTORICAL	TEMPORARY_RAW_LOG_PATH	pack directory is indexed as historical/local-only governed residue	registry/proofpack-index.jsonl existing governance entry	KEEP_LOCAL_AS_GOVERNED	contains /raw/ execution evidence	proof_packs/BASELINE_MONITOR_MODE_2026-03-07_1300_757ae4d4c/
proof_packs/BASELINE_MONITOR_MODE_2026-03-07_1300_757ae4d4c/raw/canon_DECLARATION.md	537	LOCAL_ONLY_HISTORICAL	TEMPORARY_RAW_LOG_PATH	pack directory is indexed as historical/local-only governed residue	registry/proofpack-index.jsonl existing governance entry	KEEP_LOCAL_AS_GOVERNED	contains /raw/ execution evidence	proof_packs/BASELINE_MONITOR_MODE_2026-03-07_1300_757ae4d4c/
proof_packs/BASELINE_MONITOR_MODE_2026-03-07_1300_757ae4d4c/raw/canon_VERDICT.md	158	LOCAL_ONLY_HISTORICAL	TEMPORARY_RAW_LOG_PATH	pack directory is indexed as historical/local-only governed residue	registry/proofpack-index.jsonl existing governance entry	KEEP_LOCAL_AS_GOVERNED	contains /raw/ execution evidence	proof_packs/BASELINE_MONITOR_MODE_2026-03-07_1300_757ae4d4c/
proof_packs/BASELINE_MONITOR_MODE_2026-03-07_1300_757ae4d4c/raw/ci_monitor_metrics.txt	74	LOCAL_ONLY_HISTORICAL	TEMPORARY_RAW_LOG_PATH	pack directory is indexed as historical/local-only governed residue	registry/proofpack-index.jsonl existing governance entry	KEEP_LOCAL_AS_GOVERNED	contains /raw/ execution evidence	proof_packs/BASELINE_MONITOR_MODE_2026-03-07_1300_757ae4d4c/
proof_packs/BASELINE_MONITOR_MODE_2026-03-07_1300_757ae4d4c/raw/ci_monitor_runs.json	5440	LOCAL_ONLY_HISTORICAL	TEMPORARY_RAW_LOG_PATH	pack directory is indexed as historical/local-only governed residue	registry/proofpack-index.jsonl existing governance entry	KEEP_LOCAL_AS_GOVERNED	contains /raw/ execution evidence	proof_packs/BASELINE_MONITOR_MODE_2026-03-07_1300_757ae4d4c/
proof_packs/BASELINE_MONITOR_MODE_2026-03-07_1300_757ae4d4c/raw/drift_check_metrics.txt	67	LOCAL_ONLY_HISTORICAL	TEMPORARY_RAW_LOG_PATH	pack directory is indexed as historical/local-only governed residue	registry/proofpack-index.jsonl existing governance entry	KEEP_LOCAL_AS_GOVERNED	contains /raw/ execution evidence	proof_packs/BASELINE_MONITOR_MODE_2026-03-07_1300_757ae4d4c/
proof_packs/BASELINE_MONITOR_MODE_2026-03-07_1300_757ae4d4c/raw/entry_gate_VERDICT.md	203	LOCAL_ONLY_HISTORICAL	TEMPORARY_RAW_LOG_PATH	pack directory is indexed as historical/local-only governed residue	registry/proofpack-index.jsonl existing governance entry	KEEP_LOCAL_AS_GOVERNED	contains /raw/ execution evidence	proof_packs/BASELINE_MONITOR_MODE_2026-03-07_1300_757ae4d4c/
proof_packs/BASELINE_MONITOR_MODE_2026-03-07_1300_757ae4d4c/raw/entry_signal_monitor.txt	230	LOCAL_ONLY_HISTORICAL	TEMPORARY_RAW_LOG_PATH	pack directory is indexed as historical/local-only governed residue	registry/proofpack-index.jsonl existing governance entry	KEEP_LOCAL_AS_GOVERNED	contains /raw/ execution evidence	proof_packs/BASELINE_MONITOR_MODE_2026-03-07_1300_757ae4d4c/
proof_packs/BASELINE_MONITOR_MODE_2026-03-07_1300_757ae4d4c/raw/git_branch_show_current.txt	5	LOCAL_ONLY_HISTORICAL	TEMPORARY_RAW_LOG_PATH	pack directory is indexed as historical/local-only governed residue	registry/proofpack-index.jsonl existing governance entry	KEEP_LOCAL_AS_GOVERNED	contains /raw/ execution evidence	proof_packs/BASELINE_MONITOR_MODE_2026-03-07_1300_757ae4d4c/
proof_packs/BASELINE_MONITOR_MODE_2026-03-07_1300_757ae4d4c/raw/git_log_10_oneline.txt	714	LOCAL_ONLY_HISTORICAL	TEMPORARY_RAW_LOG_PATH	pack directory is indexed as historical/local-only governed residue	registry/proofpack-index.jsonl existing governance entry	KEEP_LOCAL_AS_GOVERNED	contains /raw/ execution evidence	proof_packs/BASELINE_MONITOR_MODE_2026-03-07_1300_757ae4d4c/
proof_packs/BASELINE_MONITOR_MODE_2026-03-07_1300_757ae4d4c/raw/git_rev_parse_short.txt	10	LOCAL_ONLY_HISTORICAL	TEMPORARY_RAW_LOG_PATH	pack directory is indexed as historical/local-only governed residue	registry/proofpack-index.jsonl existing governance entry	KEEP_LOCAL_AS_GOVERNED	contains /raw/ execution evidence	proof_packs/BASELINE_MONITOR_MODE_2026-03-07_1300_757ae4d4c/
proof_packs/BASELINE_MONITOR_MODE_2026-03-07_1300_757ae4d4c/raw/git_status_short.txt	714	LOCAL_ONLY_HISTORICAL	TEMPORARY_RAW_LOG_PATH	pack directory is indexed as historical/local-only governed residue	registry/proofpack-index.jsonl existing governance entry	KEEP_LOCAL_AS_GOVERNED	contains /raw/ execution evidence	proof_packs/BASELINE_MONITOR_MODE_2026-03-07_1300_757ae4d4c/
proof_packs/BASELINE_MONITOR_MODE_2026-03-07_1300_757ae4d4c/raw/monitor_decision_eval.txt	133	LOCAL_ONLY_HISTORICAL	TEMPORARY_RAW_LOG_PATH	pack directory is indexed as historical/local-only governed residue	registry/proofpack-index.jsonl existing governance entry	KEEP_LOCAL_AS_GOVERNED	contains /raw/ execution evidence	proof_packs/BASELINE_MONITOR_MODE_2026-03-07_1300_757ae4d4c/
proof_packs/BASELINE_MONITOR_MODE_2026-03-07_1300_757ae4d4c/raw/workspace_monitor_metrics.txt	106	LOCAL_ONLY_HISTORICAL	TEMPORARY_RAW_LOG_PATH	pack directory is indexed as historical/local-only governed residue	registry/proofpack-index.jsonl existing governance entry	KEEP_LOCAL_AS_GOVERNED	contains /raw/ execution evidence	proof_packs/BASELINE_MONITOR_MODE_2026-03-07_1300_757ae4d4c/
proof_packs/COMMIT_BOUNDARY_2026-03-07_1602_0af062e88/00_EXEC_SUMMARY.md	767	LOCAL_ONLY_HISTORICAL	HISTORICAL_PROOFPACK_PATH	pack directory is indexed as historical/local-only governed residue	registry/proofpack-index.jsonl existing governance entry	KEEP_LOCAL_AS_GOVERNED	default proof-pack path	proof_packs/COMMIT_BOUNDARY_2026-03-07_1602_0af062e88/
proof_packs/COMMIT_BOUNDARY_2026-03-07_1602_0af062e88/01_BOOTSTRAP.md	736	LOCAL_ONLY_HISTORICAL	HISTORICAL_PROOFPACK_PATH	pack directory is indexed as historical/local-only governed residue	registry/proofpack-index.jsonl existing governance entry	KEEP_LOCAL_AS_GOVERNED	default proof-pack path	proof_packs/COMMIT_BOUNDARY_2026-03-07_1602_0af062e88/
proof_packs/COMMIT_BOUNDARY_2026-03-07_1602_0af062e88/02_SCOPE_FREEZE.md	569	LOCAL_ONLY_HISTORICAL	HISTORICAL_PROOFPACK_PATH	pack directory is indexed as historical/local-only governed residue	registry/proofpack-index.jsonl existing governance entry	KEEP_LOCAL_AS_GOVERNED	default proof-pack path	proof_packs/COMMIT_BOUNDARY_2026-03-07_1602_0af062e88/
proof_packs/COMMIT_BOUNDARY_2026-03-07_1602_0af062e88/03_BOUNDARY_SOURCE_LOAD.md	1107	LOCAL_ONLY_HISTORICAL	HISTORICAL_PROOFPACK_PATH	pack directory is indexed as historical/local-only governed residue	registry/proofpack-index.jsonl existing governance entry	KEEP_LOCAL_AS_GOVERNED	default proof-pack path	proof_packs/COMMIT_BOUNDARY_2026-03-07_1602_0af062e88/
proof_packs/COMMIT_BOUNDARY_2026-03-07_1602_0af062e88/04_DIRTY_PATH_BUCKET_MAP.md	877	LOCAL_ONLY_HISTORICAL	HISTORICAL_PROOFPACK_PATH	pack directory is indexed as historical/local-only governed residue	registry/proofpack-index.jsonl existing governance entry	KEEP_LOCAL_AS_GOVERNED	default proof-pack path	proof_packs/COMMIT_BOUNDARY_2026-03-07_1602_0af062e88/
proof_packs/COMMIT_BOUNDARY_2026-03-07_1602_0af062e88/05_STAGE_DRY_RUN_PROOF.md	589	LOCAL_ONLY_HISTORICAL	HISTORICAL_PROOFPACK_PATH	pack directory is indexed as historical/local-only governed residue	registry/proofpack-index.jsonl existing governance entry	KEEP_LOCAL_AS_GOVERNED	default proof-pack path	proof_packs/COMMIT_BOUNDARY_2026-03-07_1602_0af062e88/
proof_packs/COMMIT_BOUNDARY_2026-03-07_1602_0af062e88/06_STAGING_EXECUTION.md	742	LOCAL_ONLY_HISTORICAL	HISTORICAL_PROOFPACK_PATH	pack directory is indexed as historical/local-only governed residue	registry/proofpack-index.jsonl existing governance entry	KEEP_LOCAL_AS_GOVERNED	default proof-pack path	proof_packs/COMMIT_BOUNDARY_2026-03-07_1602_0af062e88/
proof_packs/COMMIT_BOUNDARY_2026-03-07_1602_0af062e88/07_COMMIT_EXECUTION.md	737	LOCAL_ONLY_HISTORICAL	HISTORICAL_PROOFPACK_PATH	pack directory is indexed as historical/local-only governed residue	registry/proofpack-index.jsonl existing governance entry	KEEP_LOCAL_AS_GOVERNED	default proof-pack path	proof_packs/COMMIT_BOUNDARY_2026-03-07_1602_0af062e88/
proof_packs/COMMIT_BOUNDARY_2026-03-07_1602_0af062e88/08_READINESS_RECALC.md	1010	LOCAL_ONLY_HISTORICAL	HISTORICAL_PROOFPACK_PATH	pack directory is indexed as historical/local-only governed residue	registry/proofpack-index.jsonl existing governance entry	KEEP_LOCAL_AS_GOVERNED	default proof-pack path	proof_packs/COMMIT_BOUNDARY_2026-03-07_1602_0af062e88/
proof_packs/COMMIT_BOUNDARY_2026-03-07_1602_0af062e88/09_PUSH_READINESS.md	578	LOCAL_ONLY_HISTORICAL	HISTORICAL_PROOFPACK_PATH	pack directory is indexed as historical/local-only governed residue	registry/proofpack-index.jsonl existing governance entry	KEEP_LOCAL_AS_GOVERNED	default proof-pack path	proof_packs/COMMIT_BOUNDARY_2026-03-07_1602_0af062e88/
proof_packs/COMMIT_BOUNDARY_2026-03-07_1602_0af062e88/10_COUNTER_AUDIT.md	849	LOCAL_ONLY_HISTORICAL	HISTORICAL_PROOFPACK_PATH	pack directory is indexed as historical/local-only governed residue	registry/proofpack-index.jsonl existing governance entry	KEEP_LOCAL_AS_GOVERNED	default proof-pack path	proof_packs/COMMIT_BOUNDARY_2026-03-07_1602_0af062e88/
proof_packs/COMMIT_BOUNDARY_2026-03-07_1602_0af062e88/11_ROLLBACK.md	536	LOCAL_ONLY_HISTORICAL	HISTORICAL_PROOFPACK_PATH	pack directory is indexed as historical/local-only governed residue	registry/proofpack-index.jsonl existing governance entry	KEEP_LOCAL_AS_GOVERNED	default proof-pack path	proof_packs/COMMIT_BOUNDARY_2026-03-07_1602_0af062e88/
proof_packs/COMMIT_BOUNDARY_2026-03-07_1602_0af062e88/12_FINAL_VERDICT.md	901	LOCAL_ONLY_HISTORICAL	HISTORICAL_PROOFPACK_PATH	pack directory is indexed as historical/local-only governed residue	registry/proofpack-index.jsonl existing governance entry	KEEP_LOCAL_AS_GOVERNED	default proof-pack path	proof_packs/COMMIT_BOUNDARY_2026-03-07_1602_0af062e88/
proof_packs/COMMIT_BOUNDARY_2026-03-07_1602_0af062e88/NEXT_ACTION.md	181	LOCAL_ONLY_HISTORICAL	HISTORICAL_PROOFPACK_PATH	pack directory is indexed as historical/local-only governed residue	registry/proofpack-index.jsonl existing governance entry	KEEP_LOCAL_AS_GOVERNED	default proof-pack path	proof_packs/COMMIT_BOUNDARY_2026-03-07_1602_0af062e88/
proof_packs/COMMIT_BOUNDARY_2026-03-07_1602_0af062e88/ROOT_CAUSE.md	515	LOCAL_ONLY_HISTORICAL	HISTORICAL_PROOFPACK_PATH	pack directory is indexed as historical/local-only governed residue	registry/proofpack-index.jsonl existing governance entry	KEEP_LOCAL_AS_GOVERNED	default proof-pack path	proof_packs/COMMIT_BOUNDARY_2026-03-07_1602_0af062e88/
proof_packs/COMMIT_BOUNDARY_2026-03-07_1602_0af062e88/raw/bootstrap_utc.txt	21	LOCAL_ONLY_HISTORICAL	TEMPORARY_RAW_LOG_PATH	pack directory is indexed as historical/local-only governed residue	registry/proofpack-index.jsonl existing governance entry	KEEP_LOCAL_AS_GOVERNED	contains /raw/ execution evidence	proof_packs/COMMIT_BOUNDARY_2026-03-07_1602_0af062e88/
proof_packs/COMMIT_BOUNDARY_2026-03-07_1602_0af062e88/raw/commit_bucket_A.hash	10	LOCAL_ONLY_HISTORICAL	TEMPORARY_RAW_LOG_PATH	pack directory is indexed as historical/local-only governed residue	registry/proofpack-index.jsonl existing governance entry	KEEP_LOCAL_AS_GOVERNED	contains /raw/ execution evidence	proof_packs/COMMIT_BOUNDARY_2026-03-07_1602_0af062e88/
proof_packs/COMMIT_BOUNDARY_2026-03-07_1602_0af062e88/raw/commit_bucket_A.result	12	LOCAL_ONLY_HISTORICAL	TEMPORARY_RAW_LOG_PATH	pack directory is indexed as historical/local-only governed residue	registry/proofpack-index.jsonl existing governance entry	KEEP_LOCAL_AS_GOVERNED	contains /raw/ execution evidence	proof_packs/COMMIT_BOUNDARY_2026-03-07_1602_0af062e88/
proof_packs/COMMIT_BOUNDARY_2026-03-07_1602_0af062e88/raw/commit_bucket_A_changed_files.txt	4285	LOCAL_ONLY_HISTORICAL	TEMPORARY_RAW_LOG_PATH	pack directory is indexed as historical/local-only governed residue	registry/proofpack-index.jsonl existing governance entry	KEEP_LOCAL_AS_GOVERNED	contains /raw/ execution evidence	proof_packs/COMMIT_BOUNDARY_2026-03-07_1602_0af062e88/
proof_packs/COMMIT_BOUNDARY_2026-03-07_1602_0af062e88/raw/counter_audit_counts.env	340	LOCAL_ONLY_HISTORICAL	TEMPORARY_RAW_LOG_PATH	pack directory is indexed as historical/local-only governed residue	registry/proofpack-index.jsonl existing governance entry	KEEP_LOCAL_AS_GOVERNED	contains /raw/ execution evidence	proof_packs/COMMIT_BOUNDARY_2026-03-07_1602_0af062e88/
proof_packs/COMMIT_BOUNDARY_2026-03-07_1602_0af062e88/raw/counter_audit_inventory.env	277	LOCAL_ONLY_HISTORICAL	TEMPORARY_RAW_LOG_PATH	pack directory is indexed as historical/local-only governed residue	registry/proofpack-index.jsonl existing governance entry	KEEP_LOCAL_AS_GOVERNED	contains /raw/ execution evidence	proof_packs/COMMIT_BOUNDARY_2026-03-07_1602_0af062e88/
proof_packs/COMMIT_BOUNDARY_2026-03-07_1602_0af062e88/raw/dirty_path_bucket_map.tsv	5532	LOCAL_ONLY_HISTORICAL	TEMPORARY_RAW_LOG_PATH	pack directory is indexed as historical/local-only governed residue	registry/proofpack-index.jsonl existing governance entry	KEEP_LOCAL_AS_GOVERNED	contains /raw/ execution evidence	proof_packs/COMMIT_BOUNDARY_2026-03-07_1602_0af062e88/
proof_packs/COMMIT_BOUNDARY_2026-03-07_1602_0af062e88/raw/dirty_path_bucket_stats.env	79	LOCAL_ONLY_HISTORICAL	TEMPORARY_RAW_LOG_PATH	pack directory is indexed as historical/local-only governed residue	registry/proofpack-index.jsonl existing governance entry	KEEP_LOCAL_AS_GOVERNED	contains /raw/ execution evidence	proof_packs/COMMIT_BOUNDARY_2026-03-07_1602_0af062e88/
proof_packs/COMMIT_BOUNDARY_2026-03-07_1602_0af062e88/raw/final_head_short.txt	10	LOCAL_ONLY_HISTORICAL	TEMPORARY_RAW_LOG_PATH	pack directory is indexed as historical/local-only governed residue	registry/proofpack-index.jsonl existing governance entry	KEEP_LOCAL_AS_GOVERNED	contains /raw/ execution evidence	proof_packs/COMMIT_BOUNDARY_2026-03-07_1602_0af062e88/
proof_packs/COMMIT_BOUNDARY_2026-03-07_1602_0af062e88/raw/final_status_counts.env	214	LOCAL_ONLY_HISTORICAL	TEMPORARY_RAW_LOG_PATH	pack directory is indexed as historical/local-only governed residue	registry/proofpack-index.jsonl existing governance entry	KEEP_LOCAL_AS_GOVERNED	contains /raw/ execution evidence	proof_packs/COMMIT_BOUNDARY_2026-03-07_1602_0af062e88/
proof_packs/COMMIT_BOUNDARY_2026-03-07_1602_0af062e88/raw/final_status_sb.txt	2189	LOCAL_ONLY_HISTORICAL	TEMPORARY_RAW_LOG_PATH	pack directory is indexed as historical/local-only governed residue	registry/proofpack-index.jsonl existing governance entry	KEEP_LOCAL_AS_GOVERNED	contains /raw/ execution evidence	proof_packs/COMMIT_BOUNDARY_2026-03-07_1602_0af062e88/
proof_packs/COMMIT_BOUNDARY_2026-03-07_1602_0af062e88/raw/final_status_short.txt	2156	LOCAL_ONLY_HISTORICAL	TEMPORARY_RAW_LOG_PATH	pack directory is indexed as historical/local-only governed residue	registry/proofpack-index.jsonl existing governance entry	KEEP_LOCAL_AS_GOVERNED	contains /raw/ execution evidence	proof_packs/COMMIT_BOUNDARY_2026-03-07_1602_0af062e88/
proof_packs/COMMIT_BOUNDARY_2026-03-07_1602_0af062e88/raw/git_diff_cached_name_only.txt	0	LOCAL_ONLY_HISTORICAL	TEMPORARY_RAW_LOG_PATH	pack directory is indexed as historical/local-only governed residue	registry/proofpack-index.jsonl existing governance entry	KEEP_LOCAL_AS_GOVERNED	contains /raw/ execution evidence	proof_packs/COMMIT_BOUNDARY_2026-03-07_1602_0af062e88/
proof_packs/COMMIT_BOUNDARY_2026-03-07_1602_0af062e88/raw/git_diff_name_only.txt	352	LOCAL_ONLY_HISTORICAL	TEMPORARY_RAW_LOG_PATH	pack directory is indexed as historical/local-only governed residue	registry/proofpack-index.jsonl existing governance entry	KEEP_LOCAL_AS_GOVERNED	contains /raw/ execution evidence	proof_packs/COMMIT_BOUNDARY_2026-03-07_1602_0af062e88/
proof_packs/COMMIT_BOUNDARY_2026-03-07_1602_0af062e88/raw/git_log_20_oneline.txt	1318	LOCAL_ONLY_HISTORICAL	TEMPORARY_RAW_LOG_PATH	pack directory is indexed as historical/local-only governed residue	registry/proofpack-index.jsonl existing governance entry	KEEP_LOCAL_AS_GOVERNED	contains /raw/ execution evidence	proof_packs/COMMIT_BOUNDARY_2026-03-07_1602_0af062e88/
proof_packs/COMMIT_BOUNDARY_2026-03-07_1602_0af062e88/raw/git_rev_parse_short.txt	10	LOCAL_ONLY_HISTORICAL	TEMPORARY_RAW_LOG_PATH	pack directory is indexed as historical/local-only governed residue	registry/proofpack-index.jsonl existing governance entry	KEEP_LOCAL_AS_GOVERNED	contains /raw/ execution evidence	proof_packs/COMMIT_BOUNDARY_2026-03-07_1602_0af062e88/
proof_packs/COMMIT_BOUNDARY_2026-03-07_1602_0af062e88/raw/git_status.txt	2975	LOCAL_ONLY_HISTORICAL	TEMPORARY_RAW_LOG_PATH	pack directory is indexed as historical/local-only governed residue	registry/proofpack-index.jsonl existing governance entry	KEEP_LOCAL_AS_GOVERNED	contains /raw/ execution evidence	proof_packs/COMMIT_BOUNDARY_2026-03-07_1602_0af062e88/
proof_packs/COMMIT_BOUNDARY_2026-03-07_1602_0af062e88/raw/git_status_after_stage_bucket_A.txt	6606	LOCAL_ONLY_HISTORICAL	TEMPORARY_RAW_LOG_PATH	pack directory is indexed as historical/local-only governed residue	registry/proofpack-index.jsonl existing governance entry	KEEP_LOCAL_AS_GOVERNED	contains /raw/ execution evidence	proof_packs/COMMIT_BOUNDARY_2026-03-07_1602_0af062e88/
proof_packs/COMMIT_BOUNDARY_2026-03-07_1602_0af062e88/raw/git_status_short.txt	2321	LOCAL_ONLY_HISTORICAL	TEMPORARY_RAW_LOG_PATH	pack directory is indexed as historical/local-only governed residue	registry/proofpack-index.jsonl existing governance entry	KEEP_LOCAL_AS_GOVERNED	contains /raw/ execution evidence	proof_packs/COMMIT_BOUNDARY_2026-03-07_1602_0af062e88/
proof_packs/COMMIT_BOUNDARY_2026-03-07_1602_0af062e88/raw/post_commit_cached_names.txt	0	LOCAL_ONLY_HISTORICAL	TEMPORARY_RAW_LOG_PATH	pack directory is indexed as historical/local-only governed residue	registry/proofpack-index.jsonl existing governance entry	KEEP_LOCAL_AS_GOVERNED	contains /raw/ execution evidence	proof_packs/COMMIT_BOUNDARY_2026-03-07_1602_0af062e88/
proof_packs/COMMIT_BOUNDARY_2026-03-07_1602_0af062e88/raw/post_commit_status_sb.txt	2189	LOCAL_ONLY_HISTORICAL	TEMPORARY_RAW_LOG_PATH	pack directory is indexed as historical/local-only governed residue	registry/proofpack-index.jsonl existing governance entry	KEEP_LOCAL_AS_GOVERNED	contains /raw/ execution evidence	proof_packs/COMMIT_BOUNDARY_2026-03-07_1602_0af062e88/
proof_packs/COMMIT_BOUNDARY_2026-03-07_1602_0af062e88/raw/post_commit_status_short.txt	2156	LOCAL_ONLY_HISTORICAL	TEMPORARY_RAW_LOG_PATH	pack directory is indexed as historical/local-only governed residue	registry/proofpack-index.jsonl existing governance entry	KEEP_LOCAL_AS_GOVERNED	contains /raw/ execution evidence	proof_packs/COMMIT_BOUNDARY_2026-03-07_1602_0af062e88/
proof_packs/COMMIT_BOUNDARY_2026-03-07_1602_0af062e88/raw/post_commit_status_short_fresh.txt	2156	LOCAL_ONLY_HISTORICAL	TEMPORARY_RAW_LOG_PATH	pack directory is indexed as historical/local-only governed residue	registry/proofpack-index.jsonl existing governance entry	KEEP_LOCAL_AS_GOVERNED	contains /raw/ execution evidence	proof_packs/COMMIT_BOUNDARY_2026-03-07_1602_0af062e88/
proof_packs/COMMIT_BOUNDARY_2026-03-07_1602_0af062e88/raw/postboundary_gate_results.env	232	LOCAL_ONLY_HISTORICAL	TEMPORARY_RAW_LOG_PATH	pack directory is indexed as historical/local-only governed residue	registry/proofpack-index.jsonl existing governance entry	KEEP_LOCAL_AS_GOVERNED	contains /raw/ execution evidence	proof_packs/COMMIT_BOUNDARY_2026-03-07_1602_0af062e88/
proof_packs/COMMIT_BOUNDARY_2026-03-07_1602_0af062e88/raw/push_readiness_branch.env	12	LOCAL_ONLY_HISTORICAL	TEMPORARY_RAW_LOG_PATH	pack directory is indexed as historical/local-only governed residue	registry/proofpack-index.jsonl existing governance entry	KEEP_LOCAL_AS_GOVERNED	contains /raw/ execution evidence	proof_packs/COMMIT_BOUNDARY_2026-03-07_1602_0af062e88/
proof_packs/COMMIT_BOUNDARY_2026-03-07_1602_0af062e88/raw/readiness_recalc_counts.env	407	LOCAL_ONLY_HISTORICAL	TEMPORARY_RAW_LOG_PATH	pack directory is indexed as historical/local-only governed residue	registry/proofpack-index.jsonl existing governance entry	KEEP_LOCAL_AS_GOVERNED	contains /raw/ execution evidence	proof_packs/COMMIT_BOUNDARY_2026-03-07_1602_0af062e88/
proof_packs/COMMIT_BOUNDARY_2026-03-07_1602_0af062e88/raw/staged_bucket_A_contamination_check.txt	25	LOCAL_ONLY_HISTORICAL	TEMPORARY_RAW_LOG_PATH	pack directory is indexed as historical/local-only governed residue	registry/proofpack-index.jsonl existing governance entry	KEEP_LOCAL_AS_GOVERNED	contains /raw/ execution evidence	proof_packs/COMMIT_BOUNDARY_2026-03-07_1602_0af062e88/
proof_packs/COMMIT_BOUNDARY_2026-03-07_1602_0af062e88/raw/staged_bucket_A_names.txt	4285	LOCAL_ONLY_HISTORICAL	TEMPORARY_RAW_LOG_PATH	pack directory is indexed as historical/local-only governed residue	registry/proofpack-index.jsonl existing governance entry	KEEP_LOCAL_AS_GOVERNED	contains /raw/ execution evidence	proof_packs/COMMIT_BOUNDARY_2026-03-07_1602_0af062e88/
proof_packs/COMMIT_BOUNDARY_2026-03-07_1602_0af062e88/raw/staging_bucket_A_result.txt	20	LOCAL_ONLY_HISTORICAL	TEMPORARY_RAW_LOG_PATH	pack directory is indexed as historical/local-only governed residue	registry/proofpack-index.jsonl existing governance entry	KEEP_LOCAL_AS_GOVERNED	contains /raw/ execution evidence	proof_packs/COMMIT_BOUNDARY_2026-03-07_1602_0af062e88/
proof_packs/DOCTRINE_RESOLUTION_PROOF_PACKS_2026-03-07_1225_757ae4d4c/00_EXEC_SUMMARY.md	842	LOCAL_ONLY_HISTORICAL	HISTORICAL_PROOFPACK_PATH	pack directory is indexed as historical/local-only governed residue	registry/proofpack-index.jsonl existing governance entry	KEEP_LOCAL_AS_GOVERNED	default proof-pack path	proof_packs/DOCTRINE_RESOLUTION_PROOF_PACKS_2026-03-07_1225_757ae4d4c/
proof_packs/DOCTRINE_RESOLUTION_PROOF_PACKS_2026-03-07_1225_757ae4d4c/01_BOOTSTRAP.md	873	LOCAL_ONLY_HISTORICAL	HISTORICAL_PROOFPACK_PATH	pack directory is indexed as historical/local-only governed residue	registry/proofpack-index.jsonl existing governance entry	KEEP_LOCAL_AS_GOVERNED	default proof-pack path	proof_packs/DOCTRINE_RESOLUTION_PROOF_PACKS_2026-03-07_1225_757ae4d4c/
proof_packs/DOCTRINE_RESOLUTION_PROOF_PACKS_2026-03-07_1225_757ae4d4c/02_BASELINE_ACTIVE.md	954	LOCAL_ONLY_HISTORICAL	HISTORICAL_PROOFPACK_PATH	pack directory is indexed as historical/local-only governed residue	registry/proofpack-index.jsonl existing governance entry	KEEP_LOCAL_AS_GOVERNED	default proof-pack path	proof_packs/DOCTRINE_RESOLUTION_PROOF_PACKS_2026-03-07_1225_757ae4d4c/
proof_packs/DOCTRINE_RESOLUTION_PROOF_PACKS_2026-03-07_1225_757ae4d4c/03_DOCTRINE_SOURCE_MAP.md	2417	LOCAL_ONLY_HISTORICAL	HISTORICAL_PROOFPACK_PATH	pack directory is indexed as historical/local-only governed residue	registry/proofpack-index.jsonl existing governance entry	KEEP_LOCAL_AS_GOVERNED	default proof-pack path	proof_packs/DOCTRINE_RESOLUTION_PROOF_PACKS_2026-03-07_1225_757ae4d4c/
proof_packs/DOCTRINE_RESOLUTION_PROOF_PACKS_2026-03-07_1225_757ae4d4c/04_AUTHORITY_HIERARCHY.md	1454	LOCAL_ONLY_HISTORICAL	HISTORICAL_PROOFPACK_PATH	pack directory is indexed as historical/local-only governed residue	registry/proofpack-index.jsonl existing governance entry	KEEP_LOCAL_AS_GOVERNED	default proof-pack path	proof_packs/DOCTRINE_RESOLUTION_PROOF_PACKS_2026-03-07_1225_757ae4d4c/
proof_packs/DOCTRINE_RESOLUTION_PROOF_PACKS_2026-03-07_1225_757ae4d4c/05_CONTRADICTION_MATRIX.md	1580	LOCAL_ONLY_HISTORICAL	HISTORICAL_PROOFPACK_PATH	pack directory is indexed as historical/local-only governed residue	registry/proofpack-index.jsonl existing governance entry	KEEP_LOCAL_AS_GOVERNED	default proof-pack path	proof_packs/DOCTRINE_RESOLUTION_PROOF_PACKS_2026-03-07_1225_757ae4d4c/
proof_packs/DOCTRINE_RESOLUTION_PROOF_PACKS_2026-03-07_1225_757ae4d4c/06_CANON_CANDIDATES.md	1668	LOCAL_ONLY_HISTORICAL	HISTORICAL_PROOFPACK_PATH	pack directory is indexed as historical/local-only governed residue	registry/proofpack-index.jsonl existing governance entry	KEEP_LOCAL_AS_GOVERNED	default proof-pack path	proof_packs/DOCTRINE_RESOLUTION_PROOF_PACKS_2026-03-07_1225_757ae4d4c/
proof_packs/DOCTRINE_RESOLUTION_PROOF_PACKS_2026-03-07_1225_757ae4d4c/07_DECISION_RULE.md	1299	LOCAL_ONLY_HISTORICAL	HISTORICAL_PROOFPACK_PATH	pack directory is indexed as historical/local-only governed residue	registry/proofpack-index.jsonl existing governance entry	KEEP_LOCAL_AS_GOVERNED	default proof-pack path	proof_packs/DOCTRINE_RESOLUTION_PROOF_PACKS_2026-03-07_1225_757ae4d4c/
proof_packs/DOCTRINE_RESOLUTION_PROOF_PACKS_2026-03-07_1225_757ae4d4c/08_IMPLEMENTATION_IMPACT.md	1804	LOCAL_ONLY_HISTORICAL	HISTORICAL_PROOFPACK_PATH	pack directory is indexed as historical/local-only governed residue	registry/proofpack-index.jsonl existing governance entry	KEEP_LOCAL_AS_GOVERNED	default proof-pack path	proof_packs/DOCTRINE_RESOLUTION_PROOF_PACKS_2026-03-07_1225_757ae4d4c/
proof_packs/DOCTRINE_RESOLUTION_PROOF_PACKS_2026-03-07_1225_757ae4d4c/09_RESIDUAL_RISKS.md	976	LOCAL_ONLY_HISTORICAL	HISTORICAL_PROOFPACK_PATH	pack directory is indexed as historical/local-only governed residue	registry/proofpack-index.jsonl existing governance entry	KEEP_LOCAL_AS_GOVERNED	default proof-pack path	proof_packs/DOCTRINE_RESOLUTION_PROOF_PACKS_2026-03-07_1225_757ae4d4c/
proof_packs/DOCTRINE_RESOLUTION_PROOF_PACKS_2026-03-07_1225_757ae4d4c/10_ROLLBACK.md	550	LOCAL_ONLY_HISTORICAL	HISTORICAL_PROOFPACK_PATH	pack directory is indexed as historical/local-only governed residue	registry/proofpack-index.jsonl existing governance entry	KEEP_LOCAL_AS_GOVERNED	default proof-pack path	proof_packs/DOCTRINE_RESOLUTION_PROOF_PACKS_2026-03-07_1225_757ae4d4c/
proof_packs/DOCTRINE_RESOLUTION_PROOF_PACKS_2026-03-07_1225_757ae4d4c/11_FINAL_DECISION.md	2012	LOCAL_ONLY_HISTORICAL	HISTORICAL_PROOFPACK_PATH	pack directory is indexed as historical/local-only governed residue	registry/proofpack-index.jsonl existing governance entry	KEEP_LOCAL_AS_GOVERNED	default proof-pack path	proof_packs/DOCTRINE_RESOLUTION_PROOF_PACKS_2026-03-07_1225_757ae4d4c/
proof_packs/DOCTRINE_RESOLUTION_PROOF_PACKS_2026-03-07_1225_757ae4d4c/ARTIFACTS_INDEX.md	595	LOCAL_ONLY_HISTORICAL	CURRENT_INDEX_PATH	pack directory is indexed as historical/local-only governed residue	registry/proofpack-index.jsonl existing governance entry	KEEP_LOCAL_AS_GOVERNED	name/path indicates index material	proof_packs/DOCTRINE_RESOLUTION_PROOF_PACKS_2026-03-07_1225_757ae4d4c/
proof_packs/DOCTRINE_RESOLUTION_PROOF_PACKS_2026-03-07_1225_757ae4d4c/ROLLBACK.md	224	LOCAL_ONLY_HISTORICAL	HISTORICAL_PROOFPACK_PATH	pack directory is indexed as historical/local-only governed residue	registry/proofpack-index.jsonl existing governance entry	KEEP_LOCAL_AS_GOVERNED	default proof-pack path	proof_packs/DOCTRINE_RESOLUTION_PROOF_PACKS_2026-03-07_1225_757ae4d4c/
proof_packs/DOCTRINE_RESOLUTION_PROOF_PACKS_2026-03-07_1225_757ae4d4c/VERDICT.md	397	LOCAL_ONLY_HISTORICAL	HISTORICAL_PROOFPACK_PATH	pack directory is indexed as historical/local-only governed residue	registry/proofpack-index.jsonl existing governance entry	KEEP_LOCAL_AS_GOVERNED	default proof-pack path	proof_packs/DOCTRINE_RESOLUTION_PROOF_PACKS_2026-03-07_1225_757ae4d4c/
proof_packs/DOCTRINE_RESOLUTION_PROOF_PACKS_2026-03-07_1225_757ae4d4c/raw/baseline_11_FINAL_DECISION.md	1038	LOCAL_ONLY_HISTORICAL	TEMPORARY_RAW_LOG_PATH	pack directory is indexed as historical/local-only governed residue	registry/proofpack-index.jsonl existing governance entry	KEEP_LOCAL_AS_GOVERNED	contains /raw/ execution evidence	proof_packs/DOCTRINE_RESOLUTION_PROOF_PACKS_2026-03-07_1225_757ae4d4c/
proof_packs/DOCTRINE_RESOLUTION_PROOF_PACKS_2026-03-07_1225_757ae4d4c/raw/baseline_VERDICT.md	33	LOCAL_ONLY_HISTORICAL	TEMPORARY_RAW_LOG_PATH	pack directory is indexed as historical/local-only governed residue	registry/proofpack-index.jsonl existing governance entry	KEEP_LOCAL_AS_GOVERNED	contains /raw/ execution evidence	proof_packs/DOCTRINE_RESOLUTION_PROOF_PACKS_2026-03-07_1225_757ae4d4c/
proof_packs/DOCTRINE_RESOLUTION_PROOF_PACKS_2026-03-07_1225_757ae4d4c/raw/baseline_pack_exists.txt	65	LOCAL_ONLY_HISTORICAL	TEMPORARY_RAW_LOG_PATH	pack directory is indexed as historical/local-only governed residue	registry/proofpack-index.jsonl existing governance entry	KEEP_LOCAL_AS_GOVERNED	contains /raw/ execution evidence	proof_packs/DOCTRINE_RESOLUTION_PROOF_PACKS_2026-03-07_1225_757ae4d4c/
proof_packs/DOCTRINE_RESOLUTION_PROOF_PACKS_2026-03-07_1225_757ae4d4c/raw/baseline_recheck_detect_recurrence.exit	2	LOCAL_ONLY_HISTORICAL	TEMPORARY_RAW_LOG_PATH	pack directory is indexed as historical/local-only governed residue	registry/proofpack-index.jsonl existing governance entry	KEEP_LOCAL_AS_GOVERNED	contains /raw/ execution evidence	proof_packs/DOCTRINE_RESOLUTION_PROOF_PACKS_2026-03-07_1225_757ae4d4c/
proof_packs/DOCTRINE_RESOLUTION_PROOF_PACKS_2026-03-07_1225_757ae4d4c/raw/baseline_recheck_verify_instructions.exit	2	LOCAL_ONLY_HISTORICAL	TEMPORARY_RAW_LOG_PATH	pack directory is indexed as historical/local-only governed residue	registry/proofpack-index.jsonl existing governance entry	KEEP_LOCAL_AS_GOVERNED	contains /raw/ execution evidence	proof_packs/DOCTRINE_RESOLUTION_PROOF_PACKS_2026-03-07_1225_757ae4d4c/
proof_packs/DOCTRINE_RESOLUTION_PROOF_PACKS_2026-03-07_1225_757ae4d4c/raw/ci_runs_for_head.json	7137	LOCAL_ONLY_HISTORICAL	TEMPORARY_RAW_LOG_PATH	pack directory is indexed as historical/local-only governed residue	registry/proofpack-index.jsonl existing governance entry	KEEP_LOCAL_AS_GOVERNED	contains /raw/ execution evidence	proof_packs/DOCTRINE_RESOLUTION_PROOF_PACKS_2026-03-07_1225_757ae4d4c/
proof_packs/DOCTRINE_RESOLUTION_PROOF_PACKS_2026-03-07_1225_757ae4d4c/raw/final_state_snapshot.txt	424	LOCAL_ONLY_HISTORICAL	TEMPORARY_RAW_LOG_PATH	pack directory is indexed as historical/local-only governed residue	registry/proofpack-index.jsonl existing governance entry	KEEP_LOCAL_AS_GOVERNED	contains /raw/ execution evidence	proof_packs/DOCTRINE_RESOLUTION_PROOF_PACKS_2026-03-07_1225_757ae4d4c/
proof_packs/DOCTRINE_RESOLUTION_PROOF_PACKS_2026-03-07_1225_757ae4d4c/raw/git_branch_show_current.txt	5	LOCAL_ONLY_HISTORICAL	TEMPORARY_RAW_LOG_PATH	pack directory is indexed as historical/local-only governed residue	registry/proofpack-index.jsonl existing governance entry	KEEP_LOCAL_AS_GOVERNED	contains /raw/ execution evidence	proof_packs/DOCTRINE_RESOLUTION_PROOF_PACKS_2026-03-07_1225_757ae4d4c/
proof_packs/DOCTRINE_RESOLUTION_PROOF_PACKS_2026-03-07_1225_757ae4d4c/raw/git_diff_cached_name_only.txt	0	LOCAL_ONLY_HISTORICAL	TEMPORARY_RAW_LOG_PATH	pack directory is indexed as historical/local-only governed residue	registry/proofpack-index.jsonl existing governance entry	KEEP_LOCAL_AS_GOVERNED	contains /raw/ execution evidence	proof_packs/DOCTRINE_RESOLUTION_PROOF_PACKS_2026-03-07_1225_757ae4d4c/
proof_packs/DOCTRINE_RESOLUTION_PROOF_PACKS_2026-03-07_1225_757ae4d4c/raw/git_diff_counts.txt	20	LOCAL_ONLY_HISTORICAL	TEMPORARY_RAW_LOG_PATH	pack directory is indexed as historical/local-only governed residue	registry/proofpack-index.jsonl existing governance entry	KEEP_LOCAL_AS_GOVERNED	contains /raw/ execution evidence	proof_packs/DOCTRINE_RESOLUTION_PROOF_PACKS_2026-03-07_1225_757ae4d4c/
proof_packs/DOCTRINE_RESOLUTION_PROOF_PACKS_2026-03-07_1225_757ae4d4c/raw/git_diff_name_only.txt	0	LOCAL_ONLY_HISTORICAL	TEMPORARY_RAW_LOG_PATH	pack directory is indexed as historical/local-only governed residue	registry/proofpack-index.jsonl existing governance entry	KEEP_LOCAL_AS_GOVERNED	contains /raw/ execution evidence	proof_packs/DOCTRINE_RESOLUTION_PROOF_PACKS_2026-03-07_1225_757ae4d4c/
proof_packs/DOCTRINE_RESOLUTION_PROOF_PACKS_2026-03-07_1225_757ae4d4c/raw/git_log_10_oneline.txt	714	LOCAL_ONLY_HISTORICAL	TEMPORARY_RAW_LOG_PATH	pack directory is indexed as historical/local-only governed residue	registry/proofpack-index.jsonl existing governance entry	KEEP_LOCAL_AS_GOVERNED	contains /raw/ execution evidence	proof_packs/DOCTRINE_RESOLUTION_PROOF_PACKS_2026-03-07_1225_757ae4d4c/
proof_packs/DOCTRINE_RESOLUTION_PROOF_PACKS_2026-03-07_1225_757ae4d4c/raw/git_rev_parse_short.txt	10	LOCAL_ONLY_HISTORICAL	TEMPORARY_RAW_LOG_PATH	pack directory is indexed as historical/local-only governed residue	registry/proofpack-index.jsonl existing governance entry	KEEP_LOCAL_AS_GOVERNED	contains /raw/ execution evidence	proof_packs/DOCTRINE_RESOLUTION_PROOF_PACKS_2026-03-07_1225_757ae4d4c/
proof_packs/DOCTRINE_RESOLUTION_PROOF_PACKS_2026-03-07_1225_757ae4d4c/raw/git_status_short.txt	378	LOCAL_ONLY_HISTORICAL	TEMPORARY_RAW_LOG_PATH	pack directory is indexed as historical/local-only governed residue	registry/proofpack-index.jsonl existing governance entry	KEEP_LOCAL_AS_GOVERNED	contains /raw/ execution evidence	proof_packs/DOCTRINE_RESOLUTION_PROOF_PACKS_2026-03-07_1225_757ae4d4c/
proof_packs/DOCTRINE_RESOLUTION_PROOF_PACKS_2026-03-07_1225_757ae4d4c/raw/metric_ci_head_nonsuccess.txt	2	LOCAL_ONLY_HISTORICAL	TEMPORARY_RAW_LOG_PATH	pack directory is indexed as historical/local-only governed residue	registry/proofpack-index.jsonl existing governance entry	KEEP_LOCAL_AS_GOVERNED	contains /raw/ execution evidence	proof_packs/DOCTRINE_RESOLUTION_PROOF_PACKS_2026-03-07_1225_757ae4d4c/
proof_packs/DOCTRINE_RESOLUTION_PROOF_PACKS_2026-03-07_1225_757ae4d4c/raw/metric_ci_head_success.txt	3	LOCAL_ONLY_HISTORICAL	TEMPORARY_RAW_LOG_PATH	pack directory is indexed as historical/local-only governed residue	registry/proofpack-index.jsonl existing governance entry	KEEP_LOCAL_AS_GOVERNED	contains /raw/ execution evidence	proof_packs/DOCTRINE_RESOLUTION_PROOF_PACKS_2026-03-07_1225_757ae4d4c/
proof_packs/DOCTRINE_RESOLUTION_PROOF_PACKS_2026-03-07_1225_757ae4d4c/raw/metric_ci_head_total.txt	3	LOCAL_ONLY_HISTORICAL	TEMPORARY_RAW_LOG_PATH	pack directory is indexed as historical/local-only governed residue	registry/proofpack-index.jsonl existing governance entry	KEEP_LOCAL_AS_GOVERNED	contains /raw/ execution evidence	proof_packs/DOCTRINE_RESOLUTION_PROOF_PACKS_2026-03-07_1225_757ae4d4c/
proof_packs/DOCTRINE_RESOLUTION_PROOF_PACKS_2026-03-07_1225_757ae4d4c/raw/proof_pack_tracking_counts.txt	30	LOCAL_ONLY_HISTORICAL	TEMPORARY_RAW_LOG_PATH	pack directory is indexed as historical/local-only governed residue	registry/proofpack-index.jsonl existing governance entry	KEEP_LOCAL_AS_GOVERNED	contains /raw/ execution evidence	proof_packs/DOCTRINE_RESOLUTION_PROOF_PACKS_2026-03-07_1225_757ae4d4c/
proof_packs/DOCTRINE_RESOLUTION_PROOF_PACKS_2026-03-07_1225_757ae4d4c/raw/proof_packs_tracked_dirs.txt	2252	LOCAL_ONLY_HISTORICAL	TEMPORARY_RAW_LOG_PATH	pack directory is indexed as historical/local-only governed residue	registry/proofpack-index.jsonl existing governance entry	KEEP_LOCAL_AS_GOVERNED	contains /raw/ execution evidence	proof_packs/DOCTRINE_RESOLUTION_PROOF_PACKS_2026-03-07_1225_757ae4d4c/
proof_packs/DOCTRINE_RESOLUTION_PROOF_PACKS_2026-03-07_1225_757ae4d4c/raw/proof_packs_untracked_dirs_status.txt	360	LOCAL_ONLY_HISTORICAL	TEMPORARY_RAW_LOG_PATH	pack directory is indexed as historical/local-only governed residue	registry/proofpack-index.jsonl existing governance entry	KEEP_LOCAL_AS_GOVERNED	contains /raw/ execution evidence	proof_packs/DOCTRINE_RESOLUTION_PROOF_PACKS_2026-03-07_1225_757ae4d4c/
proof_packs/DOCTRINE_RESOLUTION_PROOF_PACKS_2026-03-07_1225_757ae4d4c/raw/recheck_detect_recurrence.exit	2	LOCAL_ONLY_HISTORICAL	TEMPORARY_RAW_LOG_PATH	pack directory is indexed as historical/local-only governed residue	registry/proofpack-index.jsonl existing governance entry	KEEP_LOCAL_AS_GOVERNED	contains /raw/ execution evidence	proof_packs/DOCTRINE_RESOLUTION_PROOF_PACKS_2026-03-07_1225_757ae4d4c/
proof_packs/DOCTRINE_RESOLUTION_PROOF_PACKS_2026-03-07_1225_757ae4d4c/raw/recheck_detect_recurrence.txt	154	LOCAL_ONLY_HISTORICAL	TEMPORARY_RAW_LOG_PATH	pack directory is indexed as historical/local-only governed residue	registry/proofpack-index.jsonl existing governance entry	KEEP_LOCAL_AS_GOVERNED	contains /raw/ execution evidence	proof_packs/DOCTRINE_RESOLUTION_PROOF_PACKS_2026-03-07_1225_757ae4d4c/
proof_packs/DOCTRINE_RESOLUTION_PROOF_PACKS_2026-03-07_1225_757ae4d4c/raw/recheck_verify_instructions.exit	2	LOCAL_ONLY_HISTORICAL	TEMPORARY_RAW_LOG_PATH	pack directory is indexed as historical/local-only governed residue	registry/proofpack-index.jsonl existing governance entry	KEEP_LOCAL_AS_GOVERNED	contains /raw/ execution evidence	proof_packs/DOCTRINE_RESOLUTION_PROOF_PACKS_2026-03-07_1225_757ae4d4c/
proof_packs/DOCTRINE_RESOLUTION_PROOF_PACKS_2026-03-07_1225_757ae4d4c/raw/recheck_verify_instructions.txt	767	LOCAL_ONLY_HISTORICAL	TEMPORARY_RAW_LOG_PATH	pack directory is indexed as historical/local-only governed residue	registry/proofpack-index.jsonl existing governance entry	KEEP_LOCAL_AS_GOVERNED	contains /raw/ execution evidence	proof_packs/DOCTRINE_RESOLUTION_PROOF_PACKS_2026-03-07_1225_757ae4d4c/
proof_packs/DOCTRINE_RESOLUTION_PROOF_PACKS_2026-03-07_1225_757ae4d4c/raw/source__.gitignore	2966	LOCAL_ONLY_HISTORICAL	TEMPORARY_RAW_LOG_PATH	pack directory is indexed as historical/local-only governed residue	registry/proofpack-index.jsonl existing governance entry	KEEP_LOCAL_AS_GOVERNED	contains /raw/ execution evidence	proof_packs/DOCTRINE_RESOLUTION_PROOF_PACKS_2026-03-07_1225_757ae4d4c/
proof_packs/DOCTRINE_RESOLUTION_PROOF_PACKS_2026-03-07_1225_757ae4d4c/raw/source__README.md	30098	LOCAL_ONLY_HISTORICAL	TEMPORARY_RAW_LOG_PATH	pack directory is indexed as historical/local-only governed residue	registry/proofpack-index.jsonl existing governance entry	KEEP_LOCAL_AS_GOVERNED	contains /raw/ execution evidence	proof_packs/DOCTRINE_RESOLUTION_PROOF_PACKS_2026-03-07_1225_757ae4d4c/
proof_packs/DOCTRINE_RESOLUTION_PROOF_PACKS_2026-03-07_1225_757ae4d4c/raw/source__copilot_instructions.md	2831	LOCAL_ONLY_HISTORICAL	TEMPORARY_RAW_LOG_PATH	pack directory is indexed as historical/local-only governed residue	registry/proofpack-index.jsonl existing governance entry	KEEP_LOCAL_AS_GOVERNED	contains /raw/ execution evidence	proof_packs/DOCTRINE_RESOLUTION_PROOF_PACKS_2026-03-07_1225_757ae4d4c/
proof_packs/DOCTRINE_RESOLUTION_PROOF_PACKS_2026-03-07_1225_757ae4d4c/raw/source__detect_recurrence.sh	2111	LOCAL_ONLY_HISTORICAL	TEMPORARY_RAW_LOG_PATH	pack directory is indexed as historical/local-only governed residue	registry/proofpack-index.jsonl existing governance entry	KEEP_LOCAL_AS_GOVERNED	contains /raw/ execution evidence	proof_packs/DOCTRINE_RESOLUTION_PROOF_PACKS_2026-03-07_1225_757ae4d4c/
proof_packs/DOCTRINE_RESOLUTION_PROOF_PACKS_2026-03-07_1225_757ae4d4c/raw/source__docs_registry.instructions.md	559	LOCAL_ONLY_HISTORICAL	TEMPORARY_RAW_LOG_PATH	pack directory is indexed as historical/local-only governed residue	registry/proofpack-index.jsonl existing governance entry	KEEP_LOCAL_AS_GOVERNED	contains /raw/ execution evidence	proof_packs/DOCTRINE_RESOLUTION_PROOF_PACKS_2026-03-07_1225_757ae4d4c/
proof_packs/DOCTRINE_RESOLUTION_PROOF_PACKS_2026-03-07_1225_757ae4d4c/raw/source__lib_cert.sh	8489	LOCAL_ONLY_HISTORICAL	TEMPORARY_RAW_LOG_PATH	pack directory is indexed as historical/local-only governed residue	registry/proofpack-index.jsonl existing governance entry	KEEP_LOCAL_AS_GOVERNED	contains /raw/ execution evidence	proof_packs/DOCTRINE_RESOLUTION_PROOF_PACKS_2026-03-07_1225_757ae4d4c/
proof_packs/DOCTRINE_RESOLUTION_PROOF_PACKS_2026-03-07_1225_757ae4d4c/raw/source__package_registry_scripts.txt	363	LOCAL_ONLY_HISTORICAL	TEMPORARY_RAW_LOG_PATH	pack directory is indexed as historical/local-only governed residue	registry/proofpack-index.jsonl existing governance entry	KEEP_LOCAL_AS_GOVERNED	contains /raw/ execution evidence	proof_packs/DOCTRINE_RESOLUTION_PROOF_PACKS_2026-03-07_1225_757ae4d4c/
proof_packs/DOCTRINE_RESOLUTION_PROOF_PACKS_2026-03-07_1225_757ae4d4c/raw/source__registry-integrity.js	2664	LOCAL_ONLY_HISTORICAL	TEMPORARY_RAW_LOG_PATH	pack directory is indexed as historical/local-only governed residue	registry/proofpack-index.jsonl existing governance entry	KEEP_LOCAL_AS_GOVERNED	contains /raw/ execution evidence	proof_packs/DOCTRINE_RESOLUTION_PROOF_PACKS_2026-03-07_1225_757ae4d4c/
proof_packs/DOCTRINE_RESOLUTION_PROOF_PACKS_2026-03-07_1225_757ae4d4c/raw/source__registry-quality.js	3317	LOCAL_ONLY_HISTORICAL	TEMPORARY_RAW_LOG_PATH	pack directory is indexed as historical/local-only governed residue	registry/proofpack-index.jsonl existing governance entry	KEEP_LOCAL_AS_GOVERNED	contains /raw/ execution evidence	proof_packs/DOCTRINE_RESOLUTION_PROOF_PACKS_2026-03-07_1225_757ae4d4c/
proof_packs/DOCTRINE_RESOLUTION_PROOF_PACKS_2026-03-07_1225_757ae4d4c/raw/source__registry-sync.js	4397	LOCAL_ONLY_HISTORICAL	TEMPORARY_RAW_LOG_PATH	pack directory is indexed as historical/local-only governed residue	registry/proofpack-index.jsonl existing governance entry	KEEP_LOCAL_AS_GOVERNED	contains /raw/ execution evidence	proof_packs/DOCTRINE_RESOLUTION_PROOF_PACKS_2026-03-07_1225_757ae4d4c/
proof_packs/DOCTRINE_RESOLUTION_PROOF_PACKS_2026-03-07_1225_757ae4d4c/raw/source__registry_scripts_proofpack_markers.txt	120	LOCAL_ONLY_HISTORICAL	TEMPORARY_RAW_LOG_PATH	pack directory is indexed as historical/local-only governed residue	registry/proofpack-index.jsonl existing governance entry	KEEP_LOCAL_AS_GOVERNED	contains /raw/ execution evidence	proof_packs/DOCTRINE_RESOLUTION_PROOF_PACKS_2026-03-07_1225_757ae4d4c/
proof_packs/DOCTRINE_RESOLUTION_PROOF_PACKS_2026-03-07_1225_757ae4d4c/raw/source__run-p10-desktop-cert.sh	35976	LOCAL_ONLY_HISTORICAL	TEMPORARY_RAW_LOG_PATH	pack directory is indexed as historical/local-only governed residue	registry/proofpack-index.jsonl existing governance entry	KEEP_LOCAL_AS_GOVERNED	contains /raw/ execution evidence	proof_packs/DOCTRINE_RESOLUTION_PROOF_PACKS_2026-03-07_1225_757ae4d4c/
proof_packs/DOCTRINE_RESOLUTION_PROOF_PACKS_2026-03-07_1225_757ae4d4c/raw/source__verify_instructions.sh	3718	LOCAL_ONLY_HISTORICAL	TEMPORARY_RAW_LOG_PATH	pack directory is indexed as historical/local-only governed residue	registry/proofpack-index.jsonl existing governance entry	KEEP_LOCAL_AS_GOVERNED	contains /raw/ execution evidence	proof_packs/DOCTRINE_RESOLUTION_PROOF_PACKS_2026-03-07_1225_757ae4d4c/
proof_packs/DOCTRINE_RESOLUTION_PROOF_PACKS_2026-03-07_1225_757ae4d4c/raw/source_scan_focused_rg.txt	2877	LOCAL_ONLY_HISTORICAL	TEMPORARY_RAW_LOG_PATH	pack directory is indexed as historical/local-only governed residue	registry/proofpack-index.jsonl existing governance entry	KEEP_LOCAL_AS_GOVERNED	contains /raw/ execution evidence	proof_packs/DOCTRINE_RESOLUTION_PROOF_PACKS_2026-03-07_1225_757ae4d4c/
proof_packs/DOCTRINE_RESOLUTION_PROOF_PACKS_2026-03-07_1225_757ae4d4c/raw/source_scan_rg.txt	5304496482	CANDIDATE_FOR_EXTERNAL_ARCHIVE_POINTER	HEAVY_ARTIFACT_PATH	very large artifact (>=100MB) should expose explicit external-archive pointer metadata	heavy artifact governance policy	PREPARE_EXTERNAL_ARCHIVE_POINTER	file size >= 50MB	proof_packs/DOCTRINE_RESOLUTION_PROOF_PACKS_2026-03-07_1225_757ae4d4c/
proof_packs/DOCTRINE_RESOLUTION_PROOF_PACKS_2026-03-07_1225_757ae4d4c/raw/source_scan_rg_head120.txt	11538	LOCAL_ONLY_HISTORICAL	TEMPORARY_RAW_LOG_PATH	pack directory is indexed as historical/local-only governed residue	registry/proofpack-index.jsonl existing governance entry	KEEP_LOCAL_AS_GOVERNED	contains /raw/ execution evidence	proof_packs/DOCTRINE_RESOLUTION_PROOF_PACKS_2026-03-07_1225_757ae4d4c/
proof_packs/FINAL_LOCAL_PROD_STABLE_INSTALL_2026-03-07_1600_757ae4d4c9/00_EXEC_SUMMARY.md	1243	LOCAL_ONLY_HISTORICAL	HISTORICAL_PROOFPACK_PATH	pack directory is indexed as historical/local-only governed residue	registry/proofpack-index.jsonl existing governance entry	KEEP_LOCAL_AS_GOVERNED	default proof-pack path	proof_packs/FINAL_LOCAL_PROD_STABLE_INSTALL_2026-03-07_1600_757ae4d4c9/
proof_packs/FINAL_LOCAL_PROD_STABLE_INSTALL_2026-03-07_1600_757ae4d4c9/01_BASELINE_REFERENCE.md	779	LOCAL_ONLY_HISTORICAL	HISTORICAL_PROOFPACK_PATH	pack directory is indexed as historical/local-only governed residue	registry/proofpack-index.jsonl existing governance entry	KEEP_LOCAL_AS_GOVERNED	default proof-pack path	proof_packs/FINAL_LOCAL_PROD_STABLE_INSTALL_2026-03-07_1600_757ae4d4c9/
proof_packs/FINAL_LOCAL_PROD_STABLE_INSTALL_2026-03-07_1600_757ae4d4c9/02_LOCAL_INSTALL_TRUTH.md	1549	LOCAL_ONLY_HISTORICAL	HISTORICAL_PROOFPACK_PATH	pack directory is indexed as historical/local-only governed residue	registry/proofpack-index.jsonl existing governance entry	KEEP_LOCAL_AS_GOVERNED	default proof-pack path	proof_packs/FINAL_LOCAL_PROD_STABLE_INSTALL_2026-03-07_1600_757ae4d4c9/
proof_packs/FINAL_LOCAL_PROD_STABLE_INSTALL_2026-03-07_1600_757ae4d4c9/03_CLEANUP_SCOPE.md	1443	LOCAL_ONLY_HISTORICAL	HISTORICAL_PROOFPACK_PATH	pack directory is indexed as historical/local-only governed residue	registry/proofpack-index.jsonl existing governance entry	KEEP_LOCAL_AS_GOVERNED	default proof-pack path	proof_packs/FINAL_LOCAL_PROD_STABLE_INSTALL_2026-03-07_1600_757ae4d4c9/
proof_packs/FINAL_LOCAL_PROD_STABLE_INSTALL_2026-03-07_1600_757ae4d4c9/05_INSTALL_VERIFICATION.md	870	LOCAL_ONLY_HISTORICAL	HISTORICAL_PROOFPACK_PATH	pack directory is indexed as historical/local-only governed residue	registry/proofpack-index.jsonl existing governance entry	KEEP_LOCAL_AS_GOVERNED	default proof-pack path	proof_packs/FINAL_LOCAL_PROD_STABLE_INSTALL_2026-03-07_1600_757ae4d4c9/
proof_packs/FINAL_LOCAL_PROD_STABLE_INSTALL_2026-03-07_1600_757ae4d4c9/06_RUNTIME_SMOKE.md	714	LOCAL_ONLY_HISTORICAL	HISTORICAL_PROOFPACK_PATH	pack directory is indexed as historical/local-only governed residue	registry/proofpack-index.jsonl existing governance entry	KEEP_LOCAL_AS_GOVERNED	default proof-pack path	proof_packs/FINAL_LOCAL_PROD_STABLE_INSTALL_2026-03-07_1600_757ae4d4c9/
proof_packs/FINAL_LOCAL_PROD_STABLE_INSTALL_2026-03-07_1600_757ae4d4c9/07_DESKTOP_INTEGRATION.md	842	LOCAL_ONLY_HISTORICAL	HISTORICAL_PROOFPACK_PATH	pack directory is indexed as historical/local-only governed residue	registry/proofpack-index.jsonl existing governance entry	KEEP_LOCAL_AS_GOVERNED	default proof-pack path	proof_packs/FINAL_LOCAL_PROD_STABLE_INSTALL_2026-03-07_1600_757ae4d4c9/
proof_packs/FINAL_LOCAL_PROD_STABLE_INSTALL_2026-03-07_1600_757ae4d4c9/08_LOCAL_ROLLBACK_PLAN.md	1408	LOCAL_ONLY_HISTORICAL	HISTORICAL_PROOFPACK_PATH	pack directory is indexed as historical/local-only governed residue	registry/proofpack-index.jsonl existing governance entry	KEEP_LOCAL_AS_GOVERNED	default proof-pack path	proof_packs/FINAL_LOCAL_PROD_STABLE_INSTALL_2026-03-07_1600_757ae4d4c9/
proof_packs/FINAL_LOCAL_PROD_STABLE_INSTALL_2026-03-07_1600_757ae4d4c9/09_FINAL_VERDICT.md	1675	LOCAL_ONLY_HISTORICAL	HISTORICAL_PROOFPACK_PATH	pack directory is indexed as historical/local-only governed residue	registry/proofpack-index.jsonl existing governance entry	KEEP_LOCAL_AS_GOVERNED	default proof-pack path	proof_packs/FINAL_LOCAL_PROD_STABLE_INSTALL_2026-03-07_1600_757ae4d4c9/
proof_packs/FINAL_LOCAL_PROD_STABLE_INSTALL_2026-03-07_1600_757ae4d4c9/ROLLBACK.md	690	LOCAL_ONLY_HISTORICAL	HISTORICAL_PROOFPACK_PATH	pack directory is indexed as historical/local-only governed residue	registry/proofpack-index.jsonl existing governance entry	KEEP_LOCAL_AS_GOVERNED	default proof-pack path	proof_packs/FINAL_LOCAL_PROD_STABLE_INSTALL_2026-03-07_1600_757ae4d4c9/
proof_packs/FINAL_LOCAL_PROD_STABLE_INSTALL_2026-03-07_1600_757ae4d4c9/VERDICT.md	297	LOCAL_ONLY_HISTORICAL	HISTORICAL_PROOFPACK_PATH	pack directory is indexed as historical/local-only governed residue	registry/proofpack-index.jsonl existing governance entry	KEEP_LOCAL_AS_GOVERNED	default proof-pack path	proof_packs/FINAL_LOCAL_PROD_STABLE_INSTALL_2026-03-07_1600_757ae4d4c9/
proof_packs/FINAL_LOCAL_PROD_STABLE_INSTALL_2026-03-07_1600_757ae4d4c9/raw/00_git_branch.txt	5	LOCAL_ONLY_HISTORICAL	TEMPORARY_RAW_LOG_PATH	pack directory is indexed as historical/local-only governed residue	registry/proofpack-index.jsonl existing governance entry	KEEP_LOCAL_AS_GOVERNED	contains /raw/ execution evidence	proof_packs/FINAL_LOCAL_PROD_STABLE_INSTALL_2026-03-07_1600_757ae4d4c9/
proof_packs/FINAL_LOCAL_PROD_STABLE_INSTALL_2026-03-07_1600_757ae4d4c9/raw/00_git_rev_parse_short.txt	10	LOCAL_ONLY_HISTORICAL	TEMPORARY_RAW_LOG_PATH	pack directory is indexed as historical/local-only governed residue	registry/proofpack-index.jsonl existing governance entry	KEEP_LOCAL_AS_GOVERNED	contains /raw/ execution evidence	proof_packs/FINAL_LOCAL_PROD_STABLE_INSTALL_2026-03-07_1600_757ae4d4c9/
proof_packs/FINAL_LOCAL_PROD_STABLE_INSTALL_2026-03-07_1600_757ae4d4c9/raw/00_git_status_short.txt	1770	LOCAL_ONLY_HISTORICAL	TEMPORARY_RAW_LOG_PATH	pack directory is indexed as historical/local-only governed residue	registry/proofpack-index.jsonl existing governance entry	KEEP_LOCAL_AS_GOVERNED	contains /raw/ execution evidence	proof_packs/FINAL_LOCAL_PROD_STABLE_INSTALL_2026-03-07_1600_757ae4d4c9/
proof_packs/FINAL_LOCAL_PROD_STABLE_INSTALL_2026-03-07_1600_757ae4d4c9/raw/01_baseline_checks.txt	1122	LOCAL_ONLY_HISTORICAL	TEMPORARY_RAW_LOG_PATH	pack directory is indexed as historical/local-only governed residue	registry/proofpack-index.jsonl existing governance entry	KEEP_LOCAL_AS_GOVERNED	contains /raw/ execution evidence	proof_packs/FINAL_LOCAL_PROD_STABLE_INSTALL_2026-03-07_1600_757ae4d4c9/
proof_packs/FINAL_LOCAL_PROD_STABLE_INSTALL_2026-03-07_1600_757ae4d4c9/raw/04_cleanup_scope_matrix.txt	536	LOCAL_ONLY_HISTORICAL	TEMPORARY_RAW_LOG_PATH	pack directory is indexed as historical/local-only governed residue	registry/proofpack-index.jsonl existing governance entry	KEEP_LOCAL_AS_GOVERNED	contains /raw/ execution evidence	proof_packs/FINAL_LOCAL_PROD_STABLE_INSTALL_2026-03-07_1600_757ae4d4c9/
proof_packs/FINAL_LOCAL_PROD_STABLE_INSTALL_2026-03-07_1600_757ae4d4c9/raw/06_runtime_smoke_summary.txt	63	LOCAL_ONLY_HISTORICAL	TEMPORARY_RAW_LOG_PATH	pack directory is indexed as historical/local-only governed residue	registry/proofpack-index.jsonl existing governance entry	KEEP_LOCAL_AS_GOVERNED	contains /raw/ execution evidence	proof_packs/FINAL_LOCAL_PROD_STABLE_INSTALL_2026-03-07_1600_757ae4d4c9/
proof_packs/FINAL_LOCAL_PROD_STABLE_INSTALL_2026-03-07_1600_757ae4d4c9/raw/07_desktop_database_update.exitcode	2	LOCAL_ONLY_HISTORICAL	TEMPORARY_RAW_LOG_PATH	pack directory is indexed as historical/local-only governed residue	registry/proofpack-index.jsonl existing governance entry	KEEP_LOCAL_AS_GOVERNED	contains /raw/ execution evidence	proof_packs/FINAL_LOCAL_PROD_STABLE_INSTALL_2026-03-07_1600_757ae4d4c9/
proof_packs/FINAL_LOCAL_PROD_STABLE_INSTALL_2026-03-07_1600_757ae4d4c9/raw/rollback_assets/TITANE-Infinity.desktop.pre	872	LOCAL_ONLY_HISTORICAL	TEMPORARY_RAW_LOG_PATH	pack directory is indexed as historical/local-only governed residue	registry/proofpack-index.jsonl existing governance entry	KEEP_LOCAL_AS_GOVERNED	contains /raw/ execution evidence	proof_packs/FINAL_LOCAL_PROD_STABLE_INSTALL_2026-03-07_1600_757ae4d4c9/
proof_packs/FINAL_LOCAL_PROD_STABLE_INSTALL_2026-03-07_1600_757ae4d4c9/raw/rollback_assets/titane-infinity.desktop.pre	872	LOCAL_ONLY_HISTORICAL	TEMPORARY_RAW_LOG_PATH	pack directory is indexed as historical/local-only governed residue	registry/proofpack-index.jsonl existing governance entry	KEEP_LOCAL_AS_GOVERNED	contains /raw/ execution evidence	proof_packs/FINAL_LOCAL_PROD_STABLE_INSTALL_2026-03-07_1600_757ae4d4c9/
proof_packs/FINAL_SEAL_EXECUTION_2026-03-07_1239_757ae4d4c/00_EXEC_SUMMARY.md	751	LOCAL_ONLY_HISTORICAL	HISTORICAL_PROOFPACK_PATH	pack directory is indexed as historical/local-only governed residue	registry/proofpack-index.jsonl existing governance entry	KEEP_LOCAL_AS_GOVERNED	default proof-pack path	proof_packs/FINAL_SEAL_EXECUTION_2026-03-07_1239_757ae4d4c/
proof_packs/FINAL_SEAL_EXECUTION_2026-03-07_1239_757ae4d4c/01_BOOTSTRAP.md	673	LOCAL_ONLY_HISTORICAL	HISTORICAL_PROOFPACK_PATH	pack directory is indexed as historical/local-only governed residue	registry/proofpack-index.jsonl existing governance entry	KEEP_LOCAL_AS_GOVERNED	default proof-pack path	proof_packs/FINAL_SEAL_EXECUTION_2026-03-07_1239_757ae4d4c/
proof_packs/FINAL_SEAL_EXECUTION_2026-03-07_1239_757ae4d4c/02_BASELINE_CONFIRMATION.md	933	LOCAL_ONLY_HISTORICAL	HISTORICAL_PROOFPACK_PATH	pack directory is indexed as historical/local-only governed residue	registry/proofpack-index.jsonl existing governance entry	KEEP_LOCAL_AS_GOVERNED	default proof-pack path	proof_packs/FINAL_SEAL_EXECUTION_2026-03-07_1239_757ae4d4c/
proof_packs/FINAL_SEAL_EXECUTION_2026-03-07_1239_757ae4d4c/03_CI_TRUTH.md	531	LOCAL_ONLY_HISTORICAL	HISTORICAL_PROOFPACK_PATH	pack directory is indexed as historical/local-only governed residue	registry/proofpack-index.jsonl existing governance entry	KEEP_LOCAL_AS_GOVERNED	default proof-pack path	proof_packs/FINAL_SEAL_EXECUTION_2026-03-07_1239_757ae4d4c/
proof_packs/FINAL_SEAL_EXECUTION_2026-03-07_1239_757ae4d4c/04_WORKSPACE_TRUTH.md	606	LOCAL_ONLY_HISTORICAL	HISTORICAL_PROOFPACK_PATH	pack directory is indexed as historical/local-only governed residue	registry/proofpack-index.jsonl existing governance entry	KEEP_LOCAL_AS_GOVERNED	default proof-pack path	proof_packs/FINAL_SEAL_EXECUTION_2026-03-07_1239_757ae4d4c/
proof_packs/FINAL_SEAL_EXECUTION_2026-03-07_1239_757ae4d4c/05_DOCTRINE_STATUS.md	724	LOCAL_ONLY_HISTORICAL	HISTORICAL_PROOFPACK_PATH	pack directory is indexed as historical/local-only governed residue	registry/proofpack-index.jsonl existing governance entry	KEEP_LOCAL_AS_GOVERNED	default proof-pack path	proof_packs/FINAL_SEAL_EXECUTION_2026-03-07_1239_757ae4d4c/
proof_packs/FINAL_SEAL_EXECUTION_2026-03-07_1239_757ae4d4c/06_GOVERNANCE_STATUS.md	566	LOCAL_ONLY_HISTORICAL	HISTORICAL_PROOFPACK_PATH	pack directory is indexed as historical/local-only governed residue	registry/proofpack-index.jsonl existing governance entry	KEEP_LOCAL_AS_GOVERNED	default proof-pack path	proof_packs/FINAL_SEAL_EXECUTION_2026-03-07_1239_757ae4d4c/
proof_packs/FINAL_SEAL_EXECUTION_2026-03-07_1239_757ae4d4c/07_PROOF_PACK_INTEGRITY.md	700	LOCAL_ONLY_HISTORICAL	HISTORICAL_PROOFPACK_PATH	pack directory is indexed as historical/local-only governed residue	registry/proofpack-index.jsonl existing governance entry	KEEP_LOCAL_AS_GOVERNED	default proof-pack path	proof_packs/FINAL_SEAL_EXECUTION_2026-03-07_1239_757ae4d4c/
proof_packs/FINAL_SEAL_EXECUTION_2026-03-07_1239_757ae4d4c/08_FINAL_RISK_REVIEW.md	797	LOCAL_ONLY_HISTORICAL	HISTORICAL_PROOFPACK_PATH	pack directory is indexed as historical/local-only governed residue	registry/proofpack-index.jsonl existing governance entry	KEEP_LOCAL_AS_GOVERNED	default proof-pack path	proof_packs/FINAL_SEAL_EXECUTION_2026-03-07_1239_757ae4d4c/
proof_packs/FINAL_SEAL_EXECUTION_2026-03-07_1239_757ae4d4c/09_SEAL_DECLARATION.md	599	LOCAL_ONLY_HISTORICAL	HISTORICAL_PROOFPACK_PATH	pack directory is indexed as historical/local-only governed residue	registry/proofpack-index.jsonl existing governance entry	KEEP_LOCAL_AS_GOVERNED	default proof-pack path	proof_packs/FINAL_SEAL_EXECUTION_2026-03-07_1239_757ae4d4c/
proof_packs/FINAL_SEAL_EXECUTION_2026-03-07_1239_757ae4d4c/10_SEAL_CERTIFICATE.md	1129	LOCAL_ONLY_HISTORICAL	HISTORICAL_PROOFPACK_PATH	pack directory is indexed as historical/local-only governed residue	registry/proofpack-index.jsonl existing governance entry	KEEP_LOCAL_AS_GOVERNED	default proof-pack path	proof_packs/FINAL_SEAL_EXECUTION_2026-03-07_1239_757ae4d4c/
proof_packs/FINAL_SEAL_EXECUTION_2026-03-07_1239_757ae4d4c/ROLLBACK.md	208	LOCAL_ONLY_HISTORICAL	HISTORICAL_PROOFPACK_PATH	pack directory is indexed as historical/local-only governed residue	registry/proofpack-index.jsonl existing governance entry	KEEP_LOCAL_AS_GOVERNED	default proof-pack path	proof_packs/FINAL_SEAL_EXECUTION_2026-03-07_1239_757ae4d4c/
proof_packs/FINAL_SEAL_EXECUTION_2026-03-07_1239_757ae4d4c/VERDICT.md	89	LOCAL_ONLY_HISTORICAL	HISTORICAL_PROOFPACK_PATH	pack directory is indexed as historical/local-only governed residue	registry/proofpack-index.jsonl existing governance entry	KEEP_LOCAL_AS_GOVERNED	default proof-pack path	proof_packs/FINAL_SEAL_EXECUTION_2026-03-07_1239_757ae4d4c/
proof_packs/FINAL_SEAL_EXECUTION_2026-03-07_1239_757ae4d4c/raw/ci_runs_for_head.json	6332	LOCAL_ONLY_HISTORICAL	TEMPORARY_RAW_LOG_PATH	pack directory is indexed as historical/local-only governed residue	registry/proofpack-index.jsonl existing governance entry	KEEP_LOCAL_AS_GOVERNED	contains /raw/ execution evidence	proof_packs/FINAL_SEAL_EXECUTION_2026-03-07_1239_757ae4d4c/
proof_packs/FINAL_SEAL_EXECUTION_2026-03-07_1239_757ae4d4c/raw/doctrine_11_FINAL_DECISION.md	2012	LOCAL_ONLY_HISTORICAL	TEMPORARY_RAW_LOG_PATH	pack directory is indexed as historical/local-only governed residue	registry/proofpack-index.jsonl existing governance entry	KEEP_LOCAL_AS_GOVERNED	contains /raw/ execution evidence	proof_packs/FINAL_SEAL_EXECUTION_2026-03-07_1239_757ae4d4c/
proof_packs/FINAL_SEAL_EXECUTION_2026-03-07_1239_757ae4d4c/raw/doctrine_VERDICT.md	397	LOCAL_ONLY_HISTORICAL	TEMPORARY_RAW_LOG_PATH	pack directory is indexed as historical/local-only governed residue	registry/proofpack-index.jsonl existing governance entry	KEEP_LOCAL_AS_GOVERNED	contains /raw/ execution evidence	proof_packs/FINAL_SEAL_EXECUTION_2026-03-07_1239_757ae4d4c/
proof_packs/FINAL_SEAL_EXECUTION_2026-03-07_1239_757ae4d4c/raw/doctrine_pack_exists.txt	70	LOCAL_ONLY_HISTORICAL	TEMPORARY_RAW_LOG_PATH	pack directory is indexed as historical/local-only governed residue	registry/proofpack-index.jsonl existing governance entry	KEEP_LOCAL_AS_GOVERNED	contains /raw/ execution evidence	proof_packs/FINAL_SEAL_EXECUTION_2026-03-07_1239_757ae4d4c/
proof_packs/FINAL_SEAL_EXECUTION_2026-03-07_1239_757ae4d4c/raw/git_branch_show_current.txt	5	LOCAL_ONLY_HISTORICAL	TEMPORARY_RAW_LOG_PATH	pack directory is indexed as historical/local-only governed residue	registry/proofpack-index.jsonl existing governance entry	KEEP_LOCAL_AS_GOVERNED	contains /raw/ execution evidence	proof_packs/FINAL_SEAL_EXECUTION_2026-03-07_1239_757ae4d4c/
proof_packs/FINAL_SEAL_EXECUTION_2026-03-07_1239_757ae4d4c/raw/git_log_10_oneline.txt	714	LOCAL_ONLY_HISTORICAL	TEMPORARY_RAW_LOG_PATH	pack directory is indexed as historical/local-only governed residue	registry/proofpack-index.jsonl existing governance entry	KEEP_LOCAL_AS_GOVERNED	contains /raw/ execution evidence	proof_packs/FINAL_SEAL_EXECUTION_2026-03-07_1239_757ae4d4c/
proof_packs/FINAL_SEAL_EXECUTION_2026-03-07_1239_757ae4d4c/raw/git_rev_parse_short.txt	10	LOCAL_ONLY_HISTORICAL	TEMPORARY_RAW_LOG_PATH	pack directory is indexed as historical/local-only governed residue	registry/proofpack-index.jsonl existing governance entry	KEEP_LOCAL_AS_GOVERNED	contains /raw/ execution evidence	proof_packs/FINAL_SEAL_EXECUTION_2026-03-07_1239_757ae4d4c/
proof_packs/FINAL_SEAL_EXECUTION_2026-03-07_1239_757ae4d4c/raw/git_status_short.txt	512	LOCAL_ONLY_HISTORICAL	TEMPORARY_RAW_LOG_PATH	pack directory is indexed as historical/local-only governed residue	registry/proofpack-index.jsonl existing governance entry	KEEP_LOCAL_AS_GOVERNED	contains /raw/ execution evidence	proof_packs/FINAL_SEAL_EXECUTION_2026-03-07_1239_757ae4d4c/
proof_packs/FINAL_SEAL_EXECUTION_2026-03-07_1239_757ae4d4c/raw/hygiene_10_FINAL_DECISION.md	1631	LOCAL_ONLY_HISTORICAL	TEMPORARY_RAW_LOG_PATH	pack directory is indexed as historical/local-only governed residue	registry/proofpack-index.jsonl existing governance entry	KEEP_LOCAL_AS_GOVERNED	contains /raw/ execution evidence	proof_packs/FINAL_SEAL_EXECUTION_2026-03-07_1239_757ae4d4c/
proof_packs/FINAL_SEAL_EXECUTION_2026-03-07_1239_757ae4d4c/raw/hygiene_VERDICT.md	205	LOCAL_ONLY_HISTORICAL	TEMPORARY_RAW_LOG_PATH	pack directory is indexed as historical/local-only governed residue	registry/proofpack-index.jsonl existing governance entry	KEEP_LOCAL_AS_GOVERNED	contains /raw/ execution evidence	proof_packs/FINAL_SEAL_EXECUTION_2026-03-07_1239_757ae4d4c/
proof_packs/FINAL_SEAL_EXECUTION_2026-03-07_1239_757ae4d4c/raw/hygiene_pack_exists.txt	67	LOCAL_ONLY_HISTORICAL	TEMPORARY_RAW_LOG_PATH	pack directory is indexed as historical/local-only governed residue	registry/proofpack-index.jsonl existing governance entry	KEEP_LOCAL_AS_GOVERNED	contains /raw/ execution evidence	proof_packs/FINAL_SEAL_EXECUTION_2026-03-07_1239_757ae4d4c/
proof_packs/FINAL_SEAL_EXECUTION_2026-03-07_1239_757ae4d4c/raw/integrity_doctrine_check.txt	329	LOCAL_ONLY_HISTORICAL	TEMPORARY_RAW_LOG_PATH	pack directory is indexed as historical/local-only governed residue	registry/proofpack-index.jsonl existing governance entry	KEEP_LOCAL_AS_GOVERNED	contains /raw/ execution evidence	proof_packs/FINAL_SEAL_EXECUTION_2026-03-07_1239_757ae4d4c/
proof_packs/FINAL_SEAL_EXECUTION_2026-03-07_1239_757ae4d4c/raw/integrity_hygiene_check.txt	317	LOCAL_ONLY_HISTORICAL	TEMPORARY_RAW_LOG_PATH	pack directory is indexed as historical/local-only governed residue	registry/proofpack-index.jsonl existing governance entry	KEEP_LOCAL_AS_GOVERNED	contains /raw/ execution evidence	proof_packs/FINAL_SEAL_EXECUTION_2026-03-07_1239_757ae4d4c/
proof_packs/FINAL_SEAL_EXECUTION_2026-03-07_1239_757ae4d4c/raw/integrity_required_doctrine_files.txt	287	LOCAL_ONLY_HISTORICAL	TEMPORARY_RAW_LOG_PATH	pack directory is indexed as historical/local-only governed residue	registry/proofpack-index.jsonl existing governance entry	KEEP_LOCAL_AS_GOVERNED	contains /raw/ execution evidence	proof_packs/FINAL_SEAL_EXECUTION_2026-03-07_1239_757ae4d4c/
proof_packs/FINAL_SEAL_EXECUTION_2026-03-07_1239_757ae4d4c/raw/integrity_required_hygiene_files.txt	278	LOCAL_ONLY_HISTORICAL	TEMPORARY_RAW_LOG_PATH	pack directory is indexed as historical/local-only governed residue	registry/proofpack-index.jsonl existing governance entry	KEEP_LOCAL_AS_GOVERNED	contains /raw/ execution evidence	proof_packs/FINAL_SEAL_EXECUTION_2026-03-07_1239_757ae4d4c/
proof_packs/FINAL_SEAL_EXECUTION_2026-03-07_1239_757ae4d4c/raw/integrity_summary.txt	37	LOCAL_ONLY_HISTORICAL	TEMPORARY_RAW_LOG_PATH	pack directory is indexed as historical/local-only governed residue	registry/proofpack-index.jsonl existing governance entry	KEEP_LOCAL_AS_GOVERNED	contains /raw/ execution evidence	proof_packs/FINAL_SEAL_EXECUTION_2026-03-07_1239_757ae4d4c/
proof_packs/FINAL_SEAL_EXECUTION_2026-03-07_1239_757ae4d4c/raw/metric_ci_non_success.txt	2	LOCAL_ONLY_HISTORICAL	TEMPORARY_RAW_LOG_PATH	pack directory is indexed as historical/local-only governed residue	registry/proofpack-index.jsonl existing governance entry	KEEP_LOCAL_AS_GOVERNED	contains /raw/ execution evidence	proof_packs/FINAL_SEAL_EXECUTION_2026-03-07_1239_757ae4d4c/
proof_packs/FINAL_SEAL_EXECUTION_2026-03-07_1239_757ae4d4c/raw/metric_ci_success_runs.txt	3	LOCAL_ONLY_HISTORICAL	TEMPORARY_RAW_LOG_PATH	pack directory is indexed as historical/local-only governed residue	registry/proofpack-index.jsonl existing governance entry	KEEP_LOCAL_AS_GOVERNED	contains /raw/ execution evidence	proof_packs/FINAL_SEAL_EXECUTION_2026-03-07_1239_757ae4d4c/
proof_packs/FINAL_SEAL_EXECUTION_2026-03-07_1239_757ae4d4c/raw/metric_ci_total_runs.txt	3	LOCAL_ONLY_HISTORICAL	TEMPORARY_RAW_LOG_PATH	pack directory is indexed as historical/local-only governed residue	registry/proofpack-index.jsonl existing governance entry	KEEP_LOCAL_AS_GOVERNED	contains /raw/ execution evidence	proof_packs/FINAL_SEAL_EXECUTION_2026-03-07_1239_757ae4d4c/
proof_packs/FINAL_SEAL_EXECUTION_2026-03-07_1239_757ae4d4c/raw/recheck_detect_recurrence.exit	2	LOCAL_ONLY_HISTORICAL	TEMPORARY_RAW_LOG_PATH	pack directory is indexed as historical/local-only governed residue	registry/proofpack-index.jsonl existing governance entry	KEEP_LOCAL_AS_GOVERNED	contains /raw/ execution evidence	proof_packs/FINAL_SEAL_EXECUTION_2026-03-07_1239_757ae4d4c/
proof_packs/FINAL_SEAL_EXECUTION_2026-03-07_1239_757ae4d4c/raw/recheck_detect_recurrence.tail20.txt	154	LOCAL_ONLY_HISTORICAL	TEMPORARY_RAW_LOG_PATH	pack directory is indexed as historical/local-only governed residue	registry/proofpack-index.jsonl existing governance entry	KEEP_LOCAL_AS_GOVERNED	contains /raw/ execution evidence	proof_packs/FINAL_SEAL_EXECUTION_2026-03-07_1239_757ae4d4c/
proof_packs/FINAL_SEAL_EXECUTION_2026-03-07_1239_757ae4d4c/raw/recheck_detect_recurrence.txt	154	LOCAL_ONLY_HISTORICAL	TEMPORARY_RAW_LOG_PATH	pack directory is indexed as historical/local-only governed residue	registry/proofpack-index.jsonl existing governance entry	KEEP_LOCAL_AS_GOVERNED	contains /raw/ execution evidence	proof_packs/FINAL_SEAL_EXECUTION_2026-03-07_1239_757ae4d4c/
proof_packs/FINAL_SEAL_EXECUTION_2026-03-07_1239_757ae4d4c/raw/recheck_verify_instructions.exit	2	LOCAL_ONLY_HISTORICAL	TEMPORARY_RAW_LOG_PATH	pack directory is indexed as historical/local-only governed residue	registry/proofpack-index.jsonl existing governance entry	KEEP_LOCAL_AS_GOVERNED	contains /raw/ execution evidence	proof_packs/FINAL_SEAL_EXECUTION_2026-03-07_1239_757ae4d4c/
proof_packs/FINAL_SEAL_EXECUTION_2026-03-07_1239_757ae4d4c/raw/recheck_verify_instructions.tail20.txt	697	LOCAL_ONLY_HISTORICAL	TEMPORARY_RAW_LOG_PATH	pack directory is indexed as historical/local-only governed residue	registry/proofpack-index.jsonl existing governance entry	KEEP_LOCAL_AS_GOVERNED	contains /raw/ execution evidence	proof_packs/FINAL_SEAL_EXECUTION_2026-03-07_1239_757ae4d4c/
proof_packs/FINAL_SEAL_EXECUTION_2026-03-07_1239_757ae4d4c/raw/recheck_verify_instructions.txt	767	LOCAL_ONLY_HISTORICAL	TEMPORARY_RAW_LOG_PATH	pack directory is indexed as historical/local-only governed residue	registry/proofpack-index.jsonl existing governance entry	KEEP_LOCAL_AS_GOVERNED	contains /raw/ execution evidence	proof_packs/FINAL_SEAL_EXECUTION_2026-03-07_1239_757ae4d4c/
proof_packs/FINAL_SEAL_EXECUTION_2026-03-07_1239_757ae4d4c/raw/seal_conditions_eval.txt	452	LOCAL_ONLY_HISTORICAL	TEMPORARY_RAW_LOG_PATH	pack directory is indexed as historical/local-only governed residue	registry/proofpack-index.jsonl existing governance entry	KEEP_LOCAL_AS_GOVERNED	contains /raw/ execution evidence	proof_packs/FINAL_SEAL_EXECUTION_2026-03-07_1239_757ae4d4c/
proof_packs/FINAL_SEAL_EXECUTION_2026-03-07_1239_757ae4d4c/raw/workspace_truth_metrics.txt	95	LOCAL_ONLY_HISTORICAL	TEMPORARY_RAW_LOG_PATH	pack directory is indexed as historical/local-only governed residue	registry/proofpack-index.jsonl existing governance entry	KEEP_LOCAL_AS_GOVERNED	contains /raw/ execution evidence	proof_packs/FINAL_SEAL_EXECUTION_2026-03-07_1239_757ae4d4c/
proof_packs/FINAL_SEAL_EXECUTION_2026-03-07_1239_757ae4d4c/raw/workspace_untracked_all.txt	31072	LOCAL_ONLY_HISTORICAL	TEMPORARY_RAW_LOG_PATH	pack directory is indexed as historical/local-only governed residue	registry/proofpack-index.jsonl existing governance entry	KEEP_LOCAL_AS_GOVERNED	contains /raw/ execution evidence	proof_packs/FINAL_SEAL_EXECUTION_2026-03-07_1239_757ae4d4c/
proof_packs/FINAL_SEAL_EXECUTION_2026-03-07_1239_757ae4d4c/raw/workspace_untracked_nonproof_only.txt	0	LOCAL_ONLY_HISTORICAL	TEMPORARY_RAW_LOG_PATH	pack directory is indexed as historical/local-only governed residue	registry/proofpack-index.jsonl existing governance entry	KEEP_LOCAL_AS_GOVERNED	contains /raw/ execution evidence	proof_packs/FINAL_SEAL_EXECUTION_2026-03-07_1239_757ae4d4c/
proof_packs/FINAL_SEAL_EXECUTION_2026-03-07_1239_757ae4d4c/raw/workspace_untracked_proof_only.txt	31072	LOCAL_ONLY_HISTORICAL	TEMPORARY_RAW_LOG_PATH	pack directory is indexed as historical/local-only governed residue	registry/proofpack-index.jsonl existing governance entry	KEEP_LOCAL_AS_GOVERNED	contains /raw/ execution evidence	proof_packs/FINAL_SEAL_EXECUTION_2026-03-07_1239_757ae4d4c/
proof_packs/GOVERNED_IDLE_CHARTER_2026-03-07_0830_757ae4d4c/00_EXEC_SUMMARY.md	763	LOCAL_ONLY_HISTORICAL	HISTORICAL_PROOFPACK_PATH	pack directory is indexed as historical/local-only governed residue	registry/proofpack-index.jsonl existing governance entry	KEEP_LOCAL_AS_GOVERNED	default proof-pack path	proof_packs/GOVERNED_IDLE_CHARTER_2026-03-07_0830_757ae4d4c/
proof_packs/GOVERNED_IDLE_CHARTER_2026-03-07_0830_757ae4d4c/01_BOOTSTRAP.md	1014	LOCAL_ONLY_HISTORICAL	HISTORICAL_PROOFPACK_PATH	pack directory is indexed as historical/local-only governed residue	registry/proofpack-index.jsonl existing governance entry	KEEP_LOCAL_AS_GOVERNED	default proof-pack path	proof_packs/GOVERNED_IDLE_CHARTER_2026-03-07_0830_757ae4d4c/
proof_packs/GOVERNED_IDLE_CHARTER_2026-03-07_0830_757ae4d4c/02_IDLE_BASELINE_REFERENCE.md	1065	LOCAL_ONLY_HISTORICAL	HISTORICAL_PROOFPACK_PATH	pack directory is indexed as historical/local-only governed residue	registry/proofpack-index.jsonl existing governance entry	KEEP_LOCAL_AS_GOVERNED	default proof-pack path	proof_packs/GOVERNED_IDLE_CHARTER_2026-03-07_0830_757ae4d4c/
proof_packs/GOVERNED_IDLE_CHARTER_2026-03-07_0830_757ae4d4c/03_ALLOWED_IDLE_ACTIONS.md	1392	LOCAL_ONLY_HISTORICAL	HISTORICAL_PROOFPACK_PATH	pack directory is indexed as historical/local-only governed residue	registry/proofpack-index.jsonl existing governance entry	KEEP_LOCAL_AS_GOVERNED	default proof-pack path	proof_packs/GOVERNED_IDLE_CHARTER_2026-03-07_0830_757ae4d4c/
proof_packs/GOVERNED_IDLE_CHARTER_2026-03-07_0830_757ae4d4c/04_FORBIDDEN_IDLE_ACTIONS.md	1931	LOCAL_ONLY_HISTORICAL	HISTORICAL_PROOFPACK_PATH	pack directory is indexed as historical/local-only governed residue	registry/proofpack-index.jsonl existing governance entry	KEEP_LOCAL_AS_GOVERNED	default proof-pack path	proof_packs/GOVERNED_IDLE_CHARTER_2026-03-07_0830_757ae4d4c/
proof_packs/GOVERNED_IDLE_CHARTER_2026-03-07_0830_757ae4d4c/05_IDLE_DECISION_RULES.md	1082	LOCAL_ONLY_HISTORICAL	HISTORICAL_PROOFPACK_PATH	pack directory is indexed as historical/local-only governed residue	registry/proofpack-index.jsonl existing governance entry	KEEP_LOCAL_AS_GOVERNED	default proof-pack path	proof_packs/GOVERNED_IDLE_CHARTER_2026-03-07_0830_757ae4d4c/
proof_packs/GOVERNED_IDLE_CHARTER_2026-03-07_0830_757ae4d4c/06_BASELINE_PRESERVATION_NOTES.md	1099	LOCAL_ONLY_HISTORICAL	HISTORICAL_PROOFPACK_PATH	pack directory is indexed as historical/local-only governed residue	registry/proofpack-index.jsonl existing governance entry	KEEP_LOCAL_AS_GOVERNED	default proof-pack path	proof_packs/GOVERNED_IDLE_CHARTER_2026-03-07_0830_757ae4d4c/
proof_packs/GOVERNED_IDLE_CHARTER_2026-03-07_0830_757ae4d4c/07_IDLE_OPERATOR_HANDOFF.md	1231	LOCAL_ONLY_HISTORICAL	HISTORICAL_PROOFPACK_PATH	pack directory is indexed as historical/local-only governed residue	registry/proofpack-index.jsonl existing governance entry	KEEP_LOCAL_AS_GOVERNED	default proof-pack path	proof_packs/GOVERNED_IDLE_CHARTER_2026-03-07_0830_757ae4d4c/
proof_packs/GOVERNED_IDLE_CHARTER_2026-03-07_0830_757ae4d4c/ROLLBACK.md	171	LOCAL_ONLY_HISTORICAL	HISTORICAL_PROOFPACK_PATH	pack directory is indexed as historical/local-only governed residue	registry/proofpack-index.jsonl existing governance entry	KEEP_LOCAL_AS_GOVERNED	default proof-pack path	proof_packs/GOVERNED_IDLE_CHARTER_2026-03-07_0830_757ae4d4c/
proof_packs/GOVERNED_IDLE_CHARTER_2026-03-07_0830_757ae4d4c/VERDICT.md	315	LOCAL_ONLY_HISTORICAL	HISTORICAL_PROOFPACK_PATH	pack directory is indexed as historical/local-only governed residue	registry/proofpack-index.jsonl existing governance entry	KEEP_LOCAL_AS_GOVERNED	default proof-pack path	proof_packs/GOVERNED_IDLE_CHARTER_2026-03-07_0830_757ae4d4c/
proof_packs/GOVERNED_IDLE_CHARTER_2026-03-07_0830_757ae4d4c/raw/bootstrap_summary.txt	355	LOCAL_ONLY_HISTORICAL	TEMPORARY_RAW_LOG_PATH	pack directory is indexed as historical/local-only governed residue	registry/proofpack-index.jsonl existing governance entry	KEEP_LOCAL_AS_GOVERNED	contains /raw/ execution evidence	proof_packs/GOVERNED_IDLE_CHARTER_2026-03-07_0830_757ae4d4c/
proof_packs/GOVERNED_IDLE_CHARTER_2026-03-07_0830_757ae4d4c/raw/check_sentinel_baseline_757ae4d4c.txt	32	LOCAL_ONLY_HISTORICAL	TEMPORARY_RAW_LOG_PATH	pack directory is indexed as historical/local-only governed residue	registry/proofpack-index.jsonl existing governance entry	KEEP_LOCAL_AS_GOVERNED	contains /raw/ execution evidence	proof_packs/GOVERNED_IDLE_CHARTER_2026-03-07_0830_757ae4d4c/
proof_packs/GOVERNED_IDLE_CHARTER_2026-03-07_0830_757ae4d4c/raw/check_standby_confirmed_compatible.txt	36	LOCAL_ONLY_HISTORICAL	TEMPORARY_RAW_LOG_PATH	pack directory is indexed as historical/local-only governed residue	registry/proofpack-index.jsonl existing governance entry	KEEP_LOCAL_AS_GOVERNED	contains /raw/ execution evidence	proof_packs/GOVERNED_IDLE_CHARTER_2026-03-07_0830_757ae4d4c/
proof_packs/GOVERNED_IDLE_CHARTER_2026-03-07_0830_757ae4d4c/raw/check_wake_baseline_757ae4d4c.txt	32	LOCAL_ONLY_HISTORICAL	TEMPORARY_RAW_LOG_PATH	pack directory is indexed as historical/local-only governed residue	registry/proofpack-index.jsonl existing governance entry	KEEP_LOCAL_AS_GOVERNED	contains /raw/ execution evidence	proof_packs/GOVERNED_IDLE_CHARTER_2026-03-07_0830_757ae4d4c/
proof_packs/GOVERNED_IDLE_CHARTER_2026-03-07_0830_757ae4d4c/raw/check_wake_protocol_ready.txt	38	LOCAL_ONLY_HISTORICAL	TEMPORARY_RAW_LOG_PATH	pack directory is indexed as historical/local-only governed residue	registry/proofpack-index.jsonl existing governance entry	KEEP_LOCAL_AS_GOVERNED	contains /raw/ execution evidence	proof_packs/GOVERNED_IDLE_CHARTER_2026-03-07_0830_757ae4d4c/
proof_packs/GOVERNED_IDLE_CHARTER_2026-03-07_0830_757ae4d4c/raw/current_idle_signals.txt	232	LOCAL_ONLY_HISTORICAL	TEMPORARY_RAW_LOG_PATH	pack directory is indexed as historical/local-only governed residue	registry/proofpack-index.jsonl existing governance entry	KEEP_LOCAL_AS_GOVERNED	contains /raw/ execution evidence	proof_packs/GOVERNED_IDLE_CHARTER_2026-03-07_0830_757ae4d4c/
proof_packs/GOVERNED_IDLE_CHARTER_2026-03-07_0830_757ae4d4c/raw/git_branch_show_current.txt	5	LOCAL_ONLY_HISTORICAL	TEMPORARY_RAW_LOG_PATH	pack directory is indexed as historical/local-only governed residue	registry/proofpack-index.jsonl existing governance entry	KEEP_LOCAL_AS_GOVERNED	contains /raw/ execution evidence	proof_packs/GOVERNED_IDLE_CHARTER_2026-03-07_0830_757ae4d4c/
proof_packs/GOVERNED_IDLE_CHARTER_2026-03-07_0830_757ae4d4c/raw/git_rev_parse_short.txt	10	LOCAL_ONLY_HISTORICAL	TEMPORARY_RAW_LOG_PATH	pack directory is indexed as historical/local-only governed residue	registry/proofpack-index.jsonl existing governance entry	KEEP_LOCAL_AS_GOVERNED	contains /raw/ execution evidence	proof_packs/GOVERNED_IDLE_CHARTER_2026-03-07_0830_757ae4d4c/
proof_packs/GOVERNED_IDLE_CHARTER_2026-03-07_0830_757ae4d4c/raw/git_status_short.txt	910	LOCAL_ONLY_HISTORICAL	TEMPORARY_RAW_LOG_PATH	pack directory is indexed as historical/local-only governed residue	registry/proofpack-index.jsonl existing governance entry	KEEP_LOCAL_AS_GOVERNED	contains /raw/ execution evidence	proof_packs/GOVERNED_IDLE_CHARTER_2026-03-07_0830_757ae4d4c/
proof_packs/GOVERNED_IDLE_CHARTER_2026-03-07_0830_757ae4d4c/raw/sentinel_pack_reference.txt	60	LOCAL_ONLY_HISTORICAL	TEMPORARY_RAW_LOG_PATH	pack directory is indexed as historical/local-only governed residue	registry/proofpack-index.jsonl existing governance entry	KEEP_LOCAL_AS_GOVERNED	contains /raw/ execution evidence	proof_packs/GOVERNED_IDLE_CHARTER_2026-03-07_0830_757ae4d4c/
proof_packs/GOVERNED_IDLE_CHARTER_2026-03-07_0830_757ae4d4c/raw/sentinel_verdict_reference.md	162	LOCAL_ONLY_HISTORICAL	TEMPORARY_RAW_LOG_PATH	pack directory is indexed as historical/local-only governed residue	registry/proofpack-index.jsonl existing governance entry	KEEP_LOCAL_AS_GOVERNED	contains /raw/ execution evidence	proof_packs/GOVERNED_IDLE_CHARTER_2026-03-07_0830_757ae4d4c/
proof_packs/GOVERNED_IDLE_CHARTER_2026-03-07_0830_757ae4d4c/raw/wake_pack_reference.txt	64	LOCAL_ONLY_HISTORICAL	TEMPORARY_RAW_LOG_PATH	pack directory is indexed as historical/local-only governed residue	registry/proofpack-index.jsonl existing governance entry	KEEP_LOCAL_AS_GOVERNED	contains /raw/ execution evidence	proof_packs/GOVERNED_IDLE_CHARTER_2026-03-07_0830_757ae4d4c/
proof_packs/GOVERNED_IDLE_CHARTER_2026-03-07_0830_757ae4d4c/raw/wake_path_mapping_reference.md	1561	LOCAL_ONLY_HISTORICAL	TEMPORARY_RAW_LOG_PATH	pack directory is indexed as historical/local-only governed residue	registry/proofpack-index.jsonl existing governance entry	KEEP_LOCAL_AS_GOVERNED	contains /raw/ execution evidence	proof_packs/GOVERNED_IDLE_CHARTER_2026-03-07_0830_757ae4d4c/
proof_packs/GOVERNED_IDLE_CHARTER_2026-03-07_0830_757ae4d4c/raw/wake_trigger_threshold_reference.md	1861	LOCAL_ONLY_HISTORICAL	TEMPORARY_RAW_LOG_PATH	pack directory is indexed as historical/local-only governed residue	registry/proofpack-index.jsonl existing governance entry	KEEP_LOCAL_AS_GOVERNED	contains /raw/ execution evidence	proof_packs/GOVERNED_IDLE_CHARTER_2026-03-07_0830_757ae4d4c/
proof_packs/GOVERNED_IDLE_CHARTER_2026-03-07_0830_757ae4d4c/raw/wake_verdict_reference.md	263	LOCAL_ONLY_HISTORICAL	TEMPORARY_RAW_LOG_PATH	pack directory is indexed as historical/local-only governed residue	registry/proofpack-index.jsonl existing governance entry	KEEP_LOCAL_AS_GOVERNED	contains /raw/ execution evidence	proof_packs/GOVERNED_IDLE_CHARTER_2026-03-07_0830_757ae4d4c/
proof_packs/HISTORICAL_PROOFPACK_GOVERNANCE_2026-03-07_1645_f5819cee9/00_EXEC_SUMMARY.md	0	FUTURE_BOUNDARY_RESIDUE	HISTORICAL_PROOFPACK_PATH	historical-governance lane artifacts are in-progress/superseded cycle residue	local-only policy registry future-boundary rule	HOLD	default proof-pack path	proof_packs/HISTORICAL_PROOFPACK_GOVERNANCE_2026-03-07_1645_f5819cee9/
proof_packs/HISTORICAL_PROOFPACK_GOVERNANCE_2026-03-07_1645_f5819cee9/01_BOOTSTRAP.md	0	FUTURE_BOUNDARY_RESIDUE	HISTORICAL_PROOFPACK_PATH	historical-governance lane artifacts are in-progress/superseded cycle residue	local-only policy registry future-boundary rule	HOLD	default proof-pack path	proof_packs/HISTORICAL_PROOFPACK_GOVERNANCE_2026-03-07_1645_f5819cee9/
proof_packs/HISTORICAL_PROOFPACK_GOVERNANCE_2026-03-07_1645_f5819cee9/02_SCOPE_FREEZE.md	0	FUTURE_BOUNDARY_RESIDUE	HISTORICAL_PROOFPACK_PATH	historical-governance lane artifacts are in-progress/superseded cycle residue	local-only policy registry future-boundary rule	HOLD	default proof-pack path	proof_packs/HISTORICAL_PROOFPACK_GOVERNANCE_2026-03-07_1645_f5819cee9/
proof_packs/HISTORICAL_PROOFPACK_GOVERNANCE_2026-03-07_1645_f5819cee9/03_AUTHORITY_SOURCE_LOAD.md	0	FUTURE_BOUNDARY_RESIDUE	HISTORICAL_PROOFPACK_PATH	historical-governance lane artifacts are in-progress/superseded cycle residue	local-only policy registry future-boundary rule	HOLD	default proof-pack path	proof_packs/HISTORICAL_PROOFPACK_GOVERNANCE_2026-03-07_1645_f5819cee9/
proof_packs/HISTORICAL_PROOFPACK_GOVERNANCE_2026-03-07_1645_f5819cee9/04_HISTORICAL_UNTRACKED_MAP.md	0	FUTURE_BOUNDARY_RESIDUE	HISTORICAL_PROOFPACK_PATH	historical-governance lane artifacts are in-progress/superseded cycle residue	local-only policy registry future-boundary rule	HOLD	default proof-pack path	proof_packs/HISTORICAL_PROOFPACK_GOVERNANCE_2026-03-07_1645_f5819cee9/
proof_packs/HISTORICAL_PROOFPACK_GOVERNANCE_2026-03-07_1645_f5819cee9/05_LOCAL_ONLY_POLICY_MATRIX.md	0	FUTURE_BOUNDARY_RESIDUE	HISTORICAL_PROOFPACK_PATH	historical-governance lane artifacts are in-progress/superseded cycle residue	local-only policy registry future-boundary rule	HOLD	default proof-pack path	proof_packs/HISTORICAL_PROOFPACK_GOVERNANCE_2026-03-07_1645_f5819cee9/
proof_packs/HISTORICAL_PROOFPACK_GOVERNANCE_2026-03-07_1645_f5819cee9/06_GOVERNANCE_ACTIONS.md	0	FUTURE_BOUNDARY_RESIDUE	HISTORICAL_PROOFPACK_PATH	historical-governance lane artifacts are in-progress/superseded cycle residue	local-only policy registry future-boundary rule	HOLD	default proof-pack path	proof_packs/HISTORICAL_PROOFPACK_GOVERNANCE_2026-03-07_1645_f5819cee9/
proof_packs/HISTORICAL_PROOFPACK_GOVERNANCE_2026-03-07_1645_f5819cee9/07_MANIFESTS_AND_INDEXES.md	0	FUTURE_BOUNDARY_RESIDUE	CURRENT_INDEX_PATH	historical-governance lane artifacts are in-progress/superseded cycle residue	local-only policy registry future-boundary rule	HOLD	name/path indicates index material	proof_packs/HISTORICAL_PROOFPACK_GOVERNANCE_2026-03-07_1645_f5819cee9/
proof_packs/HISTORICAL_PROOFPACK_GOVERNANCE_2026-03-07_1645_f5819cee9/08_PUSH_READINESS_RECALC.md	0	FUTURE_BOUNDARY_RESIDUE	HISTORICAL_PROOFPACK_PATH	historical-governance lane artifacts are in-progress/superseded cycle residue	local-only policy registry future-boundary rule	HOLD	default proof-pack path	proof_packs/HISTORICAL_PROOFPACK_GOVERNANCE_2026-03-07_1645_f5819cee9/
proof_packs/HISTORICAL_PROOFPACK_GOVERNANCE_2026-03-07_1645_f5819cee9/09_COUNTER_AUDIT.md	0	FUTURE_BOUNDARY_RESIDUE	HISTORICAL_PROOFPACK_PATH	historical-governance lane artifacts are in-progress/superseded cycle residue	local-only policy registry future-boundary rule	HOLD	default proof-pack path	proof_packs/HISTORICAL_PROOFPACK_GOVERNANCE_2026-03-07_1645_f5819cee9/
proof_packs/HISTORICAL_PROOFPACK_GOVERNANCE_2026-03-07_1645_f5819cee9/10_ROLLBACK.md	0	FUTURE_BOUNDARY_RESIDUE	HISTORICAL_PROOFPACK_PATH	historical-governance lane artifacts are in-progress/superseded cycle residue	local-only policy registry future-boundary rule	HOLD	default proof-pack path	proof_packs/HISTORICAL_PROOFPACK_GOVERNANCE_2026-03-07_1645_f5819cee9/
proof_packs/HISTORICAL_PROOFPACK_GOVERNANCE_2026-03-07_1645_f5819cee9/11_FINAL_VERDICT.md	0	FUTURE_BOUNDARY_RESIDUE	HISTORICAL_PROOFPACK_PATH	historical-governance lane artifacts are in-progress/superseded cycle residue	local-only policy registry future-boundary rule	HOLD	default proof-pack path	proof_packs/HISTORICAL_PROOFPACK_GOVERNANCE_2026-03-07_1645_f5819cee9/
proof_packs/HISTORICAL_PROOFPACK_GOVERNANCE_2026-03-07_1645_f5819cee9/NEXT_ACTION.md	0	FUTURE_BOUNDARY_RESIDUE	HISTORICAL_PROOFPACK_PATH	historical-governance lane artifacts are in-progress/superseded cycle residue	local-only policy registry future-boundary rule	HOLD	default proof-pack path	proof_packs/HISTORICAL_PROOFPACK_GOVERNANCE_2026-03-07_1645_f5819cee9/
proof_packs/HISTORICAL_PROOFPACK_GOVERNANCE_2026-03-07_1645_f5819cee9/ROOT_CAUSE.md	0	FUTURE_BOUNDARY_RESIDUE	HISTORICAL_PROOFPACK_PATH	historical-governance lane artifacts are in-progress/superseded cycle residue	local-only policy registry future-boundary rule	HOLD	default proof-pack path	proof_packs/HISTORICAL_PROOFPACK_GOVERNANCE_2026-03-07_1645_f5819cee9/
proof_packs/HISTORICAL_PROOFPACK_GOVERNANCE_2026-03-07_1645_f5819cee9/raw/git_log5.txt	342	FUTURE_BOUNDARY_RESIDUE	TEMPORARY_RAW_LOG_PATH	historical-governance lane artifacts are in-progress/superseded cycle residue	local-only policy registry future-boundary rule	HOLD	contains /raw/ execution evidence	proof_packs/HISTORICAL_PROOFPACK_GOVERNANCE_2026-03-07_1645_f5819cee9/
proof_packs/HISTORICAL_PROOFPACK_GOVERNANCE_2026-03-07_1645_f5819cee9/raw/git_status.txt	2211	FUTURE_BOUNDARY_RESIDUE	TEMPORARY_RAW_LOG_PATH	historical-governance lane artifacts are in-progress/superseded cycle residue	local-only policy registry future-boundary rule	HOLD	contains /raw/ execution evidence	proof_packs/HISTORICAL_PROOFPACK_GOVERNANCE_2026-03-07_1645_f5819cee9/
proof_packs/HISTORICAL_PROOFPACK_GOVERNANCE_2026-03-07_1645_f5819cee9/raw/git_status_sb.txt	1942	FUTURE_BOUNDARY_RESIDUE	TEMPORARY_RAW_LOG_PATH	historical-governance lane artifacts are in-progress/superseded cycle residue	local-only policy registry future-boundary rule	HOLD	contains /raw/ execution evidence	proof_packs/HISTORICAL_PROOFPACK_GOVERNANCE_2026-03-07_1645_f5819cee9/
proof_packs/HISTORICAL_PROOFPACK_GOVERNANCE_2026-03-07_1645_f5819cee9/raw/git_status_short.txt	1909	FUTURE_BOUNDARY_RESIDUE	TEMPORARY_RAW_LOG_PATH	historical-governance lane artifacts are in-progress/superseded cycle residue	local-only policy registry future-boundary rule	HOLD	contains /raw/ execution evidence	proof_packs/HISTORICAL_PROOFPACK_GOVERNANCE_2026-03-07_1645_f5819cee9/
proof_packs/HISTORICAL_PROOFPACK_GOVERNANCE_2026-03-07_1645_f5819cee9/raw/head_short.txt	10	FUTURE_BOUNDARY_RESIDUE	TEMPORARY_RAW_LOG_PATH	historical-governance lane artifacts are in-progress/superseded cycle residue	local-only policy registry future-boundary rule	HOLD	contains /raw/ execution evidence	proof_packs/HISTORICAL_PROOFPACK_GOVERNANCE_2026-03-07_1645_f5819cee9/
proof_packs/HISTORICAL_PROOFPACK_GOVERNANCE_2026-03-07_1645_f5819cee9/raw/phase0_counts.env	91	FUTURE_BOUNDARY_RESIDUE	TEMPORARY_RAW_LOG_PATH	historical-governance lane artifacts are in-progress/superseded cycle residue	local-only policy registry future-boundary rule	HOLD	contains /raw/ execution evidence	proof_packs/HISTORICAL_PROOFPACK_GOVERNANCE_2026-03-07_1645_f5819cee9/
proof_packs/HISTORICAL_PROOFPACK_GOVERNANCE_2026-03-07_1645_f5819cee9/raw/proof_packs_du.txt	5237	FUTURE_BOUNDARY_RESIDUE	TEMPORARY_RAW_LOG_PATH	historical-governance lane artifacts are in-progress/superseded cycle residue	local-only policy registry future-boundary rule	HOLD	contains /raw/ execution evidence	proof_packs/HISTORICAL_PROOFPACK_GOVERNANCE_2026-03-07_1645_f5819cee9/
proof_packs/HISTORICAL_PROOFPACK_GOVERNANCE_2026-03-07_1645_f5819cee9/raw/proof_packs_find.txt	174607	FUTURE_BOUNDARY_RESIDUE	TEMPORARY_RAW_LOG_PATH	historical-governance lane artifacts are in-progress/superseded cycle residue	local-only policy registry future-boundary rule	HOLD	contains /raw/ execution evidence	proof_packs/HISTORICAL_PROOFPACK_GOVERNANCE_2026-03-07_1645_f5819cee9/
proof_packs/HISTORICAL_PROOFPACK_GOVERNANCE_2026-03-07_1645_f5819cee9/raw/staged_names.txt	0	FUTURE_BOUNDARY_RESIDUE	TEMPORARY_RAW_LOG_PATH	historical-governance lane artifacts are in-progress/superseded cycle residue	local-only policy registry future-boundary rule	HOLD	contains /raw/ execution evidence	proof_packs/HISTORICAL_PROOFPACK_GOVERNANCE_2026-03-07_1645_f5819cee9/
proof_packs/HISTORICAL_PROOFPACK_GOVERNANCE_2026-03-07_1645_f5819cee9/raw/tracked_modified.txt	0	FUTURE_BOUNDARY_RESIDUE	TEMPORARY_RAW_LOG_PATH	historical-governance lane artifacts are in-progress/superseded cycle residue	local-only policy registry future-boundary rule	HOLD	contains /raw/ execution evidence	proof_packs/HISTORICAL_PROOFPACK_GOVERNANCE_2026-03-07_1645_f5819cee9/
proof_packs/HISTORICAL_PROOFPACK_GOVERNANCE_2026-03-07_1645_f5819cee9/raw/untracked_all.txt	88050	FUTURE_BOUNDARY_RESIDUE	TEMPORARY_RAW_LOG_PATH	historical-governance lane artifacts are in-progress/superseded cycle residue	local-only policy registry future-boundary rule	HOLD	contains /raw/ execution evidence	proof_packs/HISTORICAL_PROOFPACK_GOVERNANCE_2026-03-07_1645_f5819cee9/
proof_packs/HISTORICAL_PROOFPACK_GOVERNANCE_2026-03-07_1646_f5819cee9/00_EXEC_SUMMARY.md	1066	FUTURE_BOUNDARY_RESIDUE	HISTORICAL_PROOFPACK_PATH	historical-governance lane artifacts are in-progress/superseded cycle residue	local-only policy registry future-boundary rule	HOLD	default proof-pack path	proof_packs/HISTORICAL_PROOFPACK_GOVERNANCE_2026-03-07_1646_f5819cee9/
proof_packs/HISTORICAL_PROOFPACK_GOVERNANCE_2026-03-07_1646_f5819cee9/01_BOOTSTRAP.md	1217	FUTURE_BOUNDARY_RESIDUE	HISTORICAL_PROOFPACK_PATH	historical-governance lane artifacts are in-progress/superseded cycle residue	local-only policy registry future-boundary rule	HOLD	default proof-pack path	proof_packs/HISTORICAL_PROOFPACK_GOVERNANCE_2026-03-07_1646_f5819cee9/
proof_packs/HISTORICAL_PROOFPACK_GOVERNANCE_2026-03-07_1646_f5819cee9/02_SCOPE_FREEZE.md	683	FUTURE_BOUNDARY_RESIDUE	HISTORICAL_PROOFPACK_PATH	historical-governance lane artifacts are in-progress/superseded cycle residue	local-only policy registry future-boundary rule	HOLD	default proof-pack path	proof_packs/HISTORICAL_PROOFPACK_GOVERNANCE_2026-03-07_1646_f5819cee9/
proof_packs/HISTORICAL_PROOFPACK_GOVERNANCE_2026-03-07_1646_f5819cee9/03_AUTHORITY_SOURCE_LOAD.md	990	FUTURE_BOUNDARY_RESIDUE	HISTORICAL_PROOFPACK_PATH	historical-governance lane artifacts are in-progress/superseded cycle residue	local-only policy registry future-boundary rule	HOLD	default proof-pack path	proof_packs/HISTORICAL_PROOFPACK_GOVERNANCE_2026-03-07_1646_f5819cee9/
proof_packs/HISTORICAL_PROOFPACK_GOVERNANCE_2026-03-07_1646_f5819cee9/04_HISTORICAL_UNTRACKED_MAP.md	971	FUTURE_BOUNDARY_RESIDUE	HISTORICAL_PROOFPACK_PATH	historical-governance lane artifacts are in-progress/superseded cycle residue	local-only policy registry future-boundary rule	HOLD	default proof-pack path	proof_packs/HISTORICAL_PROOFPACK_GOVERNANCE_2026-03-07_1646_f5819cee9/
proof_packs/HISTORICAL_PROOFPACK_GOVERNANCE_2026-03-07_1646_f5819cee9/05_LOCAL_ONLY_POLICY_MATRIX.md	1662	FUTURE_BOUNDARY_RESIDUE	HISTORICAL_PROOFPACK_PATH	historical-governance lane artifacts are in-progress/superseded cycle residue	local-only policy registry future-boundary rule	HOLD	default proof-pack path	proof_packs/HISTORICAL_PROOFPACK_GOVERNANCE_2026-03-07_1646_f5819cee9/
proof_packs/HISTORICAL_PROOFPACK_GOVERNANCE_2026-03-07_1646_f5819cee9/06_GOVERNANCE_ACTIONS.md	2132	FUTURE_BOUNDARY_RESIDUE	HISTORICAL_PROOFPACK_PATH	historical-governance lane artifacts are in-progress/superseded cycle residue	local-only policy registry future-boundary rule	HOLD	default proof-pack path	proof_packs/HISTORICAL_PROOFPACK_GOVERNANCE_2026-03-07_1646_f5819cee9/
proof_packs/HISTORICAL_PROOFPACK_GOVERNANCE_2026-03-07_1646_f5819cee9/07_MANIFESTS_AND_INDEXES.md	1827	FUTURE_BOUNDARY_RESIDUE	CURRENT_INDEX_PATH	historical-governance lane artifacts are in-progress/superseded cycle residue	local-only policy registry future-boundary rule	HOLD	name/path indicates index material	proof_packs/HISTORICAL_PROOFPACK_GOVERNANCE_2026-03-07_1646_f5819cee9/
proof_packs/HISTORICAL_PROOFPACK_GOVERNANCE_2026-03-07_1646_f5819cee9/08_PUSH_READINESS_RECALC.md	1268	FUTURE_BOUNDARY_RESIDUE	HISTORICAL_PROOFPACK_PATH	historical-governance lane artifacts are in-progress/superseded cycle residue	local-only policy registry future-boundary rule	HOLD	default proof-pack path	proof_packs/HISTORICAL_PROOFPACK_GOVERNANCE_2026-03-07_1646_f5819cee9/
proof_packs/HISTORICAL_PROOFPACK_GOVERNANCE_2026-03-07_1646_f5819cee9/09_COUNTER_AUDIT.md	1129	FUTURE_BOUNDARY_RESIDUE	HISTORICAL_PROOFPACK_PATH	historical-governance lane artifacts are in-progress/superseded cycle residue	local-only policy registry future-boundary rule	HOLD	default proof-pack path	proof_packs/HISTORICAL_PROOFPACK_GOVERNANCE_2026-03-07_1646_f5819cee9/
proof_packs/HISTORICAL_PROOFPACK_GOVERNANCE_2026-03-07_1646_f5819cee9/10_ROLLBACK.md	745	FUTURE_BOUNDARY_RESIDUE	HISTORICAL_PROOFPACK_PATH	historical-governance lane artifacts are in-progress/superseded cycle residue	local-only policy registry future-boundary rule	HOLD	default proof-pack path	proof_packs/HISTORICAL_PROOFPACK_GOVERNANCE_2026-03-07_1646_f5819cee9/
proof_packs/HISTORICAL_PROOFPACK_GOVERNANCE_2026-03-07_1646_f5819cee9/11_FINAL_VERDICT.md	556	FUTURE_BOUNDARY_RESIDUE	HISTORICAL_PROOFPACK_PATH	historical-governance lane artifacts are in-progress/superseded cycle residue	local-only policy registry future-boundary rule	HOLD	default proof-pack path	proof_packs/HISTORICAL_PROOFPACK_GOVERNANCE_2026-03-07_1646_f5819cee9/
proof_packs/HISTORICAL_PROOFPACK_GOVERNANCE_2026-03-07_1646_f5819cee9/NEXT_ACTION.md	220	FUTURE_BOUNDARY_RESIDUE	HISTORICAL_PROOFPACK_PATH	historical-governance lane artifacts are in-progress/superseded cycle residue	local-only policy registry future-boundary rule	HOLD	default proof-pack path	proof_packs/HISTORICAL_PROOFPACK_GOVERNANCE_2026-03-07_1646_f5819cee9/
proof_packs/HISTORICAL_PROOFPACK_GOVERNANCE_2026-03-07_1646_f5819cee9/ROLLBACK.md	82	FUTURE_BOUNDARY_RESIDUE	HISTORICAL_PROOFPACK_PATH	historical-governance lane artifacts are in-progress/superseded cycle residue	local-only policy registry future-boundary rule	HOLD	default proof-pack path	proof_packs/HISTORICAL_PROOFPACK_GOVERNANCE_2026-03-07_1646_f5819cee9/
proof_packs/HISTORICAL_PROOFPACK_GOVERNANCE_2026-03-07_1646_f5819cee9/ROOT_CAUSE.md	233	FUTURE_BOUNDARY_RESIDUE	HISTORICAL_PROOFPACK_PATH	historical-governance lane artifacts are in-progress/superseded cycle residue	local-only policy registry future-boundary rule	HOLD	default proof-pack path	proof_packs/HISTORICAL_PROOFPACK_GOVERNANCE_2026-03-07_1646_f5819cee9/
proof_packs/HISTORICAL_PROOFPACK_GOVERNANCE_2026-03-07_1646_f5819cee9/VERDICT.md	80	FUTURE_BOUNDARY_RESIDUE	HISTORICAL_PROOFPACK_PATH	historical-governance lane artifacts are in-progress/superseded cycle residue	local-only policy registry future-boundary rule	HOLD	default proof-pack path	proof_packs/HISTORICAL_PROOFPACK_GOVERNANCE_2026-03-07_1646_f5819cee9/
proof_packs/HISTORICAL_PROOFPACK_GOVERNANCE_2026-03-07_1646_f5819cee9/raw/archive_pointer_candidates.txt	71	FUTURE_BOUNDARY_RESIDUE	TEMPORARY_RAW_LOG_PATH	historical-governance lane artifacts are in-progress/superseded cycle residue	local-only policy registry future-boundary rule	HOLD	contains /raw/ execution evidence	proof_packs/HISTORICAL_PROOFPACK_GOVERNANCE_2026-03-07_1646_f5819cee9/
proof_packs/HISTORICAL_PROOFPACK_GOVERNANCE_2026-03-07_1646_f5819cee9/raw/class_by_packdir.txt	2727	FUTURE_BOUNDARY_RESIDUE	TEMPORARY_RAW_LOG_PATH	historical-governance lane artifacts are in-progress/superseded cycle residue	local-only policy registry future-boundary rule	HOLD	contains /raw/ execution evidence	proof_packs/HISTORICAL_PROOFPACK_GOVERNANCE_2026-03-07_1646_f5819cee9/
proof_packs/HISTORICAL_PROOFPACK_GOVERNANCE_2026-03-07_1646_f5819cee9/raw/counter_audit_mapped_not_untracked.txt	0	FUTURE_BOUNDARY_RESIDUE	TEMPORARY_RAW_LOG_PATH	historical-governance lane artifacts are in-progress/superseded cycle residue	local-only policy registry future-boundary rule	HOLD	contains /raw/ execution evidence	proof_packs/HISTORICAL_PROOFPACK_GOVERNANCE_2026-03-07_1646_f5819cee9/
proof_packs/HISTORICAL_PROOFPACK_GOVERNANCE_2026-03-07_1646_f5819cee9/raw/counter_audit_stats.env	120	FUTURE_BOUNDARY_RESIDUE	TEMPORARY_RAW_LOG_PATH	historical-governance lane artifacts are in-progress/superseded cycle residue	local-only policy registry future-boundary rule	HOLD	contains /raw/ execution evidence	proof_packs/HISTORICAL_PROOFPACK_GOVERNANCE_2026-03-07_1646_f5819cee9/
proof_packs/HISTORICAL_PROOFPACK_GOVERNANCE_2026-03-07_1646_f5819cee9/raw/counter_audit_untracked_not_mapped.txt	0	FUTURE_BOUNDARY_RESIDUE	TEMPORARY_RAW_LOG_PATH	historical-governance lane artifacts are in-progress/superseded cycle residue	local-only policy registry future-boundary rule	HOLD	contains /raw/ execution evidence	proof_packs/HISTORICAL_PROOFPACK_GOVERNANCE_2026-03-07_1646_f5819cee9/
proof_packs/HISTORICAL_PROOFPACK_GOVERNANCE_2026-03-07_1646_f5819cee9/raw/final_action_counts.env	91	FUTURE_BOUNDARY_RESIDUE	TEMPORARY_RAW_LOG_PATH	historical-governance lane artifacts are in-progress/superseded cycle residue	local-only policy registry future-boundary rule	HOLD	contains /raw/ execution evidence	proof_packs/HISTORICAL_PROOFPACK_GOVERNANCE_2026-03-07_1646_f5819cee9/
proof_packs/HISTORICAL_PROOFPACK_GOVERNANCE_2026-03-07_1646_f5819cee9/raw/final_archive_pointer_candidates.txt	71	FUTURE_BOUNDARY_RESIDUE	TEMPORARY_RAW_LOG_PATH	historical-governance lane artifacts are in-progress/superseded cycle residue	local-only policy registry future-boundary rule	HOLD	contains /raw/ execution evidence	proof_packs/HISTORICAL_PROOFPACK_GOVERNANCE_2026-03-07_1646_f5819cee9/
proof_packs/HISTORICAL_PROOFPACK_GOVERNANCE_2026-03-07_1646_f5819cee9/raw/final_class_counts.env	203	FUTURE_BOUNDARY_RESIDUE	TEMPORARY_RAW_LOG_PATH	historical-governance lane artifacts are in-progress/superseded cycle residue	local-only policy registry future-boundary rule	HOLD	contains /raw/ execution evidence	proof_packs/HISTORICAL_PROOFPACK_GOVERNANCE_2026-03-07_1646_f5819cee9/
proof_packs/HISTORICAL_PROOFPACK_GOVERNANCE_2026-03-07_1646_f5819cee9/raw/final_counts.env	61	FUTURE_BOUNDARY_RESIDUE	TEMPORARY_RAW_LOG_PATH	historical-governance lane artifacts are in-progress/superseded cycle residue	local-only policy registry future-boundary rule	HOLD	contains /raw/ execution evidence	proof_packs/HISTORICAL_PROOFPACK_GOVERNANCE_2026-03-07_1646_f5819cee9/
proof_packs/HISTORICAL_PROOFPACK_GOVERNANCE_2026-03-07_1646_f5819cee9/raw/final_excluded_by_policy_pack_dirs.txt	135	FUTURE_BOUNDARY_RESIDUE	TEMPORARY_RAW_LOG_PATH	historical-governance lane artifacts are in-progress/superseded cycle residue	local-only policy registry future-boundary rule	HOLD	contains /raw/ execution evidence	proof_packs/HISTORICAL_PROOFPACK_GOVERNANCE_2026-03-07_1646_f5819cee9/
proof_packs/HISTORICAL_PROOFPACK_GOVERNANCE_2026-03-07_1646_f5819cee9/raw/final_future_boundary_pack_dirs.txt	142	FUTURE_BOUNDARY_RESIDUE	TEMPORARY_RAW_LOG_PATH	historical-governance lane artifacts are in-progress/superseded cycle residue	local-only policy registry future-boundary rule	HOLD	contains /raw/ execution evidence	proof_packs/HISTORICAL_PROOFPACK_GOVERNANCE_2026-03-07_1646_f5819cee9/
proof_packs/HISTORICAL_PROOFPACK_GOVERNANCE_2026-03-07_1646_f5819cee9/raw/final_git_log5.txt	342	FUTURE_BOUNDARY_RESIDUE	TEMPORARY_RAW_LOG_PATH	historical-governance lane artifacts are in-progress/superseded cycle residue	local-only policy registry future-boundary rule	HOLD	contains /raw/ execution evidence	proof_packs/HISTORICAL_PROOFPACK_GOVERNANCE_2026-03-07_1646_f5819cee9/
proof_packs/HISTORICAL_PROOFPACK_GOVERNANCE_2026-03-07_1646_f5819cee9/raw/final_git_status.txt	2418	FUTURE_BOUNDARY_RESIDUE	TEMPORARY_RAW_LOG_PATH	historical-governance lane artifacts are in-progress/superseded cycle residue	local-only policy registry future-boundary rule	HOLD	contains /raw/ execution evidence	proof_packs/HISTORICAL_PROOFPACK_GOVERNANCE_2026-03-07_1646_f5819cee9/
proof_packs/HISTORICAL_PROOFPACK_GOVERNANCE_2026-03-07_1646_f5819cee9/raw/final_git_status_sb.txt	2155	FUTURE_BOUNDARY_RESIDUE	TEMPORARY_RAW_LOG_PATH	historical-governance lane artifacts are in-progress/superseded cycle residue	local-only policy registry future-boundary rule	HOLD	contains /raw/ execution evidence	proof_packs/HISTORICAL_PROOFPACK_GOVERNANCE_2026-03-07_1646_f5819cee9/
proof_packs/HISTORICAL_PROOFPACK_GOVERNANCE_2026-03-07_1646_f5819cee9/raw/final_git_status_sb_after_docs.txt	2155	FUTURE_BOUNDARY_RESIDUE	TEMPORARY_RAW_LOG_PATH	historical-governance lane artifacts are in-progress/superseded cycle residue	local-only policy registry future-boundary rule	HOLD	contains /raw/ execution evidence	proof_packs/HISTORICAL_PROOFPACK_GOVERNANCE_2026-03-07_1646_f5819cee9/
proof_packs/HISTORICAL_PROOFPACK_GOVERNANCE_2026-03-07_1646_f5819cee9/raw/final_git_status_short.txt	2122	FUTURE_BOUNDARY_RESIDUE	TEMPORARY_RAW_LOG_PATH	historical-governance lane artifacts are in-progress/superseded cycle residue	local-only policy registry future-boundary rule	HOLD	contains /raw/ execution evidence	proof_packs/HISTORICAL_PROOFPACK_GOVERNANCE_2026-03-07_1646_f5819cee9/
proof_packs/HISTORICAL_PROOFPACK_GOVERNANCE_2026-03-07_1646_f5819cee9/raw/final_git_status_short_after_docs.txt	2122	FUTURE_BOUNDARY_RESIDUE	TEMPORARY_RAW_LOG_PATH	historical-governance lane artifacts are in-progress/superseded cycle residue	local-only policy registry future-boundary rule	HOLD	contains /raw/ execution evidence	proof_packs/HISTORICAL_PROOFPACK_GOVERNANCE_2026-03-07_1646_f5819cee9/
proof_packs/HISTORICAL_PROOFPACK_GOVERNANCE_2026-03-07_1646_f5819cee9/raw/final_head_short.txt	10	FUTURE_BOUNDARY_RESIDUE	TEMPORARY_RAW_LOG_PATH	historical-governance lane artifacts are in-progress/superseded cycle residue	local-only policy registry future-boundary rule	HOLD	contains /raw/ execution evidence	proof_packs/HISTORICAL_PROOFPACK_GOVERNANCE_2026-03-07_1646_f5819cee9/
proof_packs/HISTORICAL_PROOFPACK_GOVERNANCE_2026-03-07_1646_f5819cee9/raw/final_heavy_manifest_pack_dirs.txt	123	FUTURE_BOUNDARY_RESIDUE	CURRENT_MANIFEST_PATH	historical-governance lane artifacts are in-progress/superseded cycle residue	local-only policy registry future-boundary rule	HOLD	name/path indicates manifest material	proof_packs/HISTORICAL_PROOFPACK_GOVERNANCE_2026-03-07_1646_f5819cee9/
proof_packs/HISTORICAL_PROOFPACK_GOVERNANCE_2026-03-07_1646_f5819cee9/raw/final_historical_untracked_map.tsv	395813	FUTURE_BOUNDARY_RESIDUE	TEMPORARY_RAW_LOG_PATH	historical-governance lane artifacts are in-progress/superseded cycle residue	local-only policy registry future-boundary rule	HOLD	contains /raw/ execution evidence	proof_packs/HISTORICAL_PROOFPACK_GOVERNANCE_2026-03-07_1646_f5819cee9/
proof_packs/HISTORICAL_PROOFPACK_GOVERNANCE_2026-03-07_1646_f5819cee9/raw/final_indexed_pack_dirs.txt	1803	FUTURE_BOUNDARY_RESIDUE	CURRENT_INDEX_PATH	historical-governance lane artifacts are in-progress/superseded cycle residue	local-only policy registry future-boundary rule	HOLD	name/path indicates index material	proof_packs/HISTORICAL_PROOFPACK_GOVERNANCE_2026-03-07_1646_f5819cee9/
proof_packs/HISTORICAL_PROOFPACK_GOVERNANCE_2026-03-07_1646_f5819cee9/raw/final_needs_index_pack_dirs.txt	0	FUTURE_BOUNDARY_RESIDUE	CURRENT_INDEX_PATH	historical-governance lane artifacts are in-progress/superseded cycle residue	local-only policy registry future-boundary rule	HOLD	name/path indicates index material	proof_packs/HISTORICAL_PROOFPACK_GOVERNANCE_2026-03-07_1646_f5819cee9/
proof_packs/HISTORICAL_PROOFPACK_GOVERNANCE_2026-03-07_1646_f5819cee9/raw/final_needs_manifest_pack_dirs.txt	0	FUTURE_BOUNDARY_RESIDUE	CURRENT_MANIFEST_PATH	historical-governance lane artifacts are in-progress/superseded cycle residue	local-only policy registry future-boundary rule	HOLD	name/path indicates manifest material	proof_packs/HISTORICAL_PROOFPACK_GOVERNANCE_2026-03-07_1646_f5819cee9/
proof_packs/HISTORICAL_PROOFPACK_GOVERNANCE_2026-03-07_1646_f5819cee9/raw/final_readiness.env	190	FUTURE_BOUNDARY_RESIDUE	TEMPORARY_RAW_LOG_PATH	historical-governance lane artifacts are in-progress/superseded cycle residue	local-only policy registry future-boundary rule	HOLD	contains /raw/ execution evidence	proof_packs/HISTORICAL_PROOFPACK_GOVERNANCE_2026-03-07_1646_f5819cee9/
proof_packs/HISTORICAL_PROOFPACK_GOVERNANCE_2026-03-07_1646_f5819cee9/raw/final_role_counts.env	150	FUTURE_BOUNDARY_RESIDUE	TEMPORARY_RAW_LOG_PATH	historical-governance lane artifacts are in-progress/superseded cycle residue	local-only policy registry future-boundary rule	HOLD	contains /raw/ execution evidence	proof_packs/HISTORICAL_PROOFPACK_GOVERNANCE_2026-03-07_1646_f5819cee9/
proof_packs/HISTORICAL_PROOFPACK_GOVERNANCE_2026-03-07_1646_f5819cee9/raw/final_staged_names.txt	0	FUTURE_BOUNDARY_RESIDUE	TEMPORARY_RAW_LOG_PATH	historical-governance lane artifacts are in-progress/superseded cycle residue	local-only policy registry future-boundary rule	HOLD	contains /raw/ execution evidence	proof_packs/HISTORICAL_PROOFPACK_GOVERNANCE_2026-03-07_1646_f5819cee9/
proof_packs/HISTORICAL_PROOFPACK_GOVERNANCE_2026-03-07_1646_f5819cee9/raw/final_tracked_modified.txt	0	FUTURE_BOUNDARY_RESIDUE	TEMPORARY_RAW_LOG_PATH	historical-governance lane artifacts are in-progress/superseded cycle residue	local-only policy registry future-boundary rule	HOLD	contains /raw/ execution evidence	proof_packs/HISTORICAL_PROOFPACK_GOVERNANCE_2026-03-07_1646_f5819cee9/
proof_packs/HISTORICAL_PROOFPACK_GOVERNANCE_2026-03-07_1646_f5819cee9/raw/final_untracked_all.txt	96242	FUTURE_BOUNDARY_RESIDUE	TEMPORARY_RAW_LOG_PATH	historical-governance lane artifacts are in-progress/superseded cycle residue	local-only policy registry future-boundary rule	HOLD	contains /raw/ execution evidence	proof_packs/HISTORICAL_PROOFPACK_GOVERNANCE_2026-03-07_1646_f5819cee9/
proof_packs/HISTORICAL_PROOFPACK_GOVERNANCE_2026-03-07_1646_f5819cee9/raw/gate_detect_recurrence.exitcode	2	FUTURE_BOUNDARY_RESIDUE	TEMPORARY_RAW_LOG_PATH	historical-governance lane artifacts are in-progress/superseded cycle residue	local-only policy registry future-boundary rule	HOLD	contains /raw/ execution evidence	proof_packs/HISTORICAL_PROOFPACK_GOVERNANCE_2026-03-07_1646_f5819cee9/
proof_packs/HISTORICAL_PROOFPACK_GOVERNANCE_2026-03-07_1646_f5819cee9/raw/gate_detect_recurrence_final.exitcode	2	FUTURE_BOUNDARY_RESIDUE	TEMPORARY_RAW_LOG_PATH	historical-governance lane artifacts are in-progress/superseded cycle residue	local-only policy registry future-boundary rule	HOLD	contains /raw/ execution evidence	proof_packs/HISTORICAL_PROOFPACK_GOVERNANCE_2026-03-07_1646_f5819cee9/
proof_packs/HISTORICAL_PROOFPACK_GOVERNANCE_2026-03-07_1646_f5819cee9/raw/gate_verify_instructions.exitcode	2	FUTURE_BOUNDARY_RESIDUE	TEMPORARY_RAW_LOG_PATH	historical-governance lane artifacts are in-progress/superseded cycle residue	local-only policy registry future-boundary rule	HOLD	contains /raw/ execution evidence	proof_packs/HISTORICAL_PROOFPACK_GOVERNANCE_2026-03-07_1646_f5819cee9/
proof_packs/HISTORICAL_PROOFPACK_GOVERNANCE_2026-03-07_1646_f5819cee9/raw/gate_verify_instructions_final.exitcode	2	FUTURE_BOUNDARY_RESIDUE	TEMPORARY_RAW_LOG_PATH	historical-governance lane artifacts are in-progress/superseded cycle residue	local-only policy registry future-boundary rule	HOLD	contains /raw/ execution evidence	proof_packs/HISTORICAL_PROOFPACK_GOVERNANCE_2026-03-07_1646_f5819cee9/
proof_packs/HISTORICAL_PROOFPACK_GOVERNANCE_2026-03-07_1646_f5819cee9/raw/git_log5.txt	342	FUTURE_BOUNDARY_RESIDUE	TEMPORARY_RAW_LOG_PATH	historical-governance lane artifacts are in-progress/superseded cycle residue	local-only policy registry future-boundary rule	HOLD	contains /raw/ execution evidence	proof_packs/HISTORICAL_PROOFPACK_GOVERNANCE_2026-03-07_1646_f5819cee9/
proof_packs/HISTORICAL_PROOFPACK_GOVERNANCE_2026-03-07_1646_f5819cee9/raw/git_status.txt	2283	FUTURE_BOUNDARY_RESIDUE	TEMPORARY_RAW_LOG_PATH	historical-governance lane artifacts are in-progress/superseded cycle residue	local-only policy registry future-boundary rule	HOLD	contains /raw/ execution evidence	proof_packs/HISTORICAL_PROOFPACK_GOVERNANCE_2026-03-07_1646_f5819cee9/
proof_packs/HISTORICAL_PROOFPACK_GOVERNANCE_2026-03-07_1646_f5819cee9/raw/git_status_sb.txt	2016	FUTURE_BOUNDARY_RESIDUE	TEMPORARY_RAW_LOG_PATH	historical-governance lane artifacts are in-progress/superseded cycle residue	local-only policy registry future-boundary rule	HOLD	contains /raw/ execution evidence	proof_packs/HISTORICAL_PROOFPACK_GOVERNANCE_2026-03-07_1646_f5819cee9/
proof_packs/HISTORICAL_PROOFPACK_GOVERNANCE_2026-03-07_1646_f5819cee9/raw/git_status_short.txt	1983	FUTURE_BOUNDARY_RESIDUE	TEMPORARY_RAW_LOG_PATH	historical-governance lane artifacts are in-progress/superseded cycle residue	local-only policy registry future-boundary rule	HOLD	contains /raw/ execution evidence	proof_packs/HISTORICAL_PROOFPACK_GOVERNANCE_2026-03-07_1646_f5819cee9/
proof_packs/HISTORICAL_PROOFPACK_GOVERNANCE_2026-03-07_1646_f5819cee9/raw/governance_commit_hash.txt	10	FUTURE_BOUNDARY_RESIDUE	TEMPORARY_RAW_LOG_PATH	historical-governance lane artifacts are in-progress/superseded cycle residue	local-only policy registry future-boundary rule	HOLD	contains /raw/ execution evidence	proof_packs/HISTORICAL_PROOFPACK_GOVERNANCE_2026-03-07_1646_f5819cee9/
proof_packs/HISTORICAL_PROOFPACK_GOVERNANCE_2026-03-07_1646_f5819cee9/raw/governance_commit_show.txt	253	FUTURE_BOUNDARY_RESIDUE	TEMPORARY_RAW_LOG_PATH	historical-governance lane artifacts are in-progress/superseded cycle residue	local-only policy registry future-boundary rule	HOLD	contains /raw/ execution evidence	proof_packs/HISTORICAL_PROOFPACK_GOVERNANCE_2026-03-07_1646_f5819cee9/
proof_packs/HISTORICAL_PROOFPACK_GOVERNANCE_2026-03-07_1646_f5819cee9/raw/head_short.txt	10	FUTURE_BOUNDARY_RESIDUE	TEMPORARY_RAW_LOG_PATH	historical-governance lane artifacts are in-progress/superseded cycle residue	local-only policy registry future-boundary rule	HOLD	contains /raw/ execution evidence	proof_packs/HISTORICAL_PROOFPACK_GOVERNANCE_2026-03-07_1646_f5819cee9/
proof_packs/HISTORICAL_PROOFPACK_GOVERNANCE_2026-03-07_1646_f5819cee9/raw/heavy_manifest_pack_dirs.count	105	FUTURE_BOUNDARY_RESIDUE	CURRENT_MANIFEST_PATH	historical-governance lane artifacts are in-progress/superseded cycle residue	local-only policy registry future-boundary rule	HOLD	name/path indicates manifest material	proof_packs/HISTORICAL_PROOFPACK_GOVERNANCE_2026-03-07_1646_f5819cee9/
proof_packs/HISTORICAL_PROOFPACK_GOVERNANCE_2026-03-07_1646_f5819cee9/raw/heavy_manifest_pack_dirs.txt	123	FUTURE_BOUNDARY_RESIDUE	CURRENT_MANIFEST_PATH	historical-governance lane artifacts are in-progress/superseded cycle residue	local-only policy registry future-boundary rule	HOLD	name/path indicates manifest material	proof_packs/HISTORICAL_PROOFPACK_GOVERNANCE_2026-03-07_1646_f5819cee9/
proof_packs/HISTORICAL_PROOFPACK_GOVERNANCE_2026-03-07_1646_f5819cee9/raw/historical_action_counts.env	91	FUTURE_BOUNDARY_RESIDUE	TEMPORARY_RAW_LOG_PATH	historical-governance lane artifacts are in-progress/superseded cycle residue	local-only policy registry future-boundary rule	HOLD	contains /raw/ execution evidence	proof_packs/HISTORICAL_PROOFPACK_GOVERNANCE_2026-03-07_1646_f5819cee9/
proof_packs/HISTORICAL_PROOFPACK_GOVERNANCE_2026-03-07_1646_f5819cee9/raw/historical_class_counts.env	176	FUTURE_BOUNDARY_RESIDUE	TEMPORARY_RAW_LOG_PATH	historical-governance lane artifacts are in-progress/superseded cycle residue	local-only policy registry future-boundary rule	HOLD	contains /raw/ execution evidence	proof_packs/HISTORICAL_PROOFPACK_GOVERNANCE_2026-03-07_1646_f5819cee9/
proof_packs/HISTORICAL_PROOFPACK_GOVERNANCE_2026-03-07_1646_f5819cee9/raw/historical_role_counts.env	121	FUTURE_BOUNDARY_RESIDUE	TEMPORARY_RAW_LOG_PATH	historical-governance lane artifacts are in-progress/superseded cycle residue	local-only policy registry future-boundary rule	HOLD	contains /raw/ execution evidence	proof_packs/HISTORICAL_PROOFPACK_GOVERNANCE_2026-03-07_1646_f5819cee9/
proof_packs/HISTORICAL_PROOFPACK_GOVERNANCE_2026-03-07_1646_f5819cee9/raw/historical_untracked_map.tsv	383096	FUTURE_BOUNDARY_RESIDUE	TEMPORARY_RAW_LOG_PATH	historical-governance lane artifacts are in-progress/superseded cycle residue	local-only policy registry future-boundary rule	HOLD	contains /raw/ execution evidence	proof_packs/HISTORICAL_PROOFPACK_GOVERNANCE_2026-03-07_1646_f5819cee9/
proof_packs/HISTORICAL_PROOFPACK_GOVERNANCE_2026-03-07_1646_f5819cee9/raw/indexed_pack_dirs.count	99	FUTURE_BOUNDARY_RESIDUE	CURRENT_INDEX_PATH	historical-governance lane artifacts are in-progress/superseded cycle residue	local-only policy registry future-boundary rule	HOLD	name/path indicates index material	proof_packs/HISTORICAL_PROOFPACK_GOVERNANCE_2026-03-07_1646_f5819cee9/
proof_packs/HISTORICAL_PROOFPACK_GOVERNANCE_2026-03-07_1646_f5819cee9/raw/indexed_pack_dirs.txt	1803	FUTURE_BOUNDARY_RESIDUE	CURRENT_INDEX_PATH	historical-governance lane artifacts are in-progress/superseded cycle residue	local-only policy registry future-boundary rule	HOLD	name/path indicates index material	proof_packs/HISTORICAL_PROOFPACK_GOVERNANCE_2026-03-07_1646_f5819cee9/
proof_packs/HISTORICAL_PROOFPACK_GOVERNANCE_2026-03-07_1646_f5819cee9/raw/indexed_untracked_pack_dirs.txt	0	FUTURE_BOUNDARY_RESIDUE	CURRENT_INDEX_PATH	historical-governance lane artifacts are in-progress/superseded cycle residue	local-only policy registry future-boundary rule	HOLD	name/path indicates index material	proof_packs/HISTORICAL_PROOFPACK_GOVERNANCE_2026-03-07_1646_f5819cee9/
proof_packs/HISTORICAL_PROOFPACK_GOVERNANCE_2026-03-07_1646_f5819cee9/raw/needs_index_pack_dirs.count	102	FUTURE_BOUNDARY_RESIDUE	CURRENT_INDEX_PATH	historical-governance lane artifacts are in-progress/superseded cycle residue	local-only policy registry future-boundary rule	HOLD	name/path indicates index material	proof_packs/HISTORICAL_PROOFPACK_GOVERNANCE_2026-03-07_1646_f5819cee9/
proof_packs/HISTORICAL_PROOFPACK_GOVERNANCE_2026-03-07_1646_f5819cee9/raw/needs_index_pack_dirs.txt	142	FUTURE_BOUNDARY_RESIDUE	CURRENT_INDEX_PATH	historical-governance lane artifacts are in-progress/superseded cycle residue	local-only policy registry future-boundary rule	HOLD	name/path indicates index material	proof_packs/HISTORICAL_PROOFPACK_GOVERNANCE_2026-03-07_1646_f5819cee9/
proof_packs/HISTORICAL_PROOFPACK_GOVERNANCE_2026-03-07_1646_f5819cee9/raw/needs_index_pack_dirs_resolved.txt	0	FUTURE_BOUNDARY_RESIDUE	CURRENT_INDEX_PATH	historical-governance lane artifacts are in-progress/superseded cycle residue	local-only policy registry future-boundary rule	HOLD	name/path indicates index material	proof_packs/HISTORICAL_PROOFPACK_GOVERNANCE_2026-03-07_1646_f5819cee9/
proof_packs/HISTORICAL_PROOFPACK_GOVERNANCE_2026-03-07_1646_f5819cee9/raw/needs_manifest_pack_dirs.txt	0	FUTURE_BOUNDARY_RESIDUE	CURRENT_MANIFEST_PATH	historical-governance lane artifacts are in-progress/superseded cycle residue	local-only policy registry future-boundary rule	HOLD	name/path indicates manifest material	proof_packs/HISTORICAL_PROOFPACK_GOVERNANCE_2026-03-07_1646_f5819cee9/
proof_packs/HISTORICAL_PROOFPACK_GOVERNANCE_2026-03-07_1646_f5819cee9/raw/phase0_counts.env	93	FUTURE_BOUNDARY_RESIDUE	TEMPORARY_RAW_LOG_PATH	historical-governance lane artifacts are in-progress/superseded cycle residue	local-only policy registry future-boundary rule	HOLD	contains /raw/ execution evidence	proof_packs/HISTORICAL_PROOFPACK_GOVERNANCE_2026-03-07_1646_f5819cee9/
proof_packs/HISTORICAL_PROOFPACK_GOVERNANCE_2026-03-07_1646_f5819cee9/raw/proof_packs_du.txt	5312	FUTURE_BOUNDARY_RESIDUE	TEMPORARY_RAW_LOG_PATH	historical-governance lane artifacts are in-progress/superseded cycle residue	local-only policy registry future-boundary rule	HOLD	contains /raw/ execution evidence	proof_packs/HISTORICAL_PROOFPACK_GOVERNANCE_2026-03-07_1646_f5819cee9/
proof_packs/HISTORICAL_PROOFPACK_GOVERNANCE_2026-03-07_1646_f5819cee9/raw/proof_packs_find.txt	176906	FUTURE_BOUNDARY_RESIDUE	TEMPORARY_RAW_LOG_PATH	historical-governance lane artifacts are in-progress/superseded cycle residue	local-only policy registry future-boundary rule	HOLD	contains /raw/ execution evidence	proof_packs/HISTORICAL_PROOFPACK_GOVERNANCE_2026-03-07_1646_f5819cee9/
proof_packs/HISTORICAL_PROOFPACK_GOVERNANCE_2026-03-07_1646_f5819cee9/raw/staged_names.txt	0	FUTURE_BOUNDARY_RESIDUE	TEMPORARY_RAW_LOG_PATH	historical-governance lane artifacts are in-progress/superseded cycle residue	local-only policy registry future-boundary rule	HOLD	contains /raw/ execution evidence	proof_packs/HISTORICAL_PROOFPACK_GOVERNANCE_2026-03-07_1646_f5819cee9/
proof_packs/HISTORICAL_PROOFPACK_GOVERNANCE_2026-03-07_1646_f5819cee9/raw/tracked_modified.txt	0	FUTURE_BOUNDARY_RESIDUE	TEMPORARY_RAW_LOG_PATH	historical-governance lane artifacts are in-progress/superseded cycle residue	local-only policy registry future-boundary rule	HOLD	contains /raw/ execution evidence	proof_packs/HISTORICAL_PROOFPACK_GOVERNANCE_2026-03-07_1646_f5819cee9/
proof_packs/HISTORICAL_PROOFPACK_GOVERNANCE_2026-03-07_1646_f5819cee9/raw/untracked_all.txt	90349	FUTURE_BOUNDARY_RESIDUE	TEMPORARY_RAW_LOG_PATH	historical-governance lane artifacts are in-progress/superseded cycle residue	local-only policy registry future-boundary rule	HOLD	contains /raw/ execution evidence	proof_packs/HISTORICAL_PROOFPACK_GOVERNANCE_2026-03-07_1646_f5819cee9/
proof_packs/HISTORICAL_PROOFPACK_GOVERNANCE_2026-03-07_1646_f5819cee9/raw/untracked_pack_dirs.count	101	FUTURE_BOUNDARY_RESIDUE	TEMPORARY_RAW_LOG_PATH	historical-governance lane artifacts are in-progress/superseded cycle residue	local-only policy registry future-boundary rule	HOLD	contains /raw/ execution evidence	proof_packs/HISTORICAL_PROOFPACK_GOVERNANCE_2026-03-07_1646_f5819cee9/
proof_packs/HISTORICAL_PROOFPACK_GOVERNANCE_2026-03-07_1646_f5819cee9/raw/untracked_pack_dirs.txt	1893	FUTURE_BOUNDARY_RESIDUE	TEMPORARY_RAW_LOG_PATH	historical-governance lane artifacts are in-progress/superseded cycle residue	local-only policy registry future-boundary rule	HOLD	contains /raw/ execution evidence	proof_packs/HISTORICAL_PROOFPACK_GOVERNANCE_2026-03-07_1646_f5819cee9/
proof_packs/HISTORICAL_RESIDUE_POLICY_2026-03-07_1651_f5819cee9.md	1362	EXCLUDED_BY_POLICY	HISTORICAL_PROOFPACK_PATH	top-level governance policy/manifest docs are explicit policy artifacts, not proof-pack payload directories	historical residue policy doc classification rule	HOLD	default proof-pack path	proof_packs/HISTORICAL_RESIDUE_POLICY_2026-03-07_1651_f5819cee9.md/
proof_packs/HYGIENE_RERUN_KEEP_UNTRACKED_2026-03-07_1233_757ae4d4c/00_EXEC_SUMMARY.md	950	LOCAL_ONLY_HISTORICAL	HISTORICAL_PROOFPACK_PATH	pack directory is indexed as historical/local-only governed residue	registry/proofpack-index.jsonl existing governance entry	KEEP_LOCAL_AS_GOVERNED	default proof-pack path	proof_packs/HYGIENE_RERUN_KEEP_UNTRACKED_2026-03-07_1233_757ae4d4c/
proof_packs/HYGIENE_RERUN_KEEP_UNTRACKED_2026-03-07_1233_757ae4d4c/01_BOOTSTRAP.md	996	LOCAL_ONLY_HISTORICAL	HISTORICAL_PROOFPACK_PATH	pack directory is indexed as historical/local-only governed residue	registry/proofpack-index.jsonl existing governance entry	KEEP_LOCAL_AS_GOVERNED	default proof-pack path	proof_packs/HYGIENE_RERUN_KEEP_UNTRACKED_2026-03-07_1233_757ae4d4c/
proof_packs/HYGIENE_RERUN_KEEP_UNTRACKED_2026-03-07_1233_757ae4d4c/02_BASELINE_ACTIVE.md	1007	LOCAL_ONLY_HISTORICAL	HISTORICAL_PROOFPACK_PATH	pack directory is indexed as historical/local-only governed residue	registry/proofpack-index.jsonl existing governance entry	KEEP_LOCAL_AS_GOVERNED	default proof-pack path	proof_packs/HYGIENE_RERUN_KEEP_UNTRACKED_2026-03-07_1233_757ae4d4c/
proof_packs/HYGIENE_RERUN_KEEP_UNTRACKED_2026-03-07_1233_757ae4d4c/03_WORKSPACE_CLASSIFICATION.md	1132	LOCAL_ONLY_HISTORICAL	HISTORICAL_PROOFPACK_PATH	pack directory is indexed as historical/local-only governed residue	registry/proofpack-index.jsonl existing governance entry	KEEP_LOCAL_AS_GOVERNED	default proof-pack path	proof_packs/HYGIENE_RERUN_KEEP_UNTRACKED_2026-03-07_1233_757ae4d4c/
proof_packs/HYGIENE_RERUN_KEEP_UNTRACKED_2026-03-07_1233_757ae4d4c/04_HYGIENE_GATE_RERUN.md	780	LOCAL_ONLY_HISTORICAL	HISTORICAL_PROOFPACK_PATH	pack directory is indexed as historical/local-only governed residue	registry/proofpack-index.jsonl existing governance entry	KEEP_LOCAL_AS_GOVERNED	default proof-pack path	proof_packs/HYGIENE_RERUN_KEEP_UNTRACKED_2026-03-07_1233_757ae4d4c/
proof_packs/HYGIENE_RERUN_KEEP_UNTRACKED_2026-03-07_1233_757ae4d4c/05_LIGHT_GOVERNANCE_RECHECKS.md	848	LOCAL_ONLY_HISTORICAL	HISTORICAL_PROOFPACK_PATH	pack directory is indexed as historical/local-only governed residue	registry/proofpack-index.jsonl existing governance entry	KEEP_LOCAL_AS_GOVERNED	default proof-pack path	proof_packs/HYGIENE_RERUN_KEEP_UNTRACKED_2026-03-07_1233_757ae4d4c/
proof_packs/HYGIENE_RERUN_KEEP_UNTRACKED_2026-03-07_1233_757ae4d4c/06_ACTIONS_EXECUTED.md	762	LOCAL_ONLY_HISTORICAL	HISTORICAL_PROOFPACK_PATH	pack directory is indexed as historical/local-only governed residue	registry/proofpack-index.jsonl existing governance entry	KEEP_LOCAL_AS_GOVERNED	default proof-pack path	proof_packs/HYGIENE_RERUN_KEEP_UNTRACKED_2026-03-07_1233_757ae4d4c/
proof_packs/HYGIENE_RERUN_KEEP_UNTRACKED_2026-03-07_1233_757ae4d4c/07_RESIDUAL_RISKS.md	885	LOCAL_ONLY_HISTORICAL	HISTORICAL_PROOFPACK_PATH	pack directory is indexed as historical/local-only governed residue	registry/proofpack-index.jsonl existing governance entry	KEEP_LOCAL_AS_GOVERNED	default proof-pack path	proof_packs/HYGIENE_RERUN_KEEP_UNTRACKED_2026-03-07_1233_757ae4d4c/
proof_packs/HYGIENE_RERUN_KEEP_UNTRACKED_2026-03-07_1233_757ae4d4c/08_RECLASSIFICATION_MATRIX.md	1066	LOCAL_ONLY_HISTORICAL	HISTORICAL_PROOFPACK_PATH	pack directory is indexed as historical/local-only governed residue	registry/proofpack-index.jsonl existing governance entry	KEEP_LOCAL_AS_GOVERNED	default proof-pack path	proof_packs/HYGIENE_RERUN_KEEP_UNTRACKED_2026-03-07_1233_757ae4d4c/
proof_packs/HYGIENE_RERUN_KEEP_UNTRACKED_2026-03-07_1233_757ae4d4c/09_ROLLBACK.md	560	LOCAL_ONLY_HISTORICAL	HISTORICAL_PROOFPACK_PATH	pack directory is indexed as historical/local-only governed residue	registry/proofpack-index.jsonl existing governance entry	KEEP_LOCAL_AS_GOVERNED	default proof-pack path	proof_packs/HYGIENE_RERUN_KEEP_UNTRACKED_2026-03-07_1233_757ae4d4c/
proof_packs/HYGIENE_RERUN_KEEP_UNTRACKED_2026-03-07_1233_757ae4d4c/10_FINAL_DECISION.md	1631	LOCAL_ONLY_HISTORICAL	HISTORICAL_PROOFPACK_PATH	pack directory is indexed as historical/local-only governed residue	registry/proofpack-index.jsonl existing governance entry	KEEP_LOCAL_AS_GOVERNED	default proof-pack path	proof_packs/HYGIENE_RERUN_KEEP_UNTRACKED_2026-03-07_1233_757ae4d4c/
proof_packs/HYGIENE_RERUN_KEEP_UNTRACKED_2026-03-07_1233_757ae4d4c/ROLLBACK.md	255	LOCAL_ONLY_HISTORICAL	HISTORICAL_PROOFPACK_PATH	pack directory is indexed as historical/local-only governed residue	registry/proofpack-index.jsonl existing governance entry	KEEP_LOCAL_AS_GOVERNED	default proof-pack path	proof_packs/HYGIENE_RERUN_KEEP_UNTRACKED_2026-03-07_1233_757ae4d4c/
proof_packs/HYGIENE_RERUN_KEEP_UNTRACKED_2026-03-07_1233_757ae4d4c/VERDICT.md	205	LOCAL_ONLY_HISTORICAL	HISTORICAL_PROOFPACK_PATH	pack directory is indexed as historical/local-only governed residue	registry/proofpack-index.jsonl existing governance entry	KEEP_LOCAL_AS_GOVERNED	default proof-pack path	proof_packs/HYGIENE_RERUN_KEEP_UNTRACKED_2026-03-07_1233_757ae4d4c/
proof_packs/HYGIENE_RERUN_KEEP_UNTRACKED_2026-03-07_1233_757ae4d4c/raw/classified_tracked_drift.tsv	0	LOCAL_ONLY_HISTORICAL	TEMPORARY_RAW_LOG_PATH	pack directory is indexed as historical/local-only governed residue	registry/proofpack-index.jsonl existing governance entry	KEEP_LOCAL_AS_GOVERNED	contains /raw/ execution evidence	proof_packs/HYGIENE_RERUN_KEEP_UNTRACKED_2026-03-07_1233_757ae4d4c/
proof_packs/HYGIENE_RERUN_KEEP_UNTRACKED_2026-03-07_1233_757ae4d4c/raw/classified_untracked_nonproof.tsv	0	LOCAL_ONLY_HISTORICAL	TEMPORARY_RAW_LOG_PATH	pack directory is indexed as historical/local-only governed residue	registry/proofpack-index.jsonl existing governance entry	KEEP_LOCAL_AS_GOVERNED	contains /raw/ execution evidence	proof_packs/HYGIENE_RERUN_KEEP_UNTRACKED_2026-03-07_1233_757ae4d4c/
proof_packs/HYGIENE_RERUN_KEEP_UNTRACKED_2026-03-07_1233_757ae4d4c/raw/classified_untracked_proof_allowed.tsv	46419	LOCAL_ONLY_HISTORICAL	TEMPORARY_RAW_LOG_PATH	pack directory is indexed as historical/local-only governed residue	registry/proofpack-index.jsonl existing governance entry	KEEP_LOCAL_AS_GOVERNED	contains /raw/ execution evidence	proof_packs/HYGIENE_RERUN_KEEP_UNTRACKED_2026-03-07_1233_757ae4d4c/
proof_packs/HYGIENE_RERUN_KEEP_UNTRACKED_2026-03-07_1233_757ae4d4c/raw/doctrine_11_FINAL_DECISION.md	2012	LOCAL_ONLY_HISTORICAL	TEMPORARY_RAW_LOG_PATH	pack directory is indexed as historical/local-only governed residue	registry/proofpack-index.jsonl existing governance entry	KEEP_LOCAL_AS_GOVERNED	contains /raw/ execution evidence	proof_packs/HYGIENE_RERUN_KEEP_UNTRACKED_2026-03-07_1233_757ae4d4c/
proof_packs/HYGIENE_RERUN_KEEP_UNTRACKED_2026-03-07_1233_757ae4d4c/raw/doctrine_VERDICT.md	397	LOCAL_ONLY_HISTORICAL	TEMPORARY_RAW_LOG_PATH	pack directory is indexed as historical/local-only governed residue	registry/proofpack-index.jsonl existing governance entry	KEEP_LOCAL_AS_GOVERNED	contains /raw/ execution evidence	proof_packs/HYGIENE_RERUN_KEEP_UNTRACKED_2026-03-07_1233_757ae4d4c/
proof_packs/HYGIENE_RERUN_KEEP_UNTRACKED_2026-03-07_1233_757ae4d4c/raw/doctrine_pack_exists.txt	70	LOCAL_ONLY_HISTORICAL	TEMPORARY_RAW_LOG_PATH	pack directory is indexed as historical/local-only governed residue	registry/proofpack-index.jsonl existing governance entry	KEEP_LOCAL_AS_GOVERNED	contains /raw/ execution evidence	proof_packs/HYGIENE_RERUN_KEEP_UNTRACKED_2026-03-07_1233_757ae4d4c/
proof_packs/HYGIENE_RERUN_KEEP_UNTRACKED_2026-03-07_1233_757ae4d4c/raw/final_state_snapshot.txt	507	LOCAL_ONLY_HISTORICAL	TEMPORARY_RAW_LOG_PATH	pack directory is indexed as historical/local-only governed residue	registry/proofpack-index.jsonl existing governance entry	KEEP_LOCAL_AS_GOVERNED	contains /raw/ execution evidence	proof_packs/HYGIENE_RERUN_KEEP_UNTRACKED_2026-03-07_1233_757ae4d4c/
proof_packs/HYGIENE_RERUN_KEEP_UNTRACKED_2026-03-07_1233_757ae4d4c/raw/git_branch_show_current.txt	5	LOCAL_ONLY_HISTORICAL	TEMPORARY_RAW_LOG_PATH	pack directory is indexed as historical/local-only governed residue	registry/proofpack-index.jsonl existing governance entry	KEEP_LOCAL_AS_GOVERNED	contains /raw/ execution evidence	proof_packs/HYGIENE_RERUN_KEEP_UNTRACKED_2026-03-07_1233_757ae4d4c/
proof_packs/HYGIENE_RERUN_KEEP_UNTRACKED_2026-03-07_1233_757ae4d4c/raw/git_diff_cached_name_only.txt	0	LOCAL_ONLY_HISTORICAL	TEMPORARY_RAW_LOG_PATH	pack directory is indexed as historical/local-only governed residue	registry/proofpack-index.jsonl existing governance entry	KEEP_LOCAL_AS_GOVERNED	contains /raw/ execution evidence	proof_packs/HYGIENE_RERUN_KEEP_UNTRACKED_2026-03-07_1233_757ae4d4c/
proof_packs/HYGIENE_RERUN_KEEP_UNTRACKED_2026-03-07_1233_757ae4d4c/raw/git_diff_name_only.txt	0	LOCAL_ONLY_HISTORICAL	TEMPORARY_RAW_LOG_PATH	pack directory is indexed as historical/local-only governed residue	registry/proofpack-index.jsonl existing governance entry	KEEP_LOCAL_AS_GOVERNED	contains /raw/ execution evidence	proof_packs/HYGIENE_RERUN_KEEP_UNTRACKED_2026-03-07_1233_757ae4d4c/
proof_packs/HYGIENE_RERUN_KEEP_UNTRACKED_2026-03-07_1233_757ae4d4c/raw/git_log_10_oneline.txt	714	LOCAL_ONLY_HISTORICAL	TEMPORARY_RAW_LOG_PATH	pack directory is indexed as historical/local-only governed residue	registry/proofpack-index.jsonl existing governance entry	KEEP_LOCAL_AS_GOVERNED	contains /raw/ execution evidence	proof_packs/HYGIENE_RERUN_KEEP_UNTRACKED_2026-03-07_1233_757ae4d4c/
proof_packs/HYGIENE_RERUN_KEEP_UNTRACKED_2026-03-07_1233_757ae4d4c/raw/git_ls_files_modified.txt	0	LOCAL_ONLY_HISTORICAL	TEMPORARY_RAW_LOG_PATH	pack directory is indexed as historical/local-only governed residue	registry/proofpack-index.jsonl existing governance entry	KEEP_LOCAL_AS_GOVERNED	contains /raw/ execution evidence	proof_packs/HYGIENE_RERUN_KEEP_UNTRACKED_2026-03-07_1233_757ae4d4c/
proof_packs/HYGIENE_RERUN_KEEP_UNTRACKED_2026-03-07_1233_757ae4d4c/raw/git_ls_files_untracked.txt	26291	LOCAL_ONLY_HISTORICAL	TEMPORARY_RAW_LOG_PATH	pack directory is indexed as historical/local-only governed residue	registry/proofpack-index.jsonl existing governance entry	KEEP_LOCAL_AS_GOVERNED	contains /raw/ execution evidence	proof_packs/HYGIENE_RERUN_KEEP_UNTRACKED_2026-03-07_1233_757ae4d4c/
proof_packs/HYGIENE_RERUN_KEEP_UNTRACKED_2026-03-07_1233_757ae4d4c/raw/git_rev_parse_short.txt	10	LOCAL_ONLY_HISTORICAL	TEMPORARY_RAW_LOG_PATH	pack directory is indexed as historical/local-only governed residue	registry/proofpack-index.jsonl existing governance entry	KEEP_LOCAL_AS_GOVERNED	contains /raw/ execution evidence	proof_packs/HYGIENE_RERUN_KEEP_UNTRACKED_2026-03-07_1233_757ae4d4c/
proof_packs/HYGIENE_RERUN_KEEP_UNTRACKED_2026-03-07_1233_757ae4d4c/raw/git_status_short.txt	449	LOCAL_ONLY_HISTORICAL	TEMPORARY_RAW_LOG_PATH	pack directory is indexed as historical/local-only governed residue	registry/proofpack-index.jsonl existing governance entry	KEEP_LOCAL_AS_GOVERNED	contains /raw/ execution evidence	proof_packs/HYGIENE_RERUN_KEEP_UNTRACKED_2026-03-07_1233_757ae4d4c/
proof_packs/HYGIENE_RERUN_KEEP_UNTRACKED_2026-03-07_1233_757ae4d4c/raw/hygiene_gate_command.txt	302	LOCAL_ONLY_HISTORICAL	TEMPORARY_RAW_LOG_PATH	pack directory is indexed as historical/local-only governed residue	registry/proofpack-index.jsonl existing governance entry	KEEP_LOCAL_AS_GOVERNED	contains /raw/ execution evidence	proof_packs/HYGIENE_RERUN_KEEP_UNTRACKED_2026-03-07_1233_757ae4d4c/
proof_packs/HYGIENE_RERUN_KEEP_UNTRACKED_2026-03-07_1233_757ae4d4c/raw/hygiene_gate_rerun.exit	2	LOCAL_ONLY_HISTORICAL	TEMPORARY_RAW_LOG_PATH	pack directory is indexed as historical/local-only governed residue	registry/proofpack-index.jsonl existing governance entry	KEEP_LOCAL_AS_GOVERNED	contains /raw/ execution evidence	proof_packs/HYGIENE_RERUN_KEEP_UNTRACKED_2026-03-07_1233_757ae4d4c/
proof_packs/HYGIENE_RERUN_KEEP_UNTRACKED_2026-03-07_1233_757ae4d4c/raw/recheck_detect_recurrence.exit	2	LOCAL_ONLY_HISTORICAL	TEMPORARY_RAW_LOG_PATH	pack directory is indexed as historical/local-only governed residue	registry/proofpack-index.jsonl existing governance entry	KEEP_LOCAL_AS_GOVERNED	contains /raw/ execution evidence	proof_packs/HYGIENE_RERUN_KEEP_UNTRACKED_2026-03-07_1233_757ae4d4c/
proof_packs/HYGIENE_RERUN_KEEP_UNTRACKED_2026-03-07_1233_757ae4d4c/raw/recheck_detect_recurrence.tail20.txt	154	LOCAL_ONLY_HISTORICAL	TEMPORARY_RAW_LOG_PATH	pack directory is indexed as historical/local-only governed residue	registry/proofpack-index.jsonl existing governance entry	KEEP_LOCAL_AS_GOVERNED	contains /raw/ execution evidence	proof_packs/HYGIENE_RERUN_KEEP_UNTRACKED_2026-03-07_1233_757ae4d4c/
proof_packs/HYGIENE_RERUN_KEEP_UNTRACKED_2026-03-07_1233_757ae4d4c/raw/recheck_detect_recurrence.txt	154	LOCAL_ONLY_HISTORICAL	TEMPORARY_RAW_LOG_PATH	pack directory is indexed as historical/local-only governed residue	registry/proofpack-index.jsonl existing governance entry	KEEP_LOCAL_AS_GOVERNED	contains /raw/ execution evidence	proof_packs/HYGIENE_RERUN_KEEP_UNTRACKED_2026-03-07_1233_757ae4d4c/
proof_packs/HYGIENE_RERUN_KEEP_UNTRACKED_2026-03-07_1233_757ae4d4c/raw/recheck_verify_instructions.exit	2	LOCAL_ONLY_HISTORICAL	TEMPORARY_RAW_LOG_PATH	pack directory is indexed as historical/local-only governed residue	registry/proofpack-index.jsonl existing governance entry	KEEP_LOCAL_AS_GOVERNED	contains /raw/ execution evidence	proof_packs/HYGIENE_RERUN_KEEP_UNTRACKED_2026-03-07_1233_757ae4d4c/
proof_packs/HYGIENE_RERUN_KEEP_UNTRACKED_2026-03-07_1233_757ae4d4c/raw/recheck_verify_instructions.tail20.txt	697	LOCAL_ONLY_HISTORICAL	TEMPORARY_RAW_LOG_PATH	pack directory is indexed as historical/local-only governed residue	registry/proofpack-index.jsonl existing governance entry	KEEP_LOCAL_AS_GOVERNED	contains /raw/ execution evidence	proof_packs/HYGIENE_RERUN_KEEP_UNTRACKED_2026-03-07_1233_757ae4d4c/
proof_packs/HYGIENE_RERUN_KEEP_UNTRACKED_2026-03-07_1233_757ae4d4c/raw/recheck_verify_instructions.txt	767	LOCAL_ONLY_HISTORICAL	TEMPORARY_RAW_LOG_PATH	pack directory is indexed as historical/local-only governed residue	registry/proofpack-index.jsonl existing governance entry	KEEP_LOCAL_AS_GOVERNED	contains /raw/ execution evidence	proof_packs/HYGIENE_RERUN_KEEP_UNTRACKED_2026-03-07_1233_757ae4d4c/
proof_packs/HYGIENE_RERUN_KEEP_UNTRACKED_2026-03-07_1233_757ae4d4c/raw/recheck_verify_registry_status.txt	81	LOCAL_ONLY_HISTORICAL	TEMPORARY_RAW_LOG_PATH	pack directory is indexed as historical/local-only governed residue	registry/proofpack-index.jsonl existing governance entry	KEEP_LOCAL_AS_GOVERNED	contains /raw/ execution evidence	proof_packs/HYGIENE_RERUN_KEEP_UNTRACKED_2026-03-07_1233_757ae4d4c/
proof_packs/HYGIENE_RERUN_KEEP_UNTRACKED_2026-03-07_1233_757ae4d4c/raw/tracked_drift_paths.tsv	0	LOCAL_ONLY_HISTORICAL	TEMPORARY_RAW_LOG_PATH	pack directory is indexed as historical/local-only governed residue	registry/proofpack-index.jsonl existing governance entry	KEEP_LOCAL_AS_GOVERNED	contains /raw/ execution evidence	proof_packs/HYGIENE_RERUN_KEEP_UNTRACKED_2026-03-07_1233_757ae4d4c/
proof_packs/HYGIENE_RERUN_KEEP_UNTRACKED_2026-03-07_1233_757ae4d4c/raw/untracked_nonproof_paths.tsv	0	LOCAL_ONLY_HISTORICAL	TEMPORARY_RAW_LOG_PATH	pack directory is indexed as historical/local-only governed residue	registry/proofpack-index.jsonl existing governance entry	KEEP_LOCAL_AS_GOVERNED	contains /raw/ execution evidence	proof_packs/HYGIENE_RERUN_KEEP_UNTRACKED_2026-03-07_1233_757ae4d4c/
proof_packs/HYGIENE_RERUN_KEEP_UNTRACKED_2026-03-07_1233_757ae4d4c/raw/untracked_proof_paths.tsv	46419	LOCAL_ONLY_HISTORICAL	TEMPORARY_RAW_LOG_PATH	pack directory is indexed as historical/local-only governed residue	registry/proofpack-index.jsonl existing governance entry	KEEP_LOCAL_AS_GOVERNED	contains /raw/ execution evidence	proof_packs/HYGIENE_RERUN_KEEP_UNTRACKED_2026-03-07_1233_757ae4d4c/
proof_packs/HYGIENE_RERUN_KEEP_UNTRACKED_2026-03-07_1233_757ae4d4c/raw/workspace_classification_counts.txt	83	LOCAL_ONLY_HISTORICAL	TEMPORARY_RAW_LOG_PATH	pack directory is indexed as historical/local-only governed residue	registry/proofpack-index.jsonl existing governance entry	KEEP_LOCAL_AS_GOVERNED	contains /raw/ execution evidence	proof_packs/HYGIENE_RERUN_KEEP_UNTRACKED_2026-03-07_1233_757ae4d4c/
proof_packs/HYGIENE_RERUN_KEEP_UNTRACKED_2026-03-07_1233_757ae4d4c/raw/workspace_classification_full.tsv	46437	LOCAL_ONLY_HISTORICAL	TEMPORARY_RAW_LOG_PATH	pack directory is indexed as historical/local-only governed residue	registry/proofpack-index.jsonl existing governance entry	KEEP_LOCAL_AS_GOVERNED	contains /raw/ execution evidence	proof_packs/HYGIENE_RERUN_KEEP_UNTRACKED_2026-03-07_1233_757ae4d4c/
proof_packs/HYGIENE_RERUN_KEEP_UNTRACKED_2026-03-07_1233_757ae4d4c/raw/workspace_status_eval.txt	102	LOCAL_ONLY_HISTORICAL	TEMPORARY_RAW_LOG_PATH	pack directory is indexed as historical/local-only governed residue	registry/proofpack-index.jsonl existing governance entry	KEEP_LOCAL_AS_GOVERNED	contains /raw/ execution evidence	proof_packs/HYGIENE_RERUN_KEEP_UNTRACKED_2026-03-07_1233_757ae4d4c/
proof_packs/IDLE_REENTRY_AFTER_TRIGGER_REJECTION_2026-03-07_0844_757ae4d4c/00_EXEC_SUMMARY.md	736	LOCAL_ONLY_HISTORICAL	HISTORICAL_PROOFPACK_PATH	pack directory is indexed as historical/local-only governed residue	registry/proofpack-index.jsonl existing governance entry	KEEP_LOCAL_AS_GOVERNED	default proof-pack path	proof_packs/IDLE_REENTRY_AFTER_TRIGGER_REJECTION_2026-03-07_0844_757ae4d4c/
proof_packs/IDLE_REENTRY_AFTER_TRIGGER_REJECTION_2026-03-07_0844_757ae4d4c/01_BOOTSTRAP.md	1109	LOCAL_ONLY_HISTORICAL	HISTORICAL_PROOFPACK_PATH	pack directory is indexed as historical/local-only governed residue	registry/proofpack-index.jsonl existing governance entry	KEEP_LOCAL_AS_GOVERNED	default proof-pack path	proof_packs/IDLE_REENTRY_AFTER_TRIGGER_REJECTION_2026-03-07_0844_757ae4d4c/
proof_packs/IDLE_REENTRY_AFTER_TRIGGER_REJECTION_2026-03-07_0844_757ae4d4c/02_REJECTED_TRIGGER_REFERENCE.md	971	LOCAL_ONLY_HISTORICAL	HISTORICAL_PROOFPACK_PATH	pack directory is indexed as historical/local-only governed residue	registry/proofpack-index.jsonl existing governance entry	KEEP_LOCAL_AS_GOVERNED	default proof-pack path	proof_packs/IDLE_REENTRY_AFTER_TRIGGER_REJECTION_2026-03-07_0844_757ae4d4c/
proof_packs/IDLE_REENTRY_AFTER_TRIGGER_REJECTION_2026-03-07_0844_757ae4d4c/03_NON_ACTIVATION_CONFIRMATION.md	742	LOCAL_ONLY_HISTORICAL	HISTORICAL_PROOFPACK_PATH	pack directory is indexed as historical/local-only governed residue	registry/proofpack-index.jsonl existing governance entry	KEEP_LOCAL_AS_GOVERNED	default proof-pack path	proof_packs/IDLE_REENTRY_AFTER_TRIGGER_REJECTION_2026-03-07_0844_757ae4d4c/
proof_packs/IDLE_REENTRY_AFTER_TRIGGER_REJECTION_2026-03-07_0844_757ae4d4c/04_IDLE_REENTRY_RULE.md	655	LOCAL_ONLY_HISTORICAL	HISTORICAL_PROOFPACK_PATH	pack directory is indexed as historical/local-only governed residue	registry/proofpack-index.jsonl existing governance entry	KEEP_LOCAL_AS_GOVERNED	default proof-pack path	proof_packs/IDLE_REENTRY_AFTER_TRIGGER_REJECTION_2026-03-07_0844_757ae4d4c/
proof_packs/IDLE_REENTRY_AFTER_TRIGGER_REJECTION_2026-03-07_0844_757ae4d4c/05_FALSE_WAKE_MEMORY.md	1090	LOCAL_ONLY_HISTORICAL	HISTORICAL_PROOFPACK_PATH	pack directory is indexed as historical/local-only governed residue	registry/proofpack-index.jsonl existing governance entry	KEEP_LOCAL_AS_GOVERNED	default proof-pack path	proof_packs/IDLE_REENTRY_AFTER_TRIGGER_REJECTION_2026-03-07_0844_757ae4d4c/
proof_packs/IDLE_REENTRY_AFTER_TRIGGER_REJECTION_2026-03-07_0844_757ae4d4c/06_RETURN_TO_IDLE_DECISION.md	1160	LOCAL_ONLY_HISTORICAL	HISTORICAL_PROOFPACK_PATH	pack directory is indexed as historical/local-only governed residue	registry/proofpack-index.jsonl existing governance entry	KEEP_LOCAL_AS_GOVERNED	default proof-pack path	proof_packs/IDLE_REENTRY_AFTER_TRIGGER_REJECTION_2026-03-07_0844_757ae4d4c/
proof_packs/IDLE_REENTRY_AFTER_TRIGGER_REJECTION_2026-03-07_0844_757ae4d4c/ROLLBACK.md	186	LOCAL_ONLY_HISTORICAL	HISTORICAL_PROOFPACK_PATH	pack directory is indexed as historical/local-only governed residue	registry/proofpack-index.jsonl existing governance entry	KEEP_LOCAL_AS_GOVERNED	default proof-pack path	proof_packs/IDLE_REENTRY_AFTER_TRIGGER_REJECTION_2026-03-07_0844_757ae4d4c/
proof_packs/IDLE_REENTRY_AFTER_TRIGGER_REJECTION_2026-03-07_0844_757ae4d4c/VERDICT.md	206	LOCAL_ONLY_HISTORICAL	HISTORICAL_PROOFPACK_PATH	pack directory is indexed as historical/local-only governed residue	registry/proofpack-index.jsonl existing governance entry	KEEP_LOCAL_AS_GOVERNED	default proof-pack path	proof_packs/IDLE_REENTRY_AFTER_TRIGGER_REJECTION_2026-03-07_0844_757ae4d4c/
proof_packs/IDLE_REENTRY_AFTER_TRIGGER_REJECTION_2026-03-07_0844_757ae4d4c/raw/bootstrap_summary.txt	257	LOCAL_ONLY_HISTORICAL	TEMPORARY_RAW_LOG_PATH	pack directory is indexed as historical/local-only governed residue	registry/proofpack-index.jsonl existing governance entry	KEEP_LOCAL_AS_GOVERNED	contains /raw/ execution evidence	proof_packs/IDLE_REENTRY_AFTER_TRIGGER_REJECTION_2026-03-07_0844_757ae4d4c/
proof_packs/IDLE_REENTRY_AFTER_TRIGGER_REJECTION_2026-03-07_0844_757ae4d4c/raw/check_baseline_from_activation.txt	32	LOCAL_ONLY_HISTORICAL	TEMPORARY_RAW_LOG_PATH	pack directory is indexed as historical/local-only governed residue	registry/proofpack-index.jsonl existing governance entry	KEEP_LOCAL_AS_GOVERNED	contains /raw/ execution evidence	proof_packs/IDLE_REENTRY_AFTER_TRIGGER_REJECTION_2026-03-07_0844_757ae4d4c/
proof_packs/IDLE_REENTRY_AFTER_TRIGGER_REJECTION_2026-03-07_0844_757ae4d4c/raw/check_baseline_from_idle.txt	32	LOCAL_ONLY_HISTORICAL	TEMPORARY_RAW_LOG_PATH	pack directory is indexed as historical/local-only governed residue	registry/proofpack-index.jsonl existing governance entry	KEEP_LOCAL_AS_GOVERNED	contains /raw/ execution evidence	proof_packs/IDLE_REENTRY_AFTER_TRIGGER_REJECTION_2026-03-07_0844_757ae4d4c/
proof_packs/IDLE_REENTRY_AFTER_TRIGGER_REJECTION_2026-03-07_0844_757ae4d4c/raw/check_prev_verdict_trigger_rejected.txt	35	LOCAL_ONLY_HISTORICAL	TEMPORARY_RAW_LOG_PATH	pack directory is indexed as historical/local-only governed residue	registry/proofpack-index.jsonl existing governance entry	KEEP_LOCAL_AS_GOVERNED	contains /raw/ execution evidence	proof_packs/IDLE_REENTRY_AFTER_TRIGGER_REJECTION_2026-03-07_0844_757ae4d4c/
proof_packs/IDLE_REENTRY_AFTER_TRIGGER_REJECTION_2026-03-07_0844_757ae4d4c/raw/check_state_governed_idle_confirmed.txt	42	LOCAL_ONLY_HISTORICAL	TEMPORARY_RAW_LOG_PATH	pack directory is indexed as historical/local-only governed residue	registry/proofpack-index.jsonl existing governance entry	KEEP_LOCAL_AS_GOVERNED	contains /raw/ execution evidence	proof_packs/IDLE_REENTRY_AFTER_TRIGGER_REJECTION_2026-03-07_0844_757ae4d4c/
proof_packs/IDLE_REENTRY_AFTER_TRIGGER_REJECTION_2026-03-07_0844_757ae4d4c/raw/check_state_standby_confirmed.txt	36	LOCAL_ONLY_HISTORICAL	TEMPORARY_RAW_LOG_PATH	pack directory is indexed as historical/local-only governed residue	registry/proofpack-index.jsonl existing governance entry	KEEP_LOCAL_AS_GOVERNED	contains /raw/ execution evidence	proof_packs/IDLE_REENTRY_AFTER_TRIGGER_REJECTION_2026-03-07_0844_757ae4d4c/
proof_packs/IDLE_REENTRY_AFTER_TRIGGER_REJECTION_2026-03-07_0844_757ae4d4c/raw/check_state_wake_protocol_ready.txt	38	LOCAL_ONLY_HISTORICAL	TEMPORARY_RAW_LOG_PATH	pack directory is indexed as historical/local-only governed residue	registry/proofpack-index.jsonl existing governance entry	KEEP_LOCAL_AS_GOVERNED	contains /raw/ execution evidence	proof_packs/IDLE_REENTRY_AFTER_TRIGGER_REJECTION_2026-03-07_0844_757ae4d4c/
proof_packs/IDLE_REENTRY_AFTER_TRIGGER_REJECTION_2026-03-07_0844_757ae4d4c/raw/git_branch_show_current.txt	5	LOCAL_ONLY_HISTORICAL	TEMPORARY_RAW_LOG_PATH	pack directory is indexed as historical/local-only governed residue	registry/proofpack-index.jsonl existing governance entry	KEEP_LOCAL_AS_GOVERNED	contains /raw/ execution evidence	proof_packs/IDLE_REENTRY_AFTER_TRIGGER_REJECTION_2026-03-07_0844_757ae4d4c/
proof_packs/IDLE_REENTRY_AFTER_TRIGGER_REJECTION_2026-03-07_0844_757ae4d4c/raw/git_rev_parse_short.txt	10	LOCAL_ONLY_HISTORICAL	TEMPORARY_RAW_LOG_PATH	pack directory is indexed as historical/local-only governed residue	registry/proofpack-index.jsonl existing governance entry	KEEP_LOCAL_AS_GOVERNED	contains /raw/ execution evidence	proof_packs/IDLE_REENTRY_AFTER_TRIGGER_REJECTION_2026-03-07_0844_757ae4d4c/
proof_packs/IDLE_REENTRY_AFTER_TRIGGER_REJECTION_2026-03-07_0844_757ae4d4c/raw/git_status_short.txt	1061	LOCAL_ONLY_HISTORICAL	TEMPORARY_RAW_LOG_PATH	pack directory is indexed as historical/local-only governed residue	registry/proofpack-index.jsonl existing governance entry	KEEP_LOCAL_AS_GOVERNED	contains /raw/ execution evidence	proof_packs/IDLE_REENTRY_AFTER_TRIGGER_REJECTION_2026-03-07_0844_757ae4d4c/
proof_packs/IDLE_REENTRY_AFTER_TRIGGER_REJECTION_2026-03-07_0844_757ae4d4c/raw/non_activation_snapshot.txt	114	LOCAL_ONLY_HISTORICAL	TEMPORARY_RAW_LOG_PATH	pack directory is indexed as historical/local-only governed residue	registry/proofpack-index.jsonl existing governance entry	KEEP_LOCAL_AS_GOVERNED	contains /raw/ execution evidence	proof_packs/IDLE_REENTRY_AFTER_TRIGGER_REJECTION_2026-03-07_0844_757ae4d4c/
proof_packs/IDLE_REENTRY_AFTER_TRIGGER_REJECTION_2026-03-07_0844_757ae4d4c/raw/prev_activation_decision.md	1075	LOCAL_ONLY_HISTORICAL	TEMPORARY_RAW_LOG_PATH	pack directory is indexed as historical/local-only governed residue	registry/proofpack-index.jsonl existing governance entry	KEEP_LOCAL_AS_GOVERNED	contains /raw/ execution evidence	proof_packs/IDLE_REENTRY_AFTER_TRIGGER_REJECTION_2026-03-07_0844_757ae4d4c/
proof_packs/IDLE_REENTRY_AFTER_TRIGGER_REJECTION_2026-03-07_0844_757ae4d4c/raw/prev_threshold_validation.md	1290	LOCAL_ONLY_HISTORICAL	TEMPORARY_RAW_LOG_PATH	pack directory is indexed as historical/local-only governed residue	registry/proofpack-index.jsonl existing governance entry	KEEP_LOCAL_AS_GOVERNED	contains /raw/ execution evidence	proof_packs/IDLE_REENTRY_AFTER_TRIGGER_REJECTION_2026-03-07_0844_757ae4d4c/
proof_packs/IDLE_REENTRY_AFTER_TRIGGER_REJECTION_2026-03-07_0844_757ae4d4c/raw/prev_trigger_signal_capture.txt	369	LOCAL_ONLY_HISTORICAL	TEMPORARY_RAW_LOG_PATH	pack directory is indexed as historical/local-only governed residue	registry/proofpack-index.jsonl existing governance entry	KEEP_LOCAL_AS_GOVERNED	contains /raw/ execution evidence	proof_packs/IDLE_REENTRY_AFTER_TRIGGER_REJECTION_2026-03-07_0844_757ae4d4c/
proof_packs/IDLE_REENTRY_AFTER_TRIGGER_REJECTION_2026-03-07_0844_757ae4d4c/raw/prev_verdict.md	196	LOCAL_ONLY_HISTORICAL	TEMPORARY_RAW_LOG_PATH	pack directory is indexed as historical/local-only governed residue	registry/proofpack-index.jsonl existing governance entry	KEEP_LOCAL_AS_GOVERNED	contains /raw/ execution evidence	proof_packs/IDLE_REENTRY_AFTER_TRIGGER_REJECTION_2026-03-07_0844_757ae4d4c/
proof_packs/NEXT_CYCLE_ENTRY_GATE_2026-03-07_1254_757ae4d4c/00_EXEC_SUMMARY.md	732	LOCAL_ONLY_HISTORICAL	HISTORICAL_PROOFPACK_PATH	pack directory is indexed as historical/local-only governed residue	registry/proofpack-index.jsonl existing governance entry	KEEP_LOCAL_AS_GOVERNED	default proof-pack path	proof_packs/NEXT_CYCLE_ENTRY_GATE_2026-03-07_1254_757ae4d4c/
proof_packs/NEXT_CYCLE_ENTRY_GATE_2026-03-07_1254_757ae4d4c/01_BOOTSTRAP.md	1041	LOCAL_ONLY_HISTORICAL	HISTORICAL_PROOFPACK_PATH	pack directory is indexed as historical/local-only governed residue	registry/proofpack-index.jsonl existing governance entry	KEEP_LOCAL_AS_GOVERNED	default proof-pack path	proof_packs/NEXT_CYCLE_ENTRY_GATE_2026-03-07_1254_757ae4d4c/
proof_packs/NEXT_CYCLE_ENTRY_GATE_2026-03-07_1254_757ae4d4c/02_CANON_BASELINE_REFERENCE.md	944	LOCAL_ONLY_HISTORICAL	HISTORICAL_PROOFPACK_PATH	pack directory is indexed as historical/local-only governed residue	registry/proofpack-index.jsonl existing governance entry	KEEP_LOCAL_AS_GOVERNED	default proof-pack path	proof_packs/NEXT_CYCLE_ENTRY_GATE_2026-03-07_1254_757ae4d4c/
proof_packs/NEXT_CYCLE_ENTRY_GATE_2026-03-07_1254_757ae4d4c/03_ENTRY_REQUEST_TRUTH.md	870	LOCAL_ONLY_HISTORICAL	HISTORICAL_PROOFPACK_PATH	pack directory is indexed as historical/local-only governed residue	registry/proofpack-index.jsonl existing governance entry	KEEP_LOCAL_AS_GOVERNED	default proof-pack path	proof_packs/NEXT_CYCLE_ENTRY_GATE_2026-03-07_1254_757ae4d4c/
proof_packs/NEXT_CYCLE_ENTRY_GATE_2026-03-07_1254_757ae4d4c/04_SCOPE_OR_DRIFT_CLASSIFICATION.md	940	LOCAL_ONLY_HISTORICAL	HISTORICAL_PROOFPACK_PATH	pack directory is indexed as historical/local-only governed residue	registry/proofpack-index.jsonl existing governance entry	KEEP_LOCAL_AS_GOVERNED	default proof-pack path	proof_packs/NEXT_CYCLE_ENTRY_GATE_2026-03-07_1254_757ae4d4c/
proof_packs/NEXT_CYCLE_ENTRY_GATE_2026-03-07_1254_757ae4d4c/05_DELTA_CANDIDATE.md	617	LOCAL_ONLY_HISTORICAL	HISTORICAL_PROOFPACK_PATH	pack directory is indexed as historical/local-only governed residue	registry/proofpack-index.jsonl existing governance entry	KEEP_LOCAL_AS_GOVERNED	default proof-pack path	proof_packs/NEXT_CYCLE_ENTRY_GATE_2026-03-07_1254_757ae4d4c/
proof_packs/NEXT_CYCLE_ENTRY_GATE_2026-03-07_1254_757ae4d4c/06_ALLOWED_NEXT_ACTION.md	789	LOCAL_ONLY_HISTORICAL	HISTORICAL_PROOFPACK_PATH	pack directory is indexed as historical/local-only governed residue	registry/proofpack-index.jsonl existing governance entry	KEEP_LOCAL_AS_GOVERNED	default proof-pack path	proof_packs/NEXT_CYCLE_ENTRY_GATE_2026-03-07_1254_757ae4d4c/
proof_packs/NEXT_CYCLE_ENTRY_GATE_2026-03-07_1254_757ae4d4c/07_RESIDUAL_RISKS.md	970	LOCAL_ONLY_HISTORICAL	HISTORICAL_PROOFPACK_PATH	pack directory is indexed as historical/local-only governed residue	registry/proofpack-index.jsonl existing governance entry	KEEP_LOCAL_AS_GOVERNED	default proof-pack path	proof_packs/NEXT_CYCLE_ENTRY_GATE_2026-03-07_1254_757ae4d4c/
proof_packs/NEXT_CYCLE_ENTRY_GATE_2026-03-07_1254_757ae4d4c/08_ENTRY_DECISION.md	1134	LOCAL_ONLY_HISTORICAL	HISTORICAL_PROOFPACK_PATH	pack directory is indexed as historical/local-only governed residue	registry/proofpack-index.jsonl existing governance entry	KEEP_LOCAL_AS_GOVERNED	default proof-pack path	proof_packs/NEXT_CYCLE_ENTRY_GATE_2026-03-07_1254_757ae4d4c/
proof_packs/NEXT_CYCLE_ENTRY_GATE_2026-03-07_1254_757ae4d4c/ROLLBACK.md	188	LOCAL_ONLY_HISTORICAL	HISTORICAL_PROOFPACK_PATH	pack directory is indexed as historical/local-only governed residue	registry/proofpack-index.jsonl existing governance entry	KEEP_LOCAL_AS_GOVERNED	default proof-pack path	proof_packs/NEXT_CYCLE_ENTRY_GATE_2026-03-07_1254_757ae4d4c/
proof_packs/NEXT_CYCLE_ENTRY_GATE_2026-03-07_1254_757ae4d4c/VERDICT.md	203	LOCAL_ONLY_HISTORICAL	HISTORICAL_PROOFPACK_PATH	pack directory is indexed as historical/local-only governed residue	registry/proofpack-index.jsonl existing governance entry	KEEP_LOCAL_AS_GOVERNED	default proof-pack path	proof_packs/NEXT_CYCLE_ENTRY_GATE_2026-03-07_1254_757ae4d4c/
proof_packs/NEXT_CYCLE_ENTRY_GATE_2026-03-07_1254_757ae4d4c/raw/canon_DECLARATION.md	537	LOCAL_ONLY_HISTORICAL	TEMPORARY_RAW_LOG_PATH	pack directory is indexed as historical/local-only governed residue	registry/proofpack-index.jsonl existing governance entry	KEEP_LOCAL_AS_GOVERNED	contains /raw/ execution evidence	proof_packs/NEXT_CYCLE_ENTRY_GATE_2026-03-07_1254_757ae4d4c/
proof_packs/NEXT_CYCLE_ENTRY_GATE_2026-03-07_1254_757ae4d4c/raw/canon_VERDICT.md	158	LOCAL_ONLY_HISTORICAL	TEMPORARY_RAW_LOG_PATH	pack directory is indexed as historical/local-only governed residue	registry/proofpack-index.jsonl existing governance entry	KEEP_LOCAL_AS_GOVERNED	contains /raw/ execution evidence	proof_packs/NEXT_CYCLE_ENTRY_GATE_2026-03-07_1254_757ae4d4c/
proof_packs/NEXT_CYCLE_ENTRY_GATE_2026-03-07_1254_757ae4d4c/raw/canon_pack_exists.txt	70	LOCAL_ONLY_HISTORICAL	TEMPORARY_RAW_LOG_PATH	pack directory is indexed as historical/local-only governed residue	registry/proofpack-index.jsonl existing governance entry	KEEP_LOCAL_AS_GOVERNED	contains /raw/ execution evidence	proof_packs/NEXT_CYCLE_ENTRY_GATE_2026-03-07_1254_757ae4d4c/
proof_packs/NEXT_CYCLE_ENTRY_GATE_2026-03-07_1254_757ae4d4c/raw/current_entry_metrics.txt	77	LOCAL_ONLY_HISTORICAL	TEMPORARY_RAW_LOG_PATH	pack directory is indexed as historical/local-only governed residue	registry/proofpack-index.jsonl existing governance entry	KEEP_LOCAL_AS_GOVERNED	contains /raw/ execution evidence	proof_packs/NEXT_CYCLE_ENTRY_GATE_2026-03-07_1254_757ae4d4c/
proof_packs/NEXT_CYCLE_ENTRY_GATE_2026-03-07_1254_757ae4d4c/raw/entry_gate_eval.txt	262	LOCAL_ONLY_HISTORICAL	TEMPORARY_RAW_LOG_PATH	pack directory is indexed as historical/local-only governed residue	registry/proofpack-index.jsonl existing governance entry	KEEP_LOCAL_AS_GOVERNED	contains /raw/ execution evidence	proof_packs/NEXT_CYCLE_ENTRY_GATE_2026-03-07_1254_757ae4d4c/
proof_packs/NEXT_CYCLE_ENTRY_GATE_2026-03-07_1254_757ae4d4c/raw/entry_signal_capture.txt	322	LOCAL_ONLY_HISTORICAL	TEMPORARY_RAW_LOG_PATH	pack directory is indexed as historical/local-only governed residue	registry/proofpack-index.jsonl existing governance entry	KEEP_LOCAL_AS_GOVERNED	contains /raw/ execution evidence	proof_packs/NEXT_CYCLE_ENTRY_GATE_2026-03-07_1254_757ae4d4c/
proof_packs/NEXT_CYCLE_ENTRY_GATE_2026-03-07_1254_757ae4d4c/raw/git_branch_show_current.txt	5	LOCAL_ONLY_HISTORICAL	TEMPORARY_RAW_LOG_PATH	pack directory is indexed as historical/local-only governed residue	registry/proofpack-index.jsonl existing governance entry	KEEP_LOCAL_AS_GOVERNED	contains /raw/ execution evidence	proof_packs/NEXT_CYCLE_ENTRY_GATE_2026-03-07_1254_757ae4d4c/
proof_packs/NEXT_CYCLE_ENTRY_GATE_2026-03-07_1254_757ae4d4c/raw/git_diff_cached_name_only.txt	0	LOCAL_ONLY_HISTORICAL	TEMPORARY_RAW_LOG_PATH	pack directory is indexed as historical/local-only governed residue	registry/proofpack-index.jsonl existing governance entry	KEEP_LOCAL_AS_GOVERNED	contains /raw/ execution evidence	proof_packs/NEXT_CYCLE_ENTRY_GATE_2026-03-07_1254_757ae4d4c/
proof_packs/NEXT_CYCLE_ENTRY_GATE_2026-03-07_1254_757ae4d4c/raw/git_diff_name_only.txt	0	LOCAL_ONLY_HISTORICAL	TEMPORARY_RAW_LOG_PATH	pack directory is indexed as historical/local-only governed residue	registry/proofpack-index.jsonl existing governance entry	KEEP_LOCAL_AS_GOVERNED	contains /raw/ execution evidence	proof_packs/NEXT_CYCLE_ENTRY_GATE_2026-03-07_1254_757ae4d4c/
proof_packs/NEXT_CYCLE_ENTRY_GATE_2026-03-07_1254_757ae4d4c/raw/git_log_10_oneline.txt	714	LOCAL_ONLY_HISTORICAL	TEMPORARY_RAW_LOG_PATH	pack directory is indexed as historical/local-only governed residue	registry/proofpack-index.jsonl existing governance entry	KEEP_LOCAL_AS_GOVERNED	contains /raw/ execution evidence	proof_packs/NEXT_CYCLE_ENTRY_GATE_2026-03-07_1254_757ae4d4c/
proof_packs/NEXT_CYCLE_ENTRY_GATE_2026-03-07_1254_757ae4d4c/raw/git_ls_files_untracked.txt	37586	LOCAL_ONLY_HISTORICAL	TEMPORARY_RAW_LOG_PATH	pack directory is indexed as historical/local-only governed residue	registry/proofpack-index.jsonl existing governance entry	KEEP_LOCAL_AS_GOVERNED	contains /raw/ execution evidence	proof_packs/NEXT_CYCLE_ENTRY_GATE_2026-03-07_1254_757ae4d4c/
proof_packs/NEXT_CYCLE_ENTRY_GATE_2026-03-07_1254_757ae4d4c/raw/git_rev_parse_short.txt	10	LOCAL_ONLY_HISTORICAL	TEMPORARY_RAW_LOG_PATH	pack directory is indexed as historical/local-only governed residue	registry/proofpack-index.jsonl existing governance entry	KEEP_LOCAL_AS_GOVERNED	contains /raw/ execution evidence	proof_packs/NEXT_CYCLE_ENTRY_GATE_2026-03-07_1254_757ae4d4c/
proof_packs/NEXT_CYCLE_ENTRY_GATE_2026-03-07_1254_757ae4d4c/raw/git_status_short.txt	650	LOCAL_ONLY_HISTORICAL	TEMPORARY_RAW_LOG_PATH	pack directory is indexed as historical/local-only governed residue	registry/proofpack-index.jsonl existing governance entry	KEEP_LOCAL_AS_GOVERNED	contains /raw/ execution evidence	proof_packs/NEXT_CYCLE_ENTRY_GATE_2026-03-07_1254_757ae4d4c/
proof_packs/NEXT_CYCLE_ENTRY_GATE_2026-03-07_1254_757ae4d4c/raw/seal_VERDICT.md	89	LOCAL_ONLY_HISTORICAL	TEMPORARY_RAW_LOG_PATH	pack directory is indexed as historical/local-only governed residue	registry/proofpack-index.jsonl existing governance entry	KEEP_LOCAL_AS_GOVERNED	contains /raw/ execution evidence	proof_packs/NEXT_CYCLE_ENTRY_GATE_2026-03-07_1254_757ae4d4c/
proof_packs/OMEGA_DORMANT_MASTER_TEMPLATE_2026-03-07_0850_757ae4d4c/00_EXEC_SUMMARY.md	769	LOCAL_ONLY_HISTORICAL	HISTORICAL_PROOFPACK_PATH	pack directory is indexed as historical/local-only governed residue	registry/proofpack-index.jsonl existing governance entry	KEEP_LOCAL_AS_GOVERNED	default proof-pack path	proof_packs/OMEGA_DORMANT_MASTER_TEMPLATE_2026-03-07_0850_757ae4d4c/
proof_packs/OMEGA_DORMANT_MASTER_TEMPLATE_2026-03-07_0850_757ae4d4c/01_BASELINE_AND_USAGE_LOCK.md	975	LOCAL_ONLY_HISTORICAL	HISTORICAL_PROOFPACK_PATH	pack directory is indexed as historical/local-only governed residue	registry/proofpack-index.jsonl existing governance entry	KEEP_LOCAL_AS_GOVERNED	default proof-pack path	proof_packs/OMEGA_DORMANT_MASTER_TEMPLATE_2026-03-07_0850_757ae4d4c/
proof_packs/OMEGA_DORMANT_MASTER_TEMPLATE_2026-03-07_0850_757ae4d4c/02_OMEGA_DORMANT_MASTER_TEMPLATE.md	5917	LOCAL_ONLY_HISTORICAL	HISTORICAL_PROOFPACK_PATH	pack directory is indexed as historical/local-only governed residue	registry/proofpack-index.jsonl existing governance entry	KEEP_LOCAL_AS_GOVERNED	default proof-pack path	proof_packs/OMEGA_DORMANT_MASTER_TEMPLATE_2026-03-07_0850_757ae4d4c/
proof_packs/OMEGA_DORMANT_MASTER_TEMPLATE_2026-03-07_0850_757ae4d4c/ROLLBACK.md	179	LOCAL_ONLY_HISTORICAL	HISTORICAL_PROOFPACK_PATH	pack directory is indexed as historical/local-only governed residue	registry/proofpack-index.jsonl existing governance entry	KEEP_LOCAL_AS_GOVERNED	default proof-pack path	proof_packs/OMEGA_DORMANT_MASTER_TEMPLATE_2026-03-07_0850_757ae4d4c/
proof_packs/OMEGA_DORMANT_MASTER_TEMPLATE_2026-03-07_0850_757ae4d4c/VERDICT.md	234	LOCAL_ONLY_HISTORICAL	HISTORICAL_PROOFPACK_PATH	pack directory is indexed as historical/local-only governed residue	registry/proofpack-index.jsonl existing governance entry	KEEP_LOCAL_AS_GOVERNED	default proof-pack path	proof_packs/OMEGA_DORMANT_MASTER_TEMPLATE_2026-03-07_0850_757ae4d4c/
proof_packs/OMEGA_DORMANT_MASTER_TEMPLATE_2026-03-07_0850_757ae4d4c/raw/bootstrap_summary.txt	201	LOCAL_ONLY_HISTORICAL	TEMPORARY_RAW_LOG_PATH	pack directory is indexed as historical/local-only governed residue	registry/proofpack-index.jsonl existing governance entry	KEEP_LOCAL_AS_GOVERNED	contains /raw/ execution evidence	proof_packs/OMEGA_DORMANT_MASTER_TEMPLATE_2026-03-07_0850_757ae4d4c/
proof_packs/OMEGA_DORMANT_MASTER_TEMPLATE_2026-03-07_0850_757ae4d4c/raw/check_baseline_757ae4d4c.txt	32	LOCAL_ONLY_HISTORICAL	TEMPORARY_RAW_LOG_PATH	pack directory is indexed as historical/local-only governed residue	registry/proofpack-index.jsonl existing governance entry	KEEP_LOCAL_AS_GOVERNED	contains /raw/ execution evidence	proof_packs/OMEGA_DORMANT_MASTER_TEMPLATE_2026-03-07_0850_757ae4d4c/
proof_packs/OMEGA_DORMANT_MASTER_TEMPLATE_2026-03-07_0850_757ae4d4c/raw/check_state_governed_idle_confirmed.txt	42	LOCAL_ONLY_HISTORICAL	TEMPORARY_RAW_LOG_PATH	pack directory is indexed as historical/local-only governed residue	registry/proofpack-index.jsonl existing governance entry	KEEP_LOCAL_AS_GOVERNED	contains /raw/ execution evidence	proof_packs/OMEGA_DORMANT_MASTER_TEMPLATE_2026-03-07_0850_757ae4d4c/
proof_packs/OMEGA_DORMANT_MASTER_TEMPLATE_2026-03-07_0850_757ae4d4c/raw/check_state_return_to_idle_confirmed.txt	52	LOCAL_ONLY_HISTORICAL	TEMPORARY_RAW_LOG_PATH	pack directory is indexed as historical/local-only governed residue	registry/proofpack-index.jsonl existing governance entry	KEEP_LOCAL_AS_GOVERNED	contains /raw/ execution evidence	proof_packs/OMEGA_DORMANT_MASTER_TEMPLATE_2026-03-07_0850_757ae4d4c/
proof_packs/OMEGA_DORMANT_MASTER_TEMPLATE_2026-03-07_0850_757ae4d4c/raw/check_state_standby_confirmed.txt	36	LOCAL_ONLY_HISTORICAL	TEMPORARY_RAW_LOG_PATH	pack directory is indexed as historical/local-only governed residue	registry/proofpack-index.jsonl existing governance entry	KEEP_LOCAL_AS_GOVERNED	contains /raw/ execution evidence	proof_packs/OMEGA_DORMANT_MASTER_TEMPLATE_2026-03-07_0850_757ae4d4c/
proof_packs/OMEGA_DORMANT_MASTER_TEMPLATE_2026-03-07_0850_757ae4d4c/raw/check_state_wake_protocol_ready.txt	38	LOCAL_ONLY_HISTORICAL	TEMPORARY_RAW_LOG_PATH	pack directory is indexed as historical/local-only governed residue	registry/proofpack-index.jsonl existing governance entry	KEEP_LOCAL_AS_GOVERNED	contains /raw/ execution evidence	proof_packs/OMEGA_DORMANT_MASTER_TEMPLATE_2026-03-07_0850_757ae4d4c/
proof_packs/OMEGA_DORMANT_MASTER_TEMPLATE_2026-03-07_0850_757ae4d4c/raw/dormant_intent_capture.txt	207	LOCAL_ONLY_HISTORICAL	TEMPORARY_RAW_LOG_PATH	pack directory is indexed as historical/local-only governed residue	registry/proofpack-index.jsonl existing governance entry	KEEP_LOCAL_AS_GOVERNED	contains /raw/ execution evidence	proof_packs/OMEGA_DORMANT_MASTER_TEMPLATE_2026-03-07_0850_757ae4d4c/
proof_packs/OMEGA_DORMANT_MASTER_TEMPLATE_2026-03-07_0850_757ae4d4c/raw/git_branch_show_current.txt	5	LOCAL_ONLY_HISTORICAL	TEMPORARY_RAW_LOG_PATH	pack directory is indexed as historical/local-only governed residue	registry/proofpack-index.jsonl existing governance entry	KEEP_LOCAL_AS_GOVERNED	contains /raw/ execution evidence	proof_packs/OMEGA_DORMANT_MASTER_TEMPLATE_2026-03-07_0850_757ae4d4c/
proof_packs/OMEGA_DORMANT_MASTER_TEMPLATE_2026-03-07_0850_757ae4d4c/raw/git_rev_parse_short.txt	10	LOCAL_ONLY_HISTORICAL	TEMPORARY_RAW_LOG_PATH	pack directory is indexed as historical/local-only governed residue	registry/proofpack-index.jsonl existing governance entry	KEEP_LOCAL_AS_GOVERNED	contains /raw/ execution evidence	proof_packs/OMEGA_DORMANT_MASTER_TEMPLATE_2026-03-07_0850_757ae4d4c/
proof_packs/OMEGA_DORMANT_MASTER_TEMPLATE_2026-03-07_0850_757ae4d4c/raw/git_status_short.txt	1133	LOCAL_ONLY_HISTORICAL	TEMPORARY_RAW_LOG_PATH	pack directory is indexed as historical/local-only governed residue	registry/proofpack-index.jsonl existing governance entry	KEEP_LOCAL_AS_GOVERNED	contains /raw/ execution evidence	proof_packs/OMEGA_DORMANT_MASTER_TEMPLATE_2026-03-07_0850_757ae4d4c/
proof_packs/OMEGA_DORMANT_MASTER_TEMPLATE_2026-03-07_0850_757ae4d4c/raw/reference_governed_idle_verdict.md	315	LOCAL_ONLY_HISTORICAL	TEMPORARY_RAW_LOG_PATH	pack directory is indexed as historical/local-only governed residue	registry/proofpack-index.jsonl existing governance entry	KEEP_LOCAL_AS_GOVERNED	contains /raw/ execution evidence	proof_packs/OMEGA_DORMANT_MASTER_TEMPLATE_2026-03-07_0850_757ae4d4c/
proof_packs/OMEGA_DORMANT_MASTER_TEMPLATE_2026-03-07_0850_757ae4d4c/raw/reference_return_to_idle_verdict.md	206	LOCAL_ONLY_HISTORICAL	TEMPORARY_RAW_LOG_PATH	pack directory is indexed as historical/local-only governed residue	registry/proofpack-index.jsonl existing governance entry	KEEP_LOCAL_AS_GOVERNED	contains /raw/ execution evidence	proof_packs/OMEGA_DORMANT_MASTER_TEMPLATE_2026-03-07_0850_757ae4d4c/
proof_packs/OMEGA_DORMANT_MASTER_TEMPLATE_2026-03-07_0850_757ae4d4c/raw/reference_wake_protocol_verdict.md	263	LOCAL_ONLY_HISTORICAL	TEMPORARY_RAW_LOG_PATH	pack directory is indexed as historical/local-only governed residue	registry/proofpack-index.jsonl existing governance entry	KEEP_LOCAL_AS_GOVERNED	contains /raw/ execution evidence	proof_packs/OMEGA_DORMANT_MASTER_TEMPLATE_2026-03-07_0850_757ae4d4c/
proof_packs/POST_MERGE_VALIDATION_2026-03-07_757ae4d4c/00_EXEC_SUMMARY.md	779	LOCAL_ONLY_HISTORICAL	HISTORICAL_PROOFPACK_PATH	pack directory is indexed as historical/local-only governed residue	registry/proofpack-index.jsonl existing governance entry	KEEP_LOCAL_AS_GOVERNED	default proof-pack path	proof_packs/POST_MERGE_VALIDATION_2026-03-07_757ae4d4c/
proof_packs/POST_MERGE_VALIDATION_2026-03-07_757ae4d4c/01_BOOTSTRAP.md	730	LOCAL_ONLY_HISTORICAL	HISTORICAL_PROOFPACK_PATH	pack directory is indexed as historical/local-only governed residue	registry/proofpack-index.jsonl existing governance entry	KEEP_LOCAL_AS_GOVERNED	default proof-pack path	proof_packs/POST_MERGE_VALIDATION_2026-03-07_757ae4d4c/
proof_packs/POST_MERGE_VALIDATION_2026-03-07_757ae4d4c/02_MAIN_TRUTH.md	362	LOCAL_ONLY_HISTORICAL	HISTORICAL_PROOFPACK_PATH	pack directory is indexed as historical/local-only governed residue	registry/proofpack-index.jsonl existing governance entry	KEEP_LOCAL_AS_GOVERNED	default proof-pack path	proof_packs/POST_MERGE_VALIDATION_2026-03-07_757ae4d4c/
proof_packs/POST_MERGE_VALIDATION_2026-03-07_757ae4d4c/03_SCOPE_FREEZE.md	369	LOCAL_ONLY_HISTORICAL	HISTORICAL_PROOFPACK_PATH	pack directory is indexed as historical/local-only governed residue	registry/proofpack-index.jsonl existing governance entry	KEEP_LOCAL_AS_GOVERNED	default proof-pack path	proof_packs/POST_MERGE_VALIDATION_2026-03-07_757ae4d4c/
proof_packs/POST_MERGE_VALIDATION_2026-03-07_757ae4d4c/04_COMMANDS_USED.md	976	LOCAL_ONLY_HISTORICAL	HISTORICAL_PROOFPACK_PATH	pack directory is indexed as historical/local-only governed residue	registry/proofpack-index.jsonl existing governance entry	KEEP_LOCAL_AS_GOVERNED	default proof-pack path	proof_packs/POST_MERGE_VALIDATION_2026-03-07_757ae4d4c/
proof_packs/POST_MERGE_VALIDATION_2026-03-07_757ae4d4c/05_CI_STATUS.md	445	LOCAL_ONLY_HISTORICAL	HISTORICAL_PROOFPACK_PATH	pack directory is indexed as historical/local-only governed residue	registry/proofpack-index.jsonl existing governance entry	KEEP_LOCAL_AS_GOVERNED	default proof-pack path	proof_packs/POST_MERGE_VALIDATION_2026-03-07_757ae4d4c/
proof_packs/POST_MERGE_VALIDATION_2026-03-07_757ae4d4c/06_REGISTRY_INTEGRITY.md	359	LOCAL_ONLY_HISTORICAL	HISTORICAL_PROOFPACK_PATH	pack directory is indexed as historical/local-only governed residue	registry/proofpack-index.jsonl existing governance entry	KEEP_LOCAL_AS_GOVERNED	default proof-pack path	proof_packs/POST_MERGE_VALIDATION_2026-03-07_757ae4d4c/
proof_packs/POST_MERGE_VALIDATION_2026-03-07_757ae4d4c/07_AUTOHEAL_STATUS.md	278	LOCAL_ONLY_HISTORICAL	HISTORICAL_PROOFPACK_PATH	pack directory is indexed as historical/local-only governed residue	registry/proofpack-index.jsonl existing governance entry	KEEP_LOCAL_AS_GOVERNED	default proof-pack path	proof_packs/POST_MERGE_VALIDATION_2026-03-07_757ae4d4c/
proof_packs/POST_MERGE_VALIDATION_2026-03-07_757ae4d4c/08_GATES_RECHECK.md	260	LOCAL_ONLY_HISTORICAL	HISTORICAL_PROOFPACK_PATH	pack directory is indexed as historical/local-only governed residue	registry/proofpack-index.jsonl existing governance entry	KEEP_LOCAL_AS_GOVERNED	default proof-pack path	proof_packs/POST_MERGE_VALIDATION_2026-03-07_757ae4d4c/
proof_packs/POST_MERGE_VALIDATION_2026-03-07_757ae4d4c/09_PIPELINE_STABILITY.md	290	LOCAL_ONLY_HISTORICAL	HISTORICAL_PROOFPACK_PATH	pack directory is indexed as historical/local-only governed residue	registry/proofpack-index.jsonl existing governance entry	KEEP_LOCAL_AS_GOVERNED	default proof-pack path	proof_packs/POST_MERGE_VALIDATION_2026-03-07_757ae4d4c/
proof_packs/POST_MERGE_VALIDATION_2026-03-07_757ae4d4c/10_RESIDUAL_RISKS.md	468	LOCAL_ONLY_HISTORICAL	HISTORICAL_PROOFPACK_PATH	pack directory is indexed as historical/local-only governed residue	registry/proofpack-index.jsonl existing governance entry	KEEP_LOCAL_AS_GOVERNED	default proof-pack path	proof_packs/POST_MERGE_VALIDATION_2026-03-07_757ae4d4c/
proof_packs/POST_MERGE_VALIDATION_2026-03-07_757ae4d4c/11_ROLLBACK.md	362	LOCAL_ONLY_HISTORICAL	HISTORICAL_PROOFPACK_PATH	pack directory is indexed as historical/local-only governed residue	registry/proofpack-index.jsonl existing governance entry	KEEP_LOCAL_AS_GOVERNED	default proof-pack path	proof_packs/POST_MERGE_VALIDATION_2026-03-07_757ae4d4c/
proof_packs/POST_MERGE_VALIDATION_2026-03-07_757ae4d4c/12_FINAL_DECISION.md	1219	LOCAL_ONLY_HISTORICAL	HISTORICAL_PROOFPACK_PATH	pack directory is indexed as historical/local-only governed residue	registry/proofpack-index.jsonl existing governance entry	KEEP_LOCAL_AS_GOVERNED	default proof-pack path	proof_packs/POST_MERGE_VALIDATION_2026-03-07_757ae4d4c/
proof_packs/POST_MERGE_VALIDATION_2026-03-07_757ae4d4c/ROLLBACK.md	91	LOCAL_ONLY_HISTORICAL	HISTORICAL_PROOFPACK_PATH	pack directory is indexed as historical/local-only governed residue	registry/proofpack-index.jsonl existing governance entry	KEEP_LOCAL_AS_GOVERNED	default proof-pack path	proof_packs/POST_MERGE_VALIDATION_2026-03-07_757ae4d4c/
proof_packs/POST_MERGE_VALIDATION_2026-03-07_757ae4d4c/VERDICT.md	26	LOCAL_ONLY_HISTORICAL	HISTORICAL_PROOFPACK_PATH	pack directory is indexed as historical/local-only governed residue	registry/proofpack-index.jsonl existing governance entry	KEEP_LOCAL_AS_GOVERNED	default proof-pack path	proof_packs/POST_MERGE_VALIDATION_2026-03-07_757ae4d4c/
proof_packs/POST_MERGE_VALIDATION_2026-03-07_757ae4d4c/raw/autoheal_0077_check.txt	2209	LOCAL_ONLY_HISTORICAL	TEMPORARY_RAW_LOG_PATH	pack directory is indexed as historical/local-only governed residue	registry/proofpack-index.jsonl existing governance entry	KEEP_LOCAL_AS_GOVERNED	contains /raw/ execution evidence	proof_packs/POST_MERGE_VALIDATION_2026-03-07_757ae4d4c/
proof_packs/POST_MERGE_VALIDATION_2026-03-07_757ae4d4c/raw/autoheal_recurrence.txt	154	LOCAL_ONLY_HISTORICAL	TEMPORARY_RAW_LOG_PATH	pack directory is indexed as historical/local-only governed residue	registry/proofpack-index.jsonl existing governance entry	KEEP_LOCAL_AS_GOVERNED	contains /raw/ execution evidence	proof_packs/POST_MERGE_VALIDATION_2026-03-07_757ae4d4c/
proof_packs/POST_MERGE_VALIDATION_2026-03-07_757ae4d4c/raw/ci_unified_libasound_check.txt	66	LOCAL_ONLY_HISTORICAL	TEMPORARY_RAW_LOG_PATH	pack directory is indexed as historical/local-only governed residue	registry/proofpack-index.jsonl existing governance entry	KEEP_LOCAL_AS_GOVERNED	contains /raw/ execution evidence	proof_packs/POST_MERGE_VALIDATION_2026-03-07_757ae4d4c/
proof_packs/POST_MERGE_VALIDATION_2026-03-07_757ae4d4c/raw/ci_workflow_summary.txt	1347	LOCAL_ONLY_HISTORICAL	TEMPORARY_RAW_LOG_PATH	pack directory is indexed as historical/local-only governed residue	registry/proofpack-index.jsonl existing governance entry	KEEP_LOCAL_AS_GOVERNED	contains /raw/ execution evidence	proof_packs/POST_MERGE_VALIDATION_2026-03-07_757ae4d4c/
proof_packs/POST_MERGE_VALIDATION_2026-03-07_757ae4d4c/raw/gh_run_list_20.json	5607	LOCAL_ONLY_HISTORICAL	TEMPORARY_RAW_LOG_PATH	pack directory is indexed as historical/local-only governed residue	registry/proofpack-index.jsonl existing governance entry	KEEP_LOCAL_AS_GOVERNED	contains /raw/ execution evidence	proof_packs/POST_MERGE_VALIDATION_2026-03-07_757ae4d4c/
proof_packs/POST_MERGE_VALIDATION_2026-03-07_757ae4d4c/raw/gh_runs_for_head.json	7367	LOCAL_ONLY_HISTORICAL	TEMPORARY_RAW_LOG_PATH	pack directory is indexed as historical/local-only governed residue	registry/proofpack-index.jsonl existing governance entry	KEEP_LOCAL_AS_GOVERNED	contains /raw/ execution evidence	proof_packs/POST_MERGE_VALIDATION_2026-03-07_757ae4d4c/
proof_packs/POST_MERGE_VALIDATION_2026-03-07_757ae4d4c/raw/gh_workflow_list.txt	2179	LOCAL_ONLY_HISTORICAL	TEMPORARY_RAW_LOG_PATH	pack directory is indexed as historical/local-only governed residue	registry/proofpack-index.jsonl existing governance entry	KEEP_LOCAL_AS_GOVERNED	contains /raw/ execution evidence	proof_packs/POST_MERGE_VALIDATION_2026-03-07_757ae4d4c/
proof_packs/POST_MERGE_VALIDATION_2026-03-07_757ae4d4c/raw/git_branch_show_current.txt	5	LOCAL_ONLY_HISTORICAL	TEMPORARY_RAW_LOG_PATH	pack directory is indexed as historical/local-only governed residue	registry/proofpack-index.jsonl existing governance entry	KEEP_LOCAL_AS_GOVERNED	contains /raw/ execution evidence	proof_packs/POST_MERGE_VALIDATION_2026-03-07_757ae4d4c/
proof_packs/POST_MERGE_VALIDATION_2026-03-07_757ae4d4c/raw/git_log_20_oneline.txt	1405	LOCAL_ONLY_HISTORICAL	TEMPORARY_RAW_LOG_PATH	pack directory is indexed as historical/local-only governed residue	registry/proofpack-index.jsonl existing governance entry	KEEP_LOCAL_AS_GOVERNED	contains /raw/ execution evidence	proof_packs/POST_MERGE_VALIDATION_2026-03-07_757ae4d4c/
proof_packs/POST_MERGE_VALIDATION_2026-03-07_757ae4d4c/raw/git_rev_parse_MAIN.txt	41	LOCAL_ONLY_HISTORICAL	TEMPORARY_RAW_LOG_PATH	pack directory is indexed as historical/local-only governed residue	registry/proofpack-index.jsonl existing governance entry	KEEP_LOCAL_AS_GOVERNED	contains /raw/ execution evidence	proof_packs/POST_MERGE_VALIDATION_2026-03-07_757ae4d4c/
proof_packs/POST_MERGE_VALIDATION_2026-03-07_757ae4d4c/raw/git_rev_parse_origin_MAIN.txt	41	LOCAL_ONLY_HISTORICAL	TEMPORARY_RAW_LOG_PATH	pack directory is indexed as historical/local-only governed residue	registry/proofpack-index.jsonl existing governance entry	KEEP_LOCAL_AS_GOVERNED	contains /raw/ execution evidence	proof_packs/POST_MERGE_VALIDATION_2026-03-07_757ae4d4c/
proof_packs/POST_MERGE_VALIDATION_2026-03-07_757ae4d4c/raw/git_rev_parse_short.txt	10	LOCAL_ONLY_HISTORICAL	TEMPORARY_RAW_LOG_PATH	pack directory is indexed as historical/local-only governed residue	registry/proofpack-index.jsonl existing governance entry	KEEP_LOCAL_AS_GOVERNED	contains /raw/ execution evidence	proof_packs/POST_MERGE_VALIDATION_2026-03-07_757ae4d4c/
proof_packs/POST_MERGE_VALIDATION_2026-03-07_757ae4d4c/raw/git_status.txt	517	LOCAL_ONLY_HISTORICAL	TEMPORARY_RAW_LOG_PATH	pack directory is indexed as historical/local-only governed residue	registry/proofpack-index.jsonl existing governance entry	KEEP_LOCAL_AS_GOVERNED	contains /raw/ execution evidence	proof_packs/POST_MERGE_VALIDATION_2026-03-07_757ae4d4c/
proof_packs/POST_MERGE_VALIDATION_2026-03-07_757ae4d4c/raw/git_status_sb.txt	257	LOCAL_ONLY_HISTORICAL	TEMPORARY_RAW_LOG_PATH	pack directory is indexed as historical/local-only governed residue	registry/proofpack-index.jsonl existing governance entry	KEEP_LOCAL_AS_GOVERNED	contains /raw/ execution evidence	proof_packs/POST_MERGE_VALIDATION_2026-03-07_757ae4d4c/
proof_packs/POST_MERGE_VALIDATION_2026-03-07_757ae4d4c/raw/metric_ci_completed_nonsuccess.txt	2	LOCAL_ONLY_HISTORICAL	TEMPORARY_RAW_LOG_PATH	pack directory is indexed as historical/local-only governed residue	registry/proofpack-index.jsonl existing governance entry	KEEP_LOCAL_AS_GOVERNED	contains /raw/ execution evidence	proof_packs/POST_MERGE_VALIDATION_2026-03-07_757ae4d4c/
proof_packs/POST_MERGE_VALIDATION_2026-03-07_757ae4d4c/raw/metric_ci_completed_success.txt	3	LOCAL_ONLY_HISTORICAL	TEMPORARY_RAW_LOG_PATH	pack directory is indexed as historical/local-only governed residue	registry/proofpack-index.jsonl existing governance entry	KEEP_LOCAL_AS_GOVERNED	contains /raw/ execution evidence	proof_packs/POST_MERGE_VALIDATION_2026-03-07_757ae4d4c/
proof_packs/POST_MERGE_VALIDATION_2026-03-07_757ae4d4c/raw/metric_ci_not_completed.txt	2	LOCAL_ONLY_HISTORICAL	TEMPORARY_RAW_LOG_PATH	pack directory is indexed as historical/local-only governed residue	registry/proofpack-index.jsonl existing governance entry	KEEP_LOCAL_AS_GOVERNED	contains /raw/ execution evidence	proof_packs/POST_MERGE_VALIDATION_2026-03-07_757ae4d4c/
proof_packs/POST_MERGE_VALIDATION_2026-03-07_757ae4d4c/raw/verify_instructions.txt	767	LOCAL_ONLY_HISTORICAL	TEMPORARY_RAW_LOG_PATH	pack directory is indexed as historical/local-only governed residue	registry/proofpack-index.jsonl existing governance entry	KEEP_LOCAL_AS_GOVERNED	contains /raw/ execution evidence	proof_packs/POST_MERGE_VALIDATION_2026-03-07_757ae4d4c/
proof_packs/POST_MERGE_VALIDATION_2026-03-07_757ae4d4c/raw/verify_registry.txt	539	LOCAL_ONLY_HISTORICAL	TEMPORARY_RAW_LOG_PATH	pack directory is indexed as historical/local-only governed residue	registry/proofpack-index.jsonl existing governance entry	KEEP_LOCAL_AS_GOVERNED	contains /raw/ execution evidence	proof_packs/POST_MERGE_VALIDATION_2026-03-07_757ae4d4c/
proof_packs/POST_SEAL_BASELINE_CANONIZATION_2026-03-07_1245_757ae4d4c/00_EXEC_SUMMARY.md	738	LOCAL_ONLY_HISTORICAL	HISTORICAL_PROOFPACK_PATH	pack directory is indexed as historical/local-only governed residue	registry/proofpack-index.jsonl existing governance entry	KEEP_LOCAL_AS_GOVERNED	default proof-pack path	proof_packs/POST_SEAL_BASELINE_CANONIZATION_2026-03-07_1245_757ae4d4c/
proof_packs/POST_SEAL_BASELINE_CANONIZATION_2026-03-07_1245_757ae4d4c/01_BOOTSTRAP.md	780	LOCAL_ONLY_HISTORICAL	HISTORICAL_PROOFPACK_PATH	pack directory is indexed as historical/local-only governed residue	registry/proofpack-index.jsonl existing governance entry	KEEP_LOCAL_AS_GOVERNED	default proof-pack path	proof_packs/POST_SEAL_BASELINE_CANONIZATION_2026-03-07_1245_757ae4d4c/
proof_packs/POST_SEAL_BASELINE_CANONIZATION_2026-03-07_1245_757ae4d4c/02_SEALED_BASELINE_TRUTH.md	1367	LOCAL_ONLY_HISTORICAL	HISTORICAL_PROOFPACK_PATH	pack directory is indexed as historical/local-only governed residue	registry/proofpack-index.jsonl existing governance entry	KEEP_LOCAL_AS_GOVERNED	default proof-pack path	proof_packs/POST_SEAL_BASELINE_CANONIZATION_2026-03-07_1245_757ae4d4c/
proof_packs/POST_SEAL_BASELINE_CANONIZATION_2026-03-07_1245_757ae4d4c/03_CANONICAL_FACTS.md	2736	LOCAL_ONLY_HISTORICAL	HISTORICAL_PROOFPACK_PATH	pack directory is indexed as historical/local-only governed residue	registry/proofpack-index.jsonl existing governance entry	KEEP_LOCAL_AS_GOVERNED	default proof-pack path	proof_packs/POST_SEAL_BASELINE_CANONIZATION_2026-03-07_1245_757ae4d4c/
proof_packs/POST_SEAL_BASELINE_CANONIZATION_2026-03-07_1245_757ae4d4c/04_CLOSED_QUESTIONS.md	1557	LOCAL_ONLY_HISTORICAL	HISTORICAL_PROOFPACK_PATH	pack directory is indexed as historical/local-only governed residue	registry/proofpack-index.jsonl existing governance entry	KEEP_LOCAL_AS_GOVERNED	default proof-pack path	proof_packs/POST_SEAL_BASELINE_CANONIZATION_2026-03-07_1245_757ae4d4c/
proof_packs/POST_SEAL_BASELINE_CANONIZATION_2026-03-07_1245_757ae4d4c/05_OPEN_NEXT_SURFACES.md	933	LOCAL_ONLY_HISTORICAL	HISTORICAL_PROOFPACK_PATH	pack directory is indexed as historical/local-only governed residue	registry/proofpack-index.jsonl existing governance entry	KEEP_LOCAL_AS_GOVERNED	default proof-pack path	proof_packs/POST_SEAL_BASELINE_CANONIZATION_2026-03-07_1245_757ae4d4c/
proof_packs/POST_SEAL_BASELINE_CANONIZATION_2026-03-07_1245_757ae4d4c/06_REENTRY_RULES.md	1015	LOCAL_ONLY_HISTORICAL	HISTORICAL_PROOFPACK_PATH	pack directory is indexed as historical/local-only governed residue	registry/proofpack-index.jsonl existing governance entry	KEEP_LOCAL_AS_GOVERNED	default proof-pack path	proof_packs/POST_SEAL_BASELINE_CANONIZATION_2026-03-07_1245_757ae4d4c/
proof_packs/POST_SEAL_BASELINE_CANONIZATION_2026-03-07_1245_757ae4d4c/07_ANTI_REGRESSION_GUARDRAILS.md	862	LOCAL_ONLY_HISTORICAL	HISTORICAL_PROOFPACK_PATH	pack directory is indexed as historical/local-only governed residue	registry/proofpack-index.jsonl existing governance entry	KEEP_LOCAL_AS_GOVERNED	default proof-pack path	proof_packs/POST_SEAL_BASELINE_CANONIZATION_2026-03-07_1245_757ae4d4c/
proof_packs/POST_SEAL_BASELINE_CANONIZATION_2026-03-07_1245_757ae4d4c/08_REFERENCE_INDEX.md	1800	LOCAL_ONLY_HISTORICAL	CURRENT_INDEX_PATH	pack directory is indexed as historical/local-only governed residue	registry/proofpack-index.jsonl existing governance entry	KEEP_LOCAL_AS_GOVERNED	name/path indicates index material	proof_packs/POST_SEAL_BASELINE_CANONIZATION_2026-03-07_1245_757ae4d4c/
proof_packs/POST_SEAL_BASELINE_CANONIZATION_2026-03-07_1245_757ae4d4c/09_CANON_DECLARATION.md	537	LOCAL_ONLY_HISTORICAL	HISTORICAL_PROOFPACK_PATH	pack directory is indexed as historical/local-only governed residue	registry/proofpack-index.jsonl existing governance entry	KEEP_LOCAL_AS_GOVERNED	default proof-pack path	proof_packs/POST_SEAL_BASELINE_CANONIZATION_2026-03-07_1245_757ae4d4c/
proof_packs/POST_SEAL_BASELINE_CANONIZATION_2026-03-07_1245_757ae4d4c/10_NEXT_ITERATION_HANDOFF.md	1142	LOCAL_ONLY_HISTORICAL	HISTORICAL_PROOFPACK_PATH	pack directory is indexed as historical/local-only governed residue	registry/proofpack-index.jsonl existing governance entry	KEEP_LOCAL_AS_GOVERNED	default proof-pack path	proof_packs/POST_SEAL_BASELINE_CANONIZATION_2026-03-07_1245_757ae4d4c/
proof_packs/POST_SEAL_BASELINE_CANONIZATION_2026-03-07_1245_757ae4d4c/ROLLBACK.md	210	LOCAL_ONLY_HISTORICAL	HISTORICAL_PROOFPACK_PATH	pack directory is indexed as historical/local-only governed residue	registry/proofpack-index.jsonl existing governance entry	KEEP_LOCAL_AS_GOVERNED	default proof-pack path	proof_packs/POST_SEAL_BASELINE_CANONIZATION_2026-03-07_1245_757ae4d4c/
proof_packs/POST_SEAL_BASELINE_CANONIZATION_2026-03-07_1245_757ae4d4c/VERDICT.md	158	LOCAL_ONLY_HISTORICAL	HISTORICAL_PROOFPACK_PATH	pack directory is indexed as historical/local-only governed residue	registry/proofpack-index.jsonl existing governance entry	KEEP_LOCAL_AS_GOVERNED	default proof-pack path	proof_packs/POST_SEAL_BASELINE_CANONIZATION_2026-03-07_1245_757ae4d4c/
proof_packs/POST_SEAL_BASELINE_CANONIZATION_2026-03-07_1245_757ae4d4c/raw/current_untracked_all.txt	35143	LOCAL_ONLY_HISTORICAL	TEMPORARY_RAW_LOG_PATH	pack directory is indexed as historical/local-only governed residue	registry/proofpack-index.jsonl existing governance entry	KEEP_LOCAL_AS_GOVERNED	contains /raw/ execution evidence	proof_packs/POST_SEAL_BASELINE_CANONIZATION_2026-03-07_1245_757ae4d4c/
proof_packs/POST_SEAL_BASELINE_CANONIZATION_2026-03-07_1245_757ae4d4c/raw/current_untracked_nonproof_only.txt	0	LOCAL_ONLY_HISTORICAL	TEMPORARY_RAW_LOG_PATH	pack directory is indexed as historical/local-only governed residue	registry/proofpack-index.jsonl existing governance entry	KEEP_LOCAL_AS_GOVERNED	contains /raw/ execution evidence	proof_packs/POST_SEAL_BASELINE_CANONIZATION_2026-03-07_1245_757ae4d4c/
proof_packs/POST_SEAL_BASELINE_CANONIZATION_2026-03-07_1245_757ae4d4c/raw/current_untracked_proof_only.txt	35143	LOCAL_ONLY_HISTORICAL	TEMPORARY_RAW_LOG_PATH	pack directory is indexed as historical/local-only governed residue	registry/proofpack-index.jsonl existing governance entry	KEEP_LOCAL_AS_GOVERNED	contains /raw/ execution evidence	proof_packs/POST_SEAL_BASELINE_CANONIZATION_2026-03-07_1245_757ae4d4c/
proof_packs/POST_SEAL_BASELINE_CANONIZATION_2026-03-07_1245_757ae4d4c/raw/current_workspace_snapshot_metrics.txt	75	LOCAL_ONLY_HISTORICAL	TEMPORARY_RAW_LOG_PATH	pack directory is indexed as historical/local-only governed residue	registry/proofpack-index.jsonl existing governance entry	KEEP_LOCAL_AS_GOVERNED	contains /raw/ execution evidence	proof_packs/POST_SEAL_BASELINE_CANONIZATION_2026-03-07_1245_757ae4d4c/
proof_packs/POST_SEAL_BASELINE_CANONIZATION_2026-03-07_1245_757ae4d4c/raw/git_branch_show_current.txt	5	LOCAL_ONLY_HISTORICAL	TEMPORARY_RAW_LOG_PATH	pack directory is indexed as historical/local-only governed residue	registry/proofpack-index.jsonl existing governance entry	KEEP_LOCAL_AS_GOVERNED	contains /raw/ execution evidence	proof_packs/POST_SEAL_BASELINE_CANONIZATION_2026-03-07_1245_757ae4d4c/
proof_packs/POST_SEAL_BASELINE_CANONIZATION_2026-03-07_1245_757ae4d4c/raw/git_log_10_oneline.txt	714	LOCAL_ONLY_HISTORICAL	TEMPORARY_RAW_LOG_PATH	pack directory is indexed as historical/local-only governed residue	registry/proofpack-index.jsonl existing governance entry	KEEP_LOCAL_AS_GOVERNED	contains /raw/ execution evidence	proof_packs/POST_SEAL_BASELINE_CANONIZATION_2026-03-07_1245_757ae4d4c/
proof_packs/POST_SEAL_BASELINE_CANONIZATION_2026-03-07_1245_757ae4d4c/raw/git_rev_parse_short.txt	10	LOCAL_ONLY_HISTORICAL	TEMPORARY_RAW_LOG_PATH	pack directory is indexed as historical/local-only governed residue	registry/proofpack-index.jsonl existing governance entry	KEEP_LOCAL_AS_GOVERNED	contains /raw/ execution evidence	proof_packs/POST_SEAL_BASELINE_CANONIZATION_2026-03-07_1245_757ae4d4c/
proof_packs/POST_SEAL_BASELINE_CANONIZATION_2026-03-07_1245_757ae4d4c/raw/git_status_short.txt	586	LOCAL_ONLY_HISTORICAL	TEMPORARY_RAW_LOG_PATH	pack directory is indexed as historical/local-only governed residue	registry/proofpack-index.jsonl existing governance entry	KEEP_LOCAL_AS_GOVERNED	contains /raw/ execution evidence	proof_packs/POST_SEAL_BASELINE_CANONIZATION_2026-03-07_1245_757ae4d4c/
proof_packs/POST_SEAL_BASELINE_CANONIZATION_2026-03-07_1245_757ae4d4c/raw/ref_ci_truth.md	531	LOCAL_ONLY_HISTORICAL	TEMPORARY_RAW_LOG_PATH	pack directory is indexed as historical/local-only governed residue	registry/proofpack-index.jsonl existing governance entry	KEEP_LOCAL_AS_GOVERNED	contains /raw/ execution evidence	proof_packs/POST_SEAL_BASELINE_CANONIZATION_2026-03-07_1245_757ae4d4c/
proof_packs/POST_SEAL_BASELINE_CANONIZATION_2026-03-07_1245_757ae4d4c/raw/ref_doctrine_VERDICT.md	397	LOCAL_ONLY_HISTORICAL	TEMPORARY_RAW_LOG_PATH	pack directory is indexed as historical/local-only governed residue	registry/proofpack-index.jsonl existing governance entry	KEEP_LOCAL_AS_GOVERNED	contains /raw/ execution evidence	proof_packs/POST_SEAL_BASELINE_CANONIZATION_2026-03-07_1245_757ae4d4c/
proof_packs/POST_SEAL_BASELINE_CANONIZATION_2026-03-07_1245_757ae4d4c/raw/ref_doctrine_file_index.txt	5365	LOCAL_ONLY_HISTORICAL	CURRENT_INDEX_PATH	pack directory is indexed as historical/local-only governed residue	registry/proofpack-index.jsonl existing governance entry	KEEP_LOCAL_AS_GOVERNED	name/path indicates index material	proof_packs/POST_SEAL_BASELINE_CANONIZATION_2026-03-07_1245_757ae4d4c/
proof_packs/POST_SEAL_BASELINE_CANONIZATION_2026-03-07_1245_757ae4d4c/raw/ref_doctrine_pack_exists.txt	70	LOCAL_ONLY_HISTORICAL	TEMPORARY_RAW_LOG_PATH	pack directory is indexed as historical/local-only governed residue	registry/proofpack-index.jsonl existing governance entry	KEEP_LOCAL_AS_GOVERNED	contains /raw/ execution evidence	proof_packs/POST_SEAL_BASELINE_CANONIZATION_2026-03-07_1245_757ae4d4c/
proof_packs/POST_SEAL_BASELINE_CANONIZATION_2026-03-07_1245_757ae4d4c/raw/ref_final_seal_CERTIFICATE.md	1129	LOCAL_ONLY_HISTORICAL	TEMPORARY_RAW_LOG_PATH	pack directory is indexed as historical/local-only governed residue	registry/proofpack-index.jsonl existing governance entry	KEEP_LOCAL_AS_GOVERNED	contains /raw/ execution evidence	proof_packs/POST_SEAL_BASELINE_CANONIZATION_2026-03-07_1245_757ae4d4c/
proof_packs/POST_SEAL_BASELINE_CANONIZATION_2026-03-07_1245_757ae4d4c/raw/ref_final_seal_VERDICT.md	89	LOCAL_ONLY_HISTORICAL	TEMPORARY_RAW_LOG_PATH	pack directory is indexed as historical/local-only governed residue	registry/proofpack-index.jsonl existing governance entry	KEEP_LOCAL_AS_GOVERNED	contains /raw/ execution evidence	proof_packs/POST_SEAL_BASELINE_CANONIZATION_2026-03-07_1245_757ae4d4c/
proof_packs/POST_SEAL_BASELINE_CANONIZATION_2026-03-07_1245_757ae4d4c/raw/ref_final_seal_file_index.txt	3776	LOCAL_ONLY_HISTORICAL	CURRENT_INDEX_PATH	pack directory is indexed as historical/local-only governed residue	registry/proofpack-index.jsonl existing governance entry	KEEP_LOCAL_AS_GOVERNED	name/path indicates index material	proof_packs/POST_SEAL_BASELINE_CANONIZATION_2026-03-07_1245_757ae4d4c/
proof_packs/POST_SEAL_BASELINE_CANONIZATION_2026-03-07_1245_757ae4d4c/raw/ref_final_seal_pack_exists.txt	59	LOCAL_ONLY_HISTORICAL	TEMPORARY_RAW_LOG_PATH	pack directory is indexed as historical/local-only governed residue	registry/proofpack-index.jsonl existing governance entry	KEEP_LOCAL_AS_GOVERNED	contains /raw/ execution evidence	proof_packs/POST_SEAL_BASELINE_CANONIZATION_2026-03-07_1245_757ae4d4c/
proof_packs/POST_SEAL_BASELINE_CANONIZATION_2026-03-07_1245_757ae4d4c/raw/ref_hygiene_VERDICT.md	205	LOCAL_ONLY_HISTORICAL	TEMPORARY_RAW_LOG_PATH	pack directory is indexed as historical/local-only governed residue	registry/proofpack-index.jsonl existing governance entry	KEEP_LOCAL_AS_GOVERNED	contains /raw/ execution evidence	proof_packs/POST_SEAL_BASELINE_CANONIZATION_2026-03-07_1245_757ae4d4c/
proof_packs/POST_SEAL_BASELINE_CANONIZATION_2026-03-07_1245_757ae4d4c/raw/ref_hygiene_file_index.txt	4238	LOCAL_ONLY_HISTORICAL	CURRENT_INDEX_PATH	pack directory is indexed as historical/local-only governed residue	registry/proofpack-index.jsonl existing governance entry	KEEP_LOCAL_AS_GOVERNED	name/path indicates index material	proof_packs/POST_SEAL_BASELINE_CANONIZATION_2026-03-07_1245_757ae4d4c/
proof_packs/POST_SEAL_BASELINE_CANONIZATION_2026-03-07_1245_757ae4d4c/raw/ref_hygiene_pack_exists.txt	67	LOCAL_ONLY_HISTORICAL	TEMPORARY_RAW_LOG_PATH	pack directory is indexed as historical/local-only governed residue	registry/proofpack-index.jsonl existing governance entry	KEEP_LOCAL_AS_GOVERNED	contains /raw/ execution evidence	proof_packs/POST_SEAL_BASELINE_CANONIZATION_2026-03-07_1245_757ae4d4c/
proof_packs/POST_SEAL_BASELINE_CANONIZATION_2026-03-07_1245_757ae4d4c/raw/ref_seal_conditions_eval.txt	452	LOCAL_ONLY_HISTORICAL	TEMPORARY_RAW_LOG_PATH	pack directory is indexed as historical/local-only governed residue	registry/proofpack-index.jsonl existing governance entry	KEEP_LOCAL_AS_GOVERNED	contains /raw/ execution evidence	proof_packs/POST_SEAL_BASELINE_CANONIZATION_2026-03-07_1245_757ae4d4c/
proof_packs/POST_SEAL_BASELINE_CANONIZATION_2026-03-07_1245_757ae4d4c/raw/ref_seal_declaration.md	599	LOCAL_ONLY_HISTORICAL	TEMPORARY_RAW_LOG_PATH	pack directory is indexed as historical/local-only governed residue	registry/proofpack-index.jsonl existing governance entry	KEEP_LOCAL_AS_GOVERNED	contains /raw/ execution evidence	proof_packs/POST_SEAL_BASELINE_CANONIZATION_2026-03-07_1245_757ae4d4c/
proof_packs/POST_SEAL_BASELINE_CANONIZATION_2026-03-07_1245_757ae4d4c/raw/ref_workspace_truth.md	606	LOCAL_ONLY_HISTORICAL	TEMPORARY_RAW_LOG_PATH	pack directory is indexed as historical/local-only governed residue	registry/proofpack-index.jsonl existing governance entry	KEEP_LOCAL_AS_GOVERNED	contains /raw/ execution evidence	proof_packs/POST_SEAL_BASELINE_CANONIZATION_2026-03-07_1245_757ae4d4c/
proof_packs/POST_SEAL_BASELINE_CANONIZATION_2026-03-07_1245_757ae4d4c/raw/reference_index_counts.txt	55	LOCAL_ONLY_HISTORICAL	CURRENT_INDEX_PATH	pack directory is indexed as historical/local-only governed residue	registry/proofpack-index.jsonl existing governance entry	KEEP_LOCAL_AS_GOVERNED	name/path indicates index material	proof_packs/POST_SEAL_BASELINE_CANONIZATION_2026-03-07_1245_757ae4d4c/
proof_packs/PROD_ARTIFACT_ALIGNMENT_2026-03-07_1457_757ae4d4c9/00_EXEC_SUMMARY.md	399	LOCAL_ONLY_HISTORICAL	HISTORICAL_PROOFPACK_PATH	pack directory is indexed as historical/local-only governed residue	registry/proofpack-index.jsonl existing governance entry	KEEP_LOCAL_AS_GOVERNED	default proof-pack path	proof_packs/PROD_ARTIFACT_ALIGNMENT_2026-03-07_1457_757ae4d4c9/
proof_packs/PROD_ARTIFACT_ALIGNMENT_2026-03-07_1457_757ae4d4c9/00_SCOPE.md	696	LOCAL_ONLY_HISTORICAL	HISTORICAL_PROOFPACK_PATH	pack directory is indexed as historical/local-only governed residue	registry/proofpack-index.jsonl existing governance entry	KEEP_LOCAL_AS_GOVERNED	default proof-pack path	proof_packs/PROD_ARTIFACT_ALIGNMENT_2026-03-07_1457_757ae4d4c9/
proof_packs/PROD_ARTIFACT_ALIGNMENT_2026-03-07_1457_757ae4d4c9/01_VERSION_ALIGNMENT.md	828	LOCAL_ONLY_HISTORICAL	HISTORICAL_PROOFPACK_PATH	pack directory is indexed as historical/local-only governed residue	registry/proofpack-index.jsonl existing governance entry	KEEP_LOCAL_AS_GOVERNED	default proof-pack path	proof_packs/PROD_ARTIFACT_ALIGNMENT_2026-03-07_1457_757ae4d4c9/
proof_packs/PROD_ARTIFACT_ALIGNMENT_2026-03-07_1457_757ae4d4c9/04_POST_DEPLOY_CHECKS.md	841	LOCAL_ONLY_HISTORICAL	HISTORICAL_PROOFPACK_PATH	pack directory is indexed as historical/local-only governed residue	registry/proofpack-index.jsonl existing governance entry	KEEP_LOCAL_AS_GOVERNED	default proof-pack path	proof_packs/PROD_ARTIFACT_ALIGNMENT_2026-03-07_1457_757ae4d4c9/
proof_packs/PROD_ARTIFACT_ALIGNMENT_2026-03-07_1457_757ae4d4c9/ROLLBACK.md	696	LOCAL_ONLY_HISTORICAL	HISTORICAL_PROOFPACK_PATH	pack directory is indexed as historical/local-only governed residue	registry/proofpack-index.jsonl existing governance entry	KEEP_LOCAL_AS_GOVERNED	default proof-pack path	proof_packs/PROD_ARTIFACT_ALIGNMENT_2026-03-07_1457_757ae4d4c9/
proof_packs/PROD_ARTIFACT_ALIGNMENT_2026-03-07_1457_757ae4d4c9/VERDICT.md	484	LOCAL_ONLY_HISTORICAL	HISTORICAL_PROOFPACK_PATH	pack directory is indexed as historical/local-only governed residue	registry/proofpack-index.jsonl existing governance entry	KEEP_LOCAL_AS_GOVERNED	default proof-pack path	proof_packs/PROD_ARTIFACT_ALIGNMENT_2026-03-07_1457_757ae4d4c9/
proof_packs/PROD_ARTIFACT_ALIGNMENT_2026-03-07_1457_757ae4d4c9/raw/00_bootstrap.env	721	LOCAL_ONLY_HISTORICAL	TEMPORARY_RAW_LOG_PATH	pack directory is indexed as historical/local-only governed residue	registry/proofpack-index.jsonl existing governance entry	KEEP_LOCAL_AS_GOVERNED	contains /raw/ execution evidence	proof_packs/PROD_ARTIFACT_ALIGNMENT_2026-03-07_1457_757ae4d4c9/
proof_packs/PROD_ARTIFACT_ALIGNMENT_2026-03-07_1457_757ae4d4c9/raw/02_appimage_build.exitcode	2	LOCAL_ONLY_HISTORICAL	TEMPORARY_RAW_LOG_PATH	pack directory is indexed as historical/local-only governed residue	registry/proofpack-index.jsonl existing governance entry	KEEP_LOCAL_AS_GOVERNED	contains /raw/ execution evidence	proof_packs/PROD_ARTIFACT_ALIGNMENT_2026-03-07_1457_757ae4d4c9/
proof_packs/PROD_ARTIFACT_ALIGNMENT_2026-03-07_1457_757ae4d4c9/raw/02_appimage_build.summary.txt	394	LOCAL_ONLY_HISTORICAL	TEMPORARY_RAW_LOG_PATH	pack directory is indexed as historical/local-only governed residue	registry/proofpack-index.jsonl existing governance entry	KEEP_LOCAL_AS_GOVERNED	contains /raw/ execution evidence	proof_packs/PROD_ARTIFACT_ALIGNMENT_2026-03-07_1457_757ae4d4c9/
proof_packs/PROD_ARTIFACT_ALIGNMENT_2026-03-07_1457_757ae4d4c9/raw/02_appimage_candidates.txt	76	LOCAL_ONLY_HISTORICAL	TEMPORARY_RAW_LOG_PATH	pack directory is indexed as historical/local-only governed residue	registry/proofpack-index.jsonl existing governance entry	KEEP_LOCAL_AS_GOVERNED	contains /raw/ execution evidence	proof_packs/PROD_ARTIFACT_ALIGNMENT_2026-03-07_1457_757ae4d4c9/
proof_packs/PROD_ARTIFACT_ALIGNMENT_2026-03-07_1457_757ae4d4c9/raw/03_deploy.exitcode	2	LOCAL_ONLY_HISTORICAL	TEMPORARY_RAW_LOG_PATH	pack directory is indexed as historical/local-only governed residue	registry/proofpack-index.jsonl existing governance entry	KEEP_LOCAL_AS_GOVERNED	contains /raw/ execution evidence	proof_packs/PROD_ARTIFACT_ALIGNMENT_2026-03-07_1457_757ae4d4c9/
proof_packs/PROD_ARTIFACT_ALIGNMENT_2026-03-07_1457_757ae4d4c9/raw/04_post_checks.env	848	LOCAL_ONLY_HISTORICAL	TEMPORARY_RAW_LOG_PATH	pack directory is indexed as historical/local-only governed residue	registry/proofpack-index.jsonl existing governance entry	KEEP_LOCAL_AS_GOVERNED	contains /raw/ execution evidence	proof_packs/PROD_ARTIFACT_ALIGNMENT_2026-03-07_1457_757ae4d4c9/
proof_packs/PROD_ARTIFACT_ALIGNMENT_2026-03-07_1457_757ae4d4c9/raw/04_post_checks.exitcode	2	LOCAL_ONLY_HISTORICAL	TEMPORARY_RAW_LOG_PATH	pack directory is indexed as historical/local-only governed residue	registry/proofpack-index.jsonl existing governance entry	KEEP_LOCAL_AS_GOVERNED	contains /raw/ execution evidence	proof_packs/PROD_ARTIFACT_ALIGNMENT_2026-03-07_1457_757ae4d4c9/
proof_packs/PROD_ARTIFACT_ALIGNMENT_2026-03-07_1457_757ae4d4c9/raw/05_required_gates.exitcode	2	LOCAL_ONLY_HISTORICAL	TEMPORARY_RAW_LOG_PATH	pack directory is indexed as historical/local-only governed residue	registry/proofpack-index.jsonl existing governance entry	KEEP_LOCAL_AS_GOVERNED	contains /raw/ execution evidence	proof_packs/PROD_ARTIFACT_ALIGNMENT_2026-03-07_1457_757ae4d4c9/
proof_packs/PROD_BUILD_DEPLOY_2026-03-07_1407_757ae4d4c9/00_EXEC_SUMMARY.md	381	LOCAL_ONLY_HISTORICAL	HISTORICAL_PROOFPACK_PATH	pack directory is indexed as historical/local-only governed residue	registry/proofpack-index.jsonl existing governance entry	KEEP_LOCAL_AS_GOVERNED	default proof-pack path	proof_packs/PROD_BUILD_DEPLOY_2026-03-07_1407_757ae4d4c9/
proof_packs/PROD_BUILD_DEPLOY_2026-03-07_1407_757ae4d4c9/00_SCOPE.md	531	LOCAL_ONLY_HISTORICAL	HISTORICAL_PROOFPACK_PATH	pack directory is indexed as historical/local-only governed residue	registry/proofpack-index.jsonl existing governance entry	KEEP_LOCAL_AS_GOVERNED	default proof-pack path	proof_packs/PROD_BUILD_DEPLOY_2026-03-07_1407_757ae4d4c9/
proof_packs/PROD_BUILD_DEPLOY_2026-03-07_1407_757ae4d4c9/01_AUTHORIZATION.md	426	LOCAL_ONLY_HISTORICAL	HISTORICAL_PROOFPACK_PATH	pack directory is indexed as historical/local-only governed residue	registry/proofpack-index.jsonl existing governance entry	KEEP_LOCAL_AS_GOVERNED	default proof-pack path	proof_packs/PROD_BUILD_DEPLOY_2026-03-07_1407_757ae4d4c9/
proof_packs/PROD_BUILD_DEPLOY_2026-03-07_1407_757ae4d4c9/02_REPO_TRUTH.md	535	LOCAL_ONLY_HISTORICAL	HISTORICAL_PROOFPACK_PATH	pack directory is indexed as historical/local-only governed residue	registry/proofpack-index.jsonl existing governance entry	KEEP_LOCAL_AS_GOVERNED	default proof-pack path	proof_packs/PROD_BUILD_DEPLOY_2026-03-07_1407_757ae4d4c9/
proof_packs/PROD_BUILD_DEPLOY_2026-03-07_1407_757ae4d4c9/03_BUILD_EXECUTION.md	647	LOCAL_ONLY_HISTORICAL	HISTORICAL_PROOFPACK_PATH	pack directory is indexed as historical/local-only governed residue	registry/proofpack-index.jsonl existing governance entry	KEEP_LOCAL_AS_GOVERNED	default proof-pack path	proof_packs/PROD_BUILD_DEPLOY_2026-03-07_1407_757ae4d4c9/
proof_packs/PROD_BUILD_DEPLOY_2026-03-07_1407_757ae4d4c9/04_DEPLOY_DECISION.md	557	LOCAL_ONLY_HISTORICAL	HISTORICAL_PROOFPACK_PATH	pack directory is indexed as historical/local-only governed residue	registry/proofpack-index.jsonl existing governance entry	KEEP_LOCAL_AS_GOVERNED	default proof-pack path	proof_packs/PROD_BUILD_DEPLOY_2026-03-07_1407_757ae4d4c9/
proof_packs/PROD_BUILD_DEPLOY_2026-03-07_1407_757ae4d4c9/05_GATES_REPORT.md	518	LOCAL_ONLY_HISTORICAL	HISTORICAL_PROOFPACK_PATH	pack directory is indexed as historical/local-only governed residue	registry/proofpack-index.jsonl existing governance entry	KEEP_LOCAL_AS_GOVERNED	default proof-pack path	proof_packs/PROD_BUILD_DEPLOY_2026-03-07_1407_757ae4d4c9/
proof_packs/PROD_BUILD_DEPLOY_2026-03-07_1407_757ae4d4c9/06_NEXT_ACTION_UNDER_30_MIN.md	584	LOCAL_ONLY_HISTORICAL	HISTORICAL_PROOFPACK_PATH	pack directory is indexed as historical/local-only governed residue	registry/proofpack-index.jsonl existing governance entry	KEEP_LOCAL_AS_GOVERNED	default proof-pack path	proof_packs/PROD_BUILD_DEPLOY_2026-03-07_1407_757ae4d4c9/
proof_packs/PROD_BUILD_DEPLOY_2026-03-07_1407_757ae4d4c9/07_ROLLBACK_PLAN.md	445	LOCAL_ONLY_HISTORICAL	HISTORICAL_PROOFPACK_PATH	pack directory is indexed as historical/local-only governed residue	registry/proofpack-index.jsonl existing governance entry	KEEP_LOCAL_AS_GOVERNED	default proof-pack path	proof_packs/PROD_BUILD_DEPLOY_2026-03-07_1407_757ae4d4c9/
proof_packs/PROD_BUILD_DEPLOY_2026-03-07_1407_757ae4d4c9/ROLLBACK.md	235	LOCAL_ONLY_HISTORICAL	HISTORICAL_PROOFPACK_PATH	pack directory is indexed as historical/local-only governed residue	registry/proofpack-index.jsonl existing governance entry	KEEP_LOCAL_AS_GOVERNED	default proof-pack path	proof_packs/PROD_BUILD_DEPLOY_2026-03-07_1407_757ae4d4c9/
proof_packs/PROD_BUILD_DEPLOY_2026-03-07_1407_757ae4d4c9/VERDICT.md	377	LOCAL_ONLY_HISTORICAL	HISTORICAL_PROOFPACK_PATH	pack directory is indexed as historical/local-only governed residue	registry/proofpack-index.jsonl existing governance entry	KEEP_LOCAL_AS_GOVERNED	default proof-pack path	proof_packs/PROD_BUILD_DEPLOY_2026-03-07_1407_757ae4d4c9/
proof_packs/PROD_BUILD_DEPLOY_2026-03-07_1407_757ae4d4c9/raw/00_bootstrap.env	128	LOCAL_ONLY_HISTORICAL	TEMPORARY_RAW_LOG_PATH	pack directory is indexed as historical/local-only governed residue	registry/proofpack-index.jsonl existing governance entry	KEEP_LOCAL_AS_GOVERNED	contains /raw/ execution evidence	proof_packs/PROD_BUILD_DEPLOY_2026-03-07_1407_757ae4d4c9/
proof_packs/PROD_BUILD_DEPLOY_2026-03-07_1407_757ae4d4c9/raw/01_git_status_porcelain.txt	1258	LOCAL_ONLY_HISTORICAL	TEMPORARY_RAW_LOG_PATH	pack directory is indexed as historical/local-only governed residue	registry/proofpack-index.jsonl existing governance entry	KEEP_LOCAL_AS_GOVERNED	contains /raw/ execution evidence	proof_packs/PROD_BUILD_DEPLOY_2026-03-07_1407_757ae4d4c9/
proof_packs/PROD_BUILD_DEPLOY_2026-03-07_1407_757ae4d4c9/raw/02_git_branch.txt	5	LOCAL_ONLY_HISTORICAL	TEMPORARY_RAW_LOG_PATH	pack directory is indexed as historical/local-only governed residue	registry/proofpack-index.jsonl existing governance entry	KEEP_LOCAL_AS_GOVERNED	contains /raw/ execution evidence	proof_packs/PROD_BUILD_DEPLOY_2026-03-07_1407_757ae4d4c9/
proof_packs/PROD_BUILD_DEPLOY_2026-03-07_1407_757ae4d4c9/raw/03_git_head.txt	41	LOCAL_ONLY_HISTORICAL	TEMPORARY_RAW_LOG_PATH	pack directory is indexed as historical/local-only governed residue	registry/proofpack-index.jsonl existing governance entry	KEEP_LOCAL_AS_GOVERNED	contains /raw/ execution evidence	proof_packs/PROD_BUILD_DEPLOY_2026-03-07_1407_757ae4d4c9/
proof_packs/PROD_BUILD_DEPLOY_2026-03-07_1407_757ae4d4c9/raw/04_git_log20.txt	1405	LOCAL_ONLY_HISTORICAL	TEMPORARY_RAW_LOG_PATH	pack directory is indexed as historical/local-only governed residue	registry/proofpack-index.jsonl existing governance entry	KEEP_LOCAL_AS_GOVERNED	contains /raw/ execution evidence	proof_packs/PROD_BUILD_DEPLOY_2026-03-07_1407_757ae4d4c9/
proof_packs/PROD_BUILD_DEPLOY_2026-03-07_1407_757ae4d4c9/raw/05_git_diff_stat.txt	0	LOCAL_ONLY_HISTORICAL	TEMPORARY_RAW_LOG_PATH	pack directory is indexed as historical/local-only governed residue	registry/proofpack-index.jsonl existing governance entry	KEEP_LOCAL_AS_GOVERNED	contains /raw/ execution evidence	proof_packs/PROD_BUILD_DEPLOY_2026-03-07_1407_757ae4d4c9/
proof_packs/PROD_BUILD_DEPLOY_2026-03-07_1407_757ae4d4c9/raw/06_git_diff_cached_stat.txt	0	LOCAL_ONLY_HISTORICAL	TEMPORARY_RAW_LOG_PATH	pack directory is indexed as historical/local-only governed residue	registry/proofpack-index.jsonl existing governance entry	KEEP_LOCAL_AS_GOVERNED	contains /raw/ execution evidence	proof_packs/PROD_BUILD_DEPLOY_2026-03-07_1407_757ae4d4c9/
proof_packs/PROD_BUILD_DEPLOY_2026-03-07_1407_757ae4d4c9/raw/07_authorization_tokens.txt	479	LOCAL_ONLY_HISTORICAL	TEMPORARY_RAW_LOG_PATH	pack directory is indexed as historical/local-only governed residue	registry/proofpack-index.jsonl existing governance entry	KEEP_LOCAL_AS_GOVERNED	contains /raw/ execution evidence	proof_packs/PROD_BUILD_DEPLOY_2026-03-07_1407_757ae4d4c9/
proof_packs/PROD_BUILD_DEPLOY_2026-03-07_1407_757ae4d4c9/raw/12_build_attempt3.exitcode	2	LOCAL_ONLY_HISTORICAL	TEMPORARY_RAW_LOG_PATH	pack directory is indexed as historical/local-only governed residue	registry/proofpack-index.jsonl existing governance entry	KEEP_LOCAL_AS_GOVERNED	contains /raw/ execution evidence	proof_packs/PROD_BUILD_DEPLOY_2026-03-07_1407_757ae4d4c9/
proof_packs/PROD_BUILD_DEPLOY_2026-03-07_1407_757ae4d4c9/raw/12_build_attempt3.summary.txt	28	LOCAL_ONLY_HISTORICAL	TEMPORARY_RAW_LOG_PATH	pack directory is indexed as historical/local-only governed residue	registry/proofpack-index.jsonl existing governance entry	KEEP_LOCAL_AS_GOVERNED	contains /raw/ execution evidence	proof_packs/PROD_BUILD_DEPLOY_2026-03-07_1407_757ae4d4c9/
proof_packs/PROD_BUILD_DEPLOY_2026-03-07_1407_757ae4d4c9/raw/13_prod_target_and_artifacts_state.txt	1160	LOCAL_ONLY_HISTORICAL	TEMPORARY_RAW_LOG_PATH	pack directory is indexed as historical/local-only governed residue	registry/proofpack-index.jsonl existing governance entry	KEEP_LOCAL_AS_GOVERNED	contains /raw/ execution evidence	proof_packs/PROD_BUILD_DEPLOY_2026-03-07_1407_757ae4d4c9/
proof_packs/PROD_BUILD_DEPLOY_2026-03-07_1407_757ae4d4c9/raw/14_node_version.txt	8	LOCAL_ONLY_HISTORICAL	TEMPORARY_RAW_LOG_PATH	pack directory is indexed as historical/local-only governed residue	registry/proofpack-index.jsonl existing governance entry	KEEP_LOCAL_AS_GOVERNED	contains /raw/ execution evidence	proof_packs/PROD_BUILD_DEPLOY_2026-03-07_1407_757ae4d4c9/
proof_packs/PROD_BUILD_DEPLOY_2026-03-07_1407_757ae4d4c9/raw/15_pnpm_version.txt	8	LOCAL_ONLY_HISTORICAL	TEMPORARY_RAW_LOG_PATH	pack directory is indexed as historical/local-only governed residue	registry/proofpack-index.jsonl existing governance entry	KEEP_LOCAL_AS_GOVERNED	contains /raw/ execution evidence	proof_packs/PROD_BUILD_DEPLOY_2026-03-07_1407_757ae4d4c9/
proof_packs/PROD_BUILD_DEPLOY_2026-03-07_1407_757ae4d4c9/raw/16_rustc_version.txt	36	LOCAL_ONLY_HISTORICAL	TEMPORARY_RAW_LOG_PATH	pack directory is indexed as historical/local-only governed residue	registry/proofpack-index.jsonl existing governance entry	KEEP_LOCAL_AS_GOVERNED	contains /raw/ execution evidence	proof_packs/PROD_BUILD_DEPLOY_2026-03-07_1407_757ae4d4c9/
proof_packs/PROD_BUILD_DEPLOY_2026-03-07_1407_757ae4d4c9/raw/17_cargo_version.txt	36	LOCAL_ONLY_HISTORICAL	TEMPORARY_RAW_LOG_PATH	pack directory is indexed as historical/local-only governed residue	registry/proofpack-index.jsonl existing governance entry	KEEP_LOCAL_AS_GOVERNED	contains /raw/ execution evidence	proof_packs/PROD_BUILD_DEPLOY_2026-03-07_1407_757ae4d4c9/
proof_packs/PROD_BUILD_DEPLOY_2026-03-07_1407_757ae4d4c9/raw/18_detect_recurrence.exitcode	2	LOCAL_ONLY_HISTORICAL	TEMPORARY_RAW_LOG_PATH	pack directory is indexed as historical/local-only governed residue	registry/proofpack-index.jsonl existing governance entry	KEEP_LOCAL_AS_GOVERNED	contains /raw/ execution evidence	proof_packs/PROD_BUILD_DEPLOY_2026-03-07_1407_757ae4d4c9/
proof_packs/PROD_BUILD_DEPLOY_2026-03-07_1407_757ae4d4c9/raw/19_verify_instructions.exitcode	2	LOCAL_ONLY_HISTORICAL	TEMPORARY_RAW_LOG_PATH	pack directory is indexed as historical/local-only governed residue	registry/proofpack-index.jsonl existing governance entry	KEEP_LOCAL_AS_GOVERNED	contains /raw/ execution evidence	proof_packs/PROD_BUILD_DEPLOY_2026-03-07_1407_757ae4d4c9/
proof_packs/PROD_BUILD_DEPLOY_2026-03-07_1407_757ae4d4c9/raw/20_governance_checks.summary.txt	264	LOCAL_ONLY_HISTORICAL	TEMPORARY_RAW_LOG_PATH	pack directory is indexed as historical/local-only governed residue	registry/proofpack-index.jsonl existing governance entry	KEEP_LOCAL_AS_GOVERNED	contains /raw/ execution evidence	proof_packs/PROD_BUILD_DEPLOY_2026-03-07_1407_757ae4d4c9/
proof_packs/PROD_BUILD_DEPLOY_2026-03-07_1407_757ae4d4c9/raw/21_authorization_tokens_clean.txt	157	LOCAL_ONLY_HISTORICAL	TEMPORARY_RAW_LOG_PATH	pack directory is indexed as historical/local-only governed residue	registry/proofpack-index.jsonl existing governance entry	KEEP_LOCAL_AS_GOVERNED	contains /raw/ execution evidence	proof_packs/PROD_BUILD_DEPLOY_2026-03-07_1407_757ae4d4c9/
proof_packs/PROD_BUILD_DEPLOY_2026-03-07_1407_757ae4d4c9/raw/22_prod_target_and_artifacts_state_clean.txt	253	LOCAL_ONLY_HISTORICAL	TEMPORARY_RAW_LOG_PATH	pack directory is indexed as historical/local-only governed residue	registry/proofpack-index.jsonl existing governance entry	KEEP_LOCAL_AS_GOVERNED	contains /raw/ execution evidence	proof_packs/PROD_BUILD_DEPLOY_2026-03-07_1407_757ae4d4c9/
proof_packs/PROD_BUILD_DEPLOY_2026-03-07_1407_757ae4d4c9/raw/23_build_fail_markers.txt	875	LOCAL_ONLY_HISTORICAL	TEMPORARY_RAW_LOG_PATH	pack directory is indexed as historical/local-only governed residue	registry/proofpack-index.jsonl existing governance entry	KEEP_LOCAL_AS_GOVERNED	contains /raw/ execution evidence	proof_packs/PROD_BUILD_DEPLOY_2026-03-07_1407_757ae4d4c9/
proof_packs/PROD_BUILD_DEPLOY_RETRY_2026-03-07_1417_757ae4d4c9/00_EXEC_SUMMARY.md	372	LOCAL_ONLY_HISTORICAL	HISTORICAL_PROOFPACK_PATH	pack directory is indexed as historical/local-only governed residue	registry/proofpack-index.jsonl existing governance entry	KEEP_LOCAL_AS_GOVERNED	default proof-pack path	proof_packs/PROD_BUILD_DEPLOY_RETRY_2026-03-07_1417_757ae4d4c9/
proof_packs/PROD_BUILD_DEPLOY_RETRY_2026-03-07_1417_757ae4d4c9/00_SCOPE.md	575	LOCAL_ONLY_HISTORICAL	HISTORICAL_PROOFPACK_PATH	pack directory is indexed as historical/local-only governed residue	registry/proofpack-index.jsonl existing governance entry	KEEP_LOCAL_AS_GOVERNED	default proof-pack path	proof_packs/PROD_BUILD_DEPLOY_RETRY_2026-03-07_1417_757ae4d4c9/
proof_packs/PROD_BUILD_DEPLOY_RETRY_2026-03-07_1417_757ae4d4c9/01_SECURITY_SCOPE_FIX.md	751	LOCAL_ONLY_HISTORICAL	HISTORICAL_PROOFPACK_PATH	pack directory is indexed as historical/local-only governed residue	registry/proofpack-index.jsonl existing governance entry	KEEP_LOCAL_AS_GOVERNED	default proof-pack path	proof_packs/PROD_BUILD_DEPLOY_RETRY_2026-03-07_1417_757ae4d4c9/
proof_packs/PROD_BUILD_DEPLOY_RETRY_2026-03-07_1417_757ae4d4c9/02_BUILD_PRECHECKS.md	444	LOCAL_ONLY_HISTORICAL	HISTORICAL_PROOFPACK_PATH	pack directory is indexed as historical/local-only governed residue	registry/proofpack-index.jsonl existing governance entry	KEEP_LOCAL_AS_GOVERNED	default proof-pack path	proof_packs/PROD_BUILD_DEPLOY_RETRY_2026-03-07_1417_757ae4d4c9/
proof_packs/PROD_BUILD_DEPLOY_RETRY_2026-03-07_1417_757ae4d4c9/04_BUILD_VERIFICATION.md	596	LOCAL_ONLY_HISTORICAL	HISTORICAL_PROOFPACK_PATH	pack directory is indexed as historical/local-only governed residue	registry/proofpack-index.jsonl existing governance entry	KEEP_LOCAL_AS_GOVERNED	default proof-pack path	proof_packs/PROD_BUILD_DEPLOY_RETRY_2026-03-07_1417_757ae4d4c9/
proof_packs/PROD_BUILD_DEPLOY_RETRY_2026-03-07_1417_757ae4d4c9/06_POST_DEPLOY_CHECKS.md	921	LOCAL_ONLY_HISTORICAL	HISTORICAL_PROOFPACK_PATH	pack directory is indexed as historical/local-only governed residue	registry/proofpack-index.jsonl existing governance entry	KEEP_LOCAL_AS_GOVERNED	default proof-pack path	proof_packs/PROD_BUILD_DEPLOY_RETRY_2026-03-07_1417_757ae4d4c9/
proof_packs/PROD_BUILD_DEPLOY_RETRY_2026-03-07_1417_757ae4d4c9/ROLLBACK.md	542	LOCAL_ONLY_HISTORICAL	HISTORICAL_PROOFPACK_PATH	pack directory is indexed as historical/local-only governed residue	registry/proofpack-index.jsonl existing governance entry	KEEP_LOCAL_AS_GOVERNED	default proof-pack path	proof_packs/PROD_BUILD_DEPLOY_RETRY_2026-03-07_1417_757ae4d4c9/
proof_packs/PROD_BUILD_DEPLOY_RETRY_2026-03-07_1417_757ae4d4c9/VERDICT.md	608	LOCAL_ONLY_HISTORICAL	HISTORICAL_PROOFPACK_PATH	pack directory is indexed as historical/local-only governed residue	registry/proofpack-index.jsonl existing governance entry	KEEP_LOCAL_AS_GOVERNED	default proof-pack path	proof_packs/PROD_BUILD_DEPLOY_RETRY_2026-03-07_1417_757ae4d4c9/
proof_packs/PROD_BUILD_DEPLOY_RETRY_2026-03-07_1417_757ae4d4c9/raw/00_bootstrap.env	525	LOCAL_ONLY_HISTORICAL	TEMPORARY_RAW_LOG_PATH	pack directory is indexed as historical/local-only governed residue	registry/proofpack-index.jsonl existing governance entry	KEEP_LOCAL_AS_GOVERNED	contains /raw/ execution evidence	proof_packs/PROD_BUILD_DEPLOY_RETRY_2026-03-07_1417_757ae4d4c9/
proof_packs/PROD_BUILD_DEPLOY_RETRY_2026-03-07_1417_757ae4d4c9/raw/01_scope_gate_validation.exitcode	2	LOCAL_ONLY_HISTORICAL	TEMPORARY_RAW_LOG_PATH	pack directory is indexed as historical/local-only governed residue	registry/proofpack-index.jsonl existing governance entry	KEEP_LOCAL_AS_GOVERNED	contains /raw/ execution evidence	proof_packs/PROD_BUILD_DEPLOY_RETRY_2026-03-07_1417_757ae4d4c9/
proof_packs/PROD_BUILD_DEPLOY_RETRY_2026-03-07_1417_757ae4d4c9/raw/02_scope_fix_syntax.exitcode	2	LOCAL_ONLY_HISTORICAL	TEMPORARY_RAW_LOG_PATH	pack directory is indexed as historical/local-only governed residue	registry/proofpack-index.jsonl existing governance entry	KEEP_LOCAL_AS_GOVERNED	contains /raw/ execution evidence	proof_packs/PROD_BUILD_DEPLOY_RETRY_2026-03-07_1417_757ae4d4c9/
proof_packs/PROD_BUILD_DEPLOY_RETRY_2026-03-07_1417_757ae4d4c9/raw/02_scope_gate_validation.exitcode	2	LOCAL_ONLY_HISTORICAL	TEMPORARY_RAW_LOG_PATH	pack directory is indexed as historical/local-only governed residue	registry/proofpack-index.jsonl existing governance entry	KEEP_LOCAL_AS_GOVERNED	contains /raw/ execution evidence	proof_packs/PROD_BUILD_DEPLOY_RETRY_2026-03-07_1417_757ae4d4c9/
proof_packs/PROD_BUILD_DEPLOY_RETRY_2026-03-07_1417_757ae4d4c9/raw/02_scope_validation.summary.txt	242	LOCAL_ONLY_HISTORICAL	TEMPORARY_RAW_LOG_PATH	pack directory is indexed as historical/local-only governed residue	registry/proofpack-index.jsonl existing governance entry	KEEP_LOCAL_AS_GOVERNED	contains /raw/ execution evidence	proof_packs/PROD_BUILD_DEPLOY_RETRY_2026-03-07_1417_757ae4d4c9/
proof_packs/PROD_BUILD_DEPLOY_RETRY_2026-03-07_1417_757ae4d4c9/raw/03_artifacts_hashes.txt	341	LOCAL_ONLY_HISTORICAL	TEMPORARY_RAW_LOG_PATH	pack directory is indexed as historical/local-only governed residue	registry/proofpack-index.jsonl existing governance entry	KEEP_LOCAL_AS_GOVERNED	contains /raw/ execution evidence	proof_packs/PROD_BUILD_DEPLOY_RETRY_2026-03-07_1417_757ae4d4c9/
proof_packs/PROD_BUILD_DEPLOY_RETRY_2026-03-07_1417_757ae4d4c9/raw/03_artifacts_paths.txt	143	LOCAL_ONLY_HISTORICAL	TEMPORARY_RAW_LOG_PATH	pack directory is indexed as historical/local-only governed residue	registry/proofpack-index.jsonl existing governance entry	KEEP_LOCAL_AS_GOVERNED	contains /raw/ execution evidence	proof_packs/PROD_BUILD_DEPLOY_RETRY_2026-03-07_1417_757ae4d4c9/
proof_packs/PROD_BUILD_DEPLOY_RETRY_2026-03-07_1417_757ae4d4c9/raw/03_artifacts_sizes_bytes.txt	189	LOCAL_ONLY_HISTORICAL	TEMPORARY_RAW_LOG_PATH	pack directory is indexed as historical/local-only governed residue	registry/proofpack-index.jsonl existing governance entry	KEEP_LOCAL_AS_GOVERNED	contains /raw/ execution evidence	proof_packs/PROD_BUILD_DEPLOY_RETRY_2026-03-07_1417_757ae4d4c9/
proof_packs/PROD_BUILD_DEPLOY_RETRY_2026-03-07_1417_757ae4d4c9/raw/03_build.exitcode	2	LOCAL_ONLY_HISTORICAL	TEMPORARY_RAW_LOG_PATH	pack directory is indexed as historical/local-only governed residue	registry/proofpack-index.jsonl existing governance entry	KEEP_LOCAL_AS_GOVERNED	contains /raw/ execution evidence	proof_packs/PROD_BUILD_DEPLOY_RETRY_2026-03-07_1417_757ae4d4c9/
proof_packs/PROD_BUILD_DEPLOY_RETRY_2026-03-07_1417_757ae4d4c9/raw/03_build.summary.txt	319	LOCAL_ONLY_HISTORICAL	TEMPORARY_RAW_LOG_PATH	pack directory is indexed as historical/local-only governed residue	registry/proofpack-index.jsonl existing governance entry	KEEP_LOCAL_AS_GOVERNED	contains /raw/ execution evidence	proof_packs/PROD_BUILD_DEPLOY_RETRY_2026-03-07_1417_757ae4d4c9/
proof_packs/PROD_BUILD_DEPLOY_RETRY_2026-03-07_1417_757ae4d4c9/raw/03a_stuck_log_tail.txt	5124	LOCAL_ONLY_HISTORICAL	TEMPORARY_RAW_LOG_PATH	pack directory is indexed as historical/local-only governed residue	registry/proofpack-index.jsonl existing governance entry	KEEP_LOCAL_AS_GOVERNED	contains /raw/ execution evidence	proof_packs/PROD_BUILD_DEPLOY_RETRY_2026-03-07_1417_757ae4d4c9/
proof_packs/PROD_BUILD_DEPLOY_RETRY_2026-03-07_1417_757ae4d4c9/raw/03a_stuck_process_snapshot.txt	536	LOCAL_ONLY_HISTORICAL	TEMPORARY_RAW_LOG_PATH	pack directory is indexed as historical/local-only governed residue	registry/proofpack-index.jsonl existing governance entry	KEEP_LOCAL_AS_GOVERNED	contains /raw/ execution evidence	proof_packs/PROD_BUILD_DEPLOY_RETRY_2026-03-07_1417_757ae4d4c9/
proof_packs/PROD_BUILD_DEPLOY_RETRY_2026-03-07_1417_757ae4d4c9/raw/05_deploy.exitcode	2	LOCAL_ONLY_HISTORICAL	TEMPORARY_RAW_LOG_PATH	pack directory is indexed as historical/local-only governed residue	registry/proofpack-index.jsonl existing governance entry	KEEP_LOCAL_AS_GOVERNED	contains /raw/ execution evidence	proof_packs/PROD_BUILD_DEPLOY_RETRY_2026-03-07_1417_757ae4d4c9/
proof_packs/PROD_BUILD_DEPLOY_RETRY_2026-03-07_1417_757ae4d4c9/raw/05_deploy.summary.txt	252	LOCAL_ONLY_HISTORICAL	TEMPORARY_RAW_LOG_PATH	pack directory is indexed as historical/local-only governed residue	registry/proofpack-index.jsonl existing governance entry	KEEP_LOCAL_AS_GOVERNED	contains /raw/ execution evidence	proof_packs/PROD_BUILD_DEPLOY_RETRY_2026-03-07_1417_757ae4d4c9/
proof_packs/PROD_BUILD_DEPLOY_RETRY_2026-03-07_1417_757ae4d4c9/raw/05_deployed_artifacts_hashes.txt	1905	LOCAL_ONLY_HISTORICAL	TEMPORARY_RAW_LOG_PATH	pack directory is indexed as historical/local-only governed residue	registry/proofpack-index.jsonl existing governance entry	KEEP_LOCAL_AS_GOVERNED	contains /raw/ execution evidence	proof_packs/PROD_BUILD_DEPLOY_RETRY_2026-03-07_1417_757ae4d4c9/
proof_packs/PROD_BUILD_DEPLOY_RETRY_2026-03-07_1417_757ae4d4c9/raw/05_deployed_artifacts_paths.txt	849	LOCAL_ONLY_HISTORICAL	TEMPORARY_RAW_LOG_PATH	pack directory is indexed as historical/local-only governed residue	registry/proofpack-index.jsonl existing governance entry	KEEP_LOCAL_AS_GOVERNED	contains /raw/ execution evidence	proof_packs/PROD_BUILD_DEPLOY_RETRY_2026-03-07_1417_757ae4d4c9/
proof_packs/PROD_BUILD_DEPLOY_RETRY_2026-03-07_1417_757ae4d4c9/raw/05_deployed_artifacts_sizes_bytes.txt	1025	LOCAL_ONLY_HISTORICAL	TEMPORARY_RAW_LOG_PATH	pack directory is indexed as historical/local-only governed residue	registry/proofpack-index.jsonl existing governance entry	KEEP_LOCAL_AS_GOVERNED	contains /raw/ execution evidence	proof_packs/PROD_BUILD_DEPLOY_RETRY_2026-03-07_1417_757ae4d4c9/
proof_packs/PROD_BUILD_DEPLOY_RETRY_2026-03-07_1417_757ae4d4c9/raw/06_artifact_availability.txt	392	LOCAL_ONLY_HISTORICAL	TEMPORARY_RAW_LOG_PATH	pack directory is indexed as historical/local-only governed residue	registry/proofpack-index.jsonl existing governance entry	KEEP_LOCAL_AS_GOVERNED	contains /raw/ execution evidence	proof_packs/PROD_BUILD_DEPLOY_RETRY_2026-03-07_1417_757ae4d4c9/
proof_packs/PROD_BUILD_DEPLOY_RETRY_2026-03-07_1417_757ae4d4c9/raw/06_deployment_latest_inventory.txt	3772	LOCAL_ONLY_HISTORICAL	TEMPORARY_RAW_LOG_PATH	pack directory is indexed as historical/local-only governed residue	registry/proofpack-index.jsonl existing governance entry	KEEP_LOCAL_AS_GOVERNED	contains /raw/ execution evidence	proof_packs/PROD_BUILD_DEPLOY_RETRY_2026-03-07_1417_757ae4d4c9/
proof_packs/PROD_BUILD_DEPLOY_RETRY_2026-03-07_1417_757ae4d4c9/raw/06_smoke_analysis.txt	446	LOCAL_ONLY_HISTORICAL	TEMPORARY_RAW_LOG_PATH	pack directory is indexed as historical/local-only governed residue	registry/proofpack-index.jsonl existing governance entry	KEEP_LOCAL_AS_GOVERNED	contains /raw/ execution evidence	proof_packs/PROD_BUILD_DEPLOY_RETRY_2026-03-07_1417_757ae4d4c9/
proof_packs/PROD_BUILD_DEPLOY_RETRY_2026-03-07_1417_757ae4d4c9/raw/06_smoke_runtime.exitcode	4	LOCAL_ONLY_HISTORICAL	TEMPORARY_RAW_LOG_PATH	pack directory is indexed as historical/local-only governed residue	registry/proofpack-index.jsonl existing governance entry	KEEP_LOCAL_AS_GOVERNED	contains /raw/ execution evidence	proof_packs/PROD_BUILD_DEPLOY_RETRY_2026-03-07_1417_757ae4d4c9/
proof_packs/PROD_BUILD_DEPLOY_RETRY_2026-03-07_1417_757ae4d4c9/raw/06_smoke_runtime.summary.txt	218	LOCAL_ONLY_HISTORICAL	TEMPORARY_RAW_LOG_PATH	pack directory is indexed as historical/local-only governed residue	registry/proofpack-index.jsonl existing governance entry	KEEP_LOCAL_AS_GOVERNED	contains /raw/ execution evidence	proof_packs/PROD_BUILD_DEPLOY_RETRY_2026-03-07_1417_757ae4d4c9/
proof_packs/PROD_BUILD_DEPLOY_RETRY_2026-03-07_1417_757ae4d4c9/raw/06_version_integrity.txt	928	LOCAL_ONLY_HISTORICAL	TEMPORARY_RAW_LOG_PATH	pack directory is indexed as historical/local-only governed residue	registry/proofpack-index.jsonl existing governance entry	KEEP_LOCAL_AS_GOVERNED	contains /raw/ execution evidence	proof_packs/PROD_BUILD_DEPLOY_RETRY_2026-03-07_1417_757ae4d4c9/
proof_packs/PROD_BUILD_DEPLOY_RETRY_2026-03-07_1417_757ae4d4c9/raw/07_detect_recurrence.exitcode	2	LOCAL_ONLY_HISTORICAL	TEMPORARY_RAW_LOG_PATH	pack directory is indexed as historical/local-only governed residue	registry/proofpack-index.jsonl existing governance entry	KEEP_LOCAL_AS_GOVERNED	contains /raw/ execution evidence	proof_packs/PROD_BUILD_DEPLOY_RETRY_2026-03-07_1417_757ae4d4c9/
proof_packs/PROD_BUILD_DEPLOY_RETRY_2026-03-07_1417_757ae4d4c9/raw/08_verify_instructions.exitcode	2	LOCAL_ONLY_HISTORICAL	TEMPORARY_RAW_LOG_PATH	pack directory is indexed as historical/local-only governed residue	registry/proofpack-index.jsonl existing governance entry	KEEP_LOCAL_AS_GOVERNED	contains /raw/ execution evidence	proof_packs/PROD_BUILD_DEPLOY_RETRY_2026-03-07_1417_757ae4d4c9/
proof_packs/PROD_BUILD_DEPLOY_RETRY_2026-03-07_1417_757ae4d4c9/raw/09_governance_checks.summary.txt	264	LOCAL_ONLY_HISTORICAL	TEMPORARY_RAW_LOG_PATH	pack directory is indexed as historical/local-only governed residue	registry/proofpack-index.jsonl existing governance entry	KEEP_LOCAL_AS_GOVERNED	contains /raw/ execution evidence	proof_packs/PROD_BUILD_DEPLOY_RETRY_2026-03-07_1417_757ae4d4c9/
proof_packs/PROD_IDLE_GUARD_2026-03-07_1554_757ae4d4c9/00_EXEC_SUMMARY.md	1290	LOCAL_ONLY_HISTORICAL	HISTORICAL_PROOFPACK_PATH	pack directory is indexed as historical/local-only governed residue	registry/proofpack-index.jsonl existing governance entry	KEEP_LOCAL_AS_GOVERNED	default proof-pack path	proof_packs/PROD_IDLE_GUARD_2026-03-07_1554_757ae4d4c9/
proof_packs/PROD_IDLE_GUARD_2026-03-07_1554_757ae4d4c9/01_PROD_IDLE_REFERENCE.md	855	LOCAL_ONLY_HISTORICAL	HISTORICAL_PROOFPACK_PATH	pack directory is indexed as historical/local-only governed residue	registry/proofpack-index.jsonl existing governance entry	KEEP_LOCAL_AS_GOVERNED	default proof-pack path	proof_packs/PROD_IDLE_GUARD_2026-03-07_1554_757ae4d4c9/
proof_packs/PROD_IDLE_GUARD_2026-03-07_1554_757ae4d4c9/02_ALLOWED_IDLE_RELEASE_ACTIONS.md	1682	LOCAL_ONLY_HISTORICAL	HISTORICAL_PROOFPACK_PATH	pack directory is indexed as historical/local-only governed residue	registry/proofpack-index.jsonl existing governance entry	KEEP_LOCAL_AS_GOVERNED	default proof-pack path	proof_packs/PROD_IDLE_GUARD_2026-03-07_1554_757ae4d4c9/
proof_packs/PROD_IDLE_GUARD_2026-03-07_1554_757ae4d4c9/03_FORBIDDEN_IDLE_RELEASE_ACTIONS.md	2367	LOCAL_ONLY_HISTORICAL	HISTORICAL_PROOFPACK_PATH	pack directory is indexed as historical/local-only governed residue	registry/proofpack-index.jsonl existing governance entry	KEEP_LOCAL_AS_GOVERNED	default proof-pack path	proof_packs/PROD_IDLE_GUARD_2026-03-07_1554_757ae4d4c9/
proof_packs/PROD_IDLE_GUARD_2026-03-07_1554_757ae4d4c9/04_RELEASE_REENTRY_TRIGGERS.md	1812	LOCAL_ONLY_HISTORICAL	HISTORICAL_PROOFPACK_PATH	pack directory is indexed as historical/local-only governed residue	registry/proofpack-index.jsonl existing governance entry	KEEP_LOCAL_AS_GOVERNED	default proof-pack path	proof_packs/PROD_IDLE_GUARD_2026-03-07_1554_757ae4d4c9/
proof_packs/PROD_IDLE_GUARD_2026-03-07_1554_757ae4d4c9/05_NO_FURTHER_RELEASE_AUTORUN.md	768	LOCAL_ONLY_HISTORICAL	HISTORICAL_PROOFPACK_PATH	pack directory is indexed as historical/local-only governed residue	registry/proofpack-index.jsonl existing governance entry	KEEP_LOCAL_AS_GOVERNED	default proof-pack path	proof_packs/PROD_IDLE_GUARD_2026-03-07_1554_757ae4d4c9/
proof_packs/PROD_IDLE_GUARD_2026-03-07_1554_757ae4d4c9/06_POST_PROD_IDLE_HANDOFF.md	1060	LOCAL_ONLY_HISTORICAL	HISTORICAL_PROOFPACK_PATH	pack directory is indexed as historical/local-only governed residue	registry/proofpack-index.jsonl existing governance entry	KEEP_LOCAL_AS_GOVERNED	default proof-pack path	proof_packs/PROD_IDLE_GUARD_2026-03-07_1554_757ae4d4c9/
proof_packs/PROD_IDLE_GUARD_2026-03-07_1554_757ae4d4c9/ROLLBACK.md	252	LOCAL_ONLY_HISTORICAL	HISTORICAL_PROOFPACK_PATH	pack directory is indexed as historical/local-only governed residue	registry/proofpack-index.jsonl existing governance entry	KEEP_LOCAL_AS_GOVERNED	default proof-pack path	proof_packs/PROD_IDLE_GUARD_2026-03-07_1554_757ae4d4c9/
proof_packs/PROD_IDLE_GUARD_2026-03-07_1554_757ae4d4c9/VERDICT.md	341	LOCAL_ONLY_HISTORICAL	HISTORICAL_PROOFPACK_PATH	pack directory is indexed as historical/local-only governed residue	registry/proofpack-index.jsonl existing governance entry	KEEP_LOCAL_AS_GOVERNED	default proof-pack path	proof_packs/PROD_IDLE_GUARD_2026-03-07_1554_757ae4d4c9/
proof_packs/PROD_IDLE_GUARD_2026-03-07_1554_757ae4d4c9/raw/00_bootstrap_checks.txt	1271	LOCAL_ONLY_HISTORICAL	TEMPORARY_RAW_LOG_PATH	pack directory is indexed as historical/local-only governed residue	registry/proofpack-index.jsonl existing governance entry	KEEP_LOCAL_AS_GOVERNED	contains /raw/ execution evidence	proof_packs/PROD_IDLE_GUARD_2026-03-07_1554_757ae4d4c9/
proof_packs/PROD_IDLE_GUARD_2026-03-07_1554_757ae4d4c9/raw/00_git_branch.txt	5	LOCAL_ONLY_HISTORICAL	TEMPORARY_RAW_LOG_PATH	pack directory is indexed as historical/local-only governed residue	registry/proofpack-index.jsonl existing governance entry	KEEP_LOCAL_AS_GOVERNED	contains /raw/ execution evidence	proof_packs/PROD_IDLE_GUARD_2026-03-07_1554_757ae4d4c9/
proof_packs/PROD_IDLE_GUARD_2026-03-07_1554_757ae4d4c9/raw/00_git_rev_parse_short.txt	10	LOCAL_ONLY_HISTORICAL	TEMPORARY_RAW_LOG_PATH	pack directory is indexed as historical/local-only governed residue	registry/proofpack-index.jsonl existing governance entry	KEEP_LOCAL_AS_GOVERNED	contains /raw/ execution evidence	proof_packs/PROD_IDLE_GUARD_2026-03-07_1554_757ae4d4c9/
proof_packs/PROD_IDLE_GUARD_2026-03-07_1554_757ae4d4c9/raw/00_git_status_short.txt	1695	LOCAL_ONLY_HISTORICAL	TEMPORARY_RAW_LOG_PATH	pack directory is indexed as historical/local-only governed residue	registry/proofpack-index.jsonl existing governance entry	KEEP_LOCAL_AS_GOVERNED	contains /raw/ execution evidence	proof_packs/PROD_IDLE_GUARD_2026-03-07_1554_757ae4d4c9/
proof_packs/PROD_PASS_CANONIZATION_2026-03-07_1519_757ae4d4c9/00_EXEC_SUMMARY.md	1633	LOCAL_ONLY_HISTORICAL	HISTORICAL_PROOFPACK_PATH	pack directory is indexed as historical/local-only governed residue	registry/proofpack-index.jsonl existing governance entry	KEEP_LOCAL_AS_GOVERNED	default proof-pack path	proof_packs/PROD_PASS_CANONIZATION_2026-03-07_1519_757ae4d4c9/
proof_packs/PROD_PASS_CANONIZATION_2026-03-07_1519_757ae4d4c9/01_PROD_BASELINE_REFERENCE.md	1113	LOCAL_ONLY_HISTORICAL	HISTORICAL_PROOFPACK_PATH	pack directory is indexed as historical/local-only governed residue	registry/proofpack-index.jsonl existing governance entry	KEEP_LOCAL_AS_GOVERNED	default proof-pack path	proof_packs/PROD_PASS_CANONIZATION_2026-03-07_1519_757ae4d4c9/
proof_packs/PROD_PASS_CANONIZATION_2026-03-07_1519_757ae4d4c9/02_RELEASE_TRUTH.md	1656	LOCAL_ONLY_HISTORICAL	HISTORICAL_PROOFPACK_PATH	pack directory is indexed as historical/local-only governed residue	registry/proofpack-index.jsonl existing governance entry	KEEP_LOCAL_AS_GOVERNED	default proof-pack path	proof_packs/PROD_PASS_CANONIZATION_2026-03-07_1519_757ae4d4c9/
proof_packs/PROD_PASS_CANONIZATION_2026-03-07_1519_757ae4d4c9/03_DEPLOYED_ARTIFACTS_REFERENCE.md	1122	LOCAL_ONLY_HISTORICAL	HISTORICAL_PROOFPACK_PATH	pack directory is indexed as historical/local-only governed residue	registry/proofpack-index.jsonl existing governance entry	KEEP_LOCAL_AS_GOVERNED	default proof-pack path	proof_packs/PROD_PASS_CANONIZATION_2026-03-07_1519_757ae4d4c9/
proof_packs/PROD_PASS_CANONIZATION_2026-03-07_1519_757ae4d4c9/04_POST_DEPLOY_INVARIANTS.md	1221	LOCAL_ONLY_HISTORICAL	HISTORICAL_PROOFPACK_PATH	pack directory is indexed as historical/local-only governed residue	registry/proofpack-index.jsonl existing governance entry	KEEP_LOCAL_AS_GOVERNED	default proof-pack path	proof_packs/PROD_PASS_CANONIZATION_2026-03-07_1519_757ae4d4c9/
proof_packs/PROD_PASS_CANONIZATION_2026-03-07_1519_757ae4d4c9/05_RELEASE_ROLLBACK_REFERENCE.md	1370	LOCAL_ONLY_HISTORICAL	HISTORICAL_PROOFPACK_PATH	pack directory is indexed as historical/local-only governed residue	registry/proofpack-index.jsonl existing governance entry	KEEP_LOCAL_AS_GOVERNED	default proof-pack path	proof_packs/PROD_PASS_CANONIZATION_2026-03-07_1519_757ae4d4c9/
proof_packs/PROD_PASS_CANONIZATION_2026-03-07_1519_757ae4d4c9/06_NEXT_RELEASE_ENTRY_RULES.md	971	LOCAL_ONLY_HISTORICAL	HISTORICAL_PROOFPACK_PATH	pack directory is indexed as historical/local-only governed residue	registry/proofpack-index.jsonl existing governance entry	KEEP_LOCAL_AS_GOVERNED	default proof-pack path	proof_packs/PROD_PASS_CANONIZATION_2026-03-07_1519_757ae4d4c9/
proof_packs/PROD_PASS_CANONIZATION_2026-03-07_1519_757ae4d4c9/07_PROD_CANON_DECLARATION.md	828	LOCAL_ONLY_HISTORICAL	HISTORICAL_PROOFPACK_PATH	pack directory is indexed as historical/local-only governed residue	registry/proofpack-index.jsonl existing governance entry	KEEP_LOCAL_AS_GOVERNED	default proof-pack path	proof_packs/PROD_PASS_CANONIZATION_2026-03-07_1519_757ae4d4c9/
proof_packs/PROD_PASS_CANONIZATION_2026-03-07_1519_757ae4d4c9/08_POST_PROD_HANDOFF.md	1265	LOCAL_ONLY_HISTORICAL	HISTORICAL_PROOFPACK_PATH	pack directory is indexed as historical/local-only governed residue	registry/proofpack-index.jsonl existing governance entry	KEEP_LOCAL_AS_GOVERNED	default proof-pack path	proof_packs/PROD_PASS_CANONIZATION_2026-03-07_1519_757ae4d4c9/
proof_packs/PROD_PASS_CANONIZATION_2026-03-07_1519_757ae4d4c9/ROLLBACK.md	589	LOCAL_ONLY_HISTORICAL	HISTORICAL_PROOFPACK_PATH	pack directory is indexed as historical/local-only governed residue	registry/proofpack-index.jsonl existing governance entry	KEEP_LOCAL_AS_GOVERNED	default proof-pack path	proof_packs/PROD_PASS_CANONIZATION_2026-03-07_1519_757ae4d4c9/
proof_packs/PROD_PASS_CANONIZATION_2026-03-07_1519_757ae4d4c9/VERDICT.md	329	LOCAL_ONLY_HISTORICAL	HISTORICAL_PROOFPACK_PATH	pack directory is indexed as historical/local-only governed residue	registry/proofpack-index.jsonl existing governance entry	KEEP_LOCAL_AS_GOVERNED	default proof-pack path	proof_packs/PROD_PASS_CANONIZATION_2026-03-07_1519_757ae4d4c9/
proof_packs/PROD_PASS_CANONIZATION_2026-03-07_1519_757ae4d4c9/raw/00_git_branch.txt	5	LOCAL_ONLY_HISTORICAL	TEMPORARY_RAW_LOG_PATH	pack directory is indexed as historical/local-only governed residue	registry/proofpack-index.jsonl existing governance entry	KEEP_LOCAL_AS_GOVERNED	contains /raw/ execution evidence	proof_packs/PROD_PASS_CANONIZATION_2026-03-07_1519_757ae4d4c9/
proof_packs/PROD_PASS_CANONIZATION_2026-03-07_1519_757ae4d4c9/raw/00_git_rev_parse_short.txt	11	LOCAL_ONLY_HISTORICAL	TEMPORARY_RAW_LOG_PATH	pack directory is indexed as historical/local-only governed residue	registry/proofpack-index.jsonl existing governance entry	KEEP_LOCAL_AS_GOVERNED	contains /raw/ execution evidence	proof_packs/PROD_PASS_CANONIZATION_2026-03-07_1519_757ae4d4c9/
proof_packs/PROD_PASS_CANONIZATION_2026-03-07_1519_757ae4d4c9/raw/00_git_status_short.txt	1636	LOCAL_ONLY_HISTORICAL	TEMPORARY_RAW_LOG_PATH	pack directory is indexed as historical/local-only governed residue	registry/proofpack-index.jsonl existing governance entry	KEEP_LOCAL_AS_GOVERNED	contains /raw/ execution evidence	proof_packs/PROD_PASS_CANONIZATION_2026-03-07_1519_757ae4d4c9/
proof_packs/PROD_PASS_CANONIZATION_2026-03-07_1519_757ae4d4c9/raw/00_master_proof_refs.txt	1491	LOCAL_ONLY_HISTORICAL	TEMPORARY_RAW_LOG_PATH	pack directory is indexed as historical/local-only governed residue	registry/proofpack-index.jsonl existing governance entry	KEEP_LOCAL_AS_GOVERNED	contains /raw/ execution evidence	proof_packs/PROD_PASS_CANONIZATION_2026-03-07_1519_757ae4d4c9/
proof_packs/PR_CI_UNBLOCK_2026-03-06_1847_5a48aa005/00_EXEC_SUMMARY.md	1034	LOCAL_ONLY_HISTORICAL	HISTORICAL_PROOFPACK_PATH	pack directory is indexed as historical/local-only governed residue	registry/proofpack-index.jsonl existing governance entry	KEEP_LOCAL_AS_GOVERNED	default proof-pack path	proof_packs/PR_CI_UNBLOCK_2026-03-06_1847_5a48aa005/
proof_packs/PR_CI_UNBLOCK_2026-03-06_1847_5a48aa005/01_BOOTSTRAP.md	386	LOCAL_ONLY_HISTORICAL	HISTORICAL_PROOFPACK_PATH	pack directory is indexed as historical/local-only governed residue	registry/proofpack-index.jsonl existing governance entry	KEEP_LOCAL_AS_GOVERNED	default proof-pack path	proof_packs/PR_CI_UNBLOCK_2026-03-06_1847_5a48aa005/
proof_packs/PR_CI_UNBLOCK_2026-03-06_1847_5a48aa005/02_BASELINE_ACTIVE.md	299	LOCAL_ONLY_HISTORICAL	HISTORICAL_PROOFPACK_PATH	pack directory is indexed as historical/local-only governed residue	registry/proofpack-index.jsonl existing governance entry	KEEP_LOCAL_AS_GOVERNED	default proof-pack path	proof_packs/PR_CI_UNBLOCK_2026-03-06_1847_5a48aa005/
proof_packs/PR_CI_UNBLOCK_2026-03-06_1847_5a48aa005/03_SCOPE_FREEZE.md	559	LOCAL_ONLY_HISTORICAL	HISTORICAL_PROOFPACK_PATH	pack directory is indexed as historical/local-only governed residue	registry/proofpack-index.jsonl existing governance entry	KEEP_LOCAL_AS_GOVERNED	default proof-pack path	proof_packs/PR_CI_UNBLOCK_2026-03-06_1847_5a48aa005/
proof_packs/PR_CI_UNBLOCK_2026-03-06_1847_5a48aa005/04_COMMANDS_USED.md	762	LOCAL_ONLY_HISTORICAL	HISTORICAL_PROOFPACK_PATH	pack directory is indexed as historical/local-only governed residue	registry/proofpack-index.jsonl existing governance entry	KEEP_LOCAL_AS_GOVERNED	default proof-pack path	proof_packs/PR_CI_UNBLOCK_2026-03-06_1847_5a48aa005/
proof_packs/PR_CI_UNBLOCK_2026-03-06_1847_5a48aa005/05_BRANCH_AND_PR_STATUS.md	462	LOCAL_ONLY_HISTORICAL	HISTORICAL_PROOFPACK_PATH	pack directory is indexed as historical/local-only governed residue	registry/proofpack-index.jsonl existing governance entry	KEEP_LOCAL_AS_GOVERNED	default proof-pack path	proof_packs/PR_CI_UNBLOCK_2026-03-06_1847_5a48aa005/
proof_packs/PR_CI_UNBLOCK_2026-03-06_1847_5a48aa005/06_CI_FAILURE_TRUTH.md	1310	LOCAL_ONLY_HISTORICAL	HISTORICAL_PROOFPACK_PATH	pack directory is indexed as historical/local-only governed residue	registry/proofpack-index.jsonl existing governance entry	KEEP_LOCAL_AS_GOVERNED	default proof-pack path	proof_packs/PR_CI_UNBLOCK_2026-03-06_1847_5a48aa005/
proof_packs/PR_CI_UNBLOCK_2026-03-06_1847_5a48aa005/07_CI_CAUSAL_DIAGNOSIS.md	914	LOCAL_ONLY_HISTORICAL	HISTORICAL_PROOFPACK_PATH	pack directory is indexed as historical/local-only governed residue	registry/proofpack-index.jsonl existing governance entry	KEEP_LOCAL_AS_GOVERNED	default proof-pack path	proof_packs/PR_CI_UNBLOCK_2026-03-06_1847_5a48aa005/
proof_packs/PR_CI_UNBLOCK_2026-03-06_1847_5a48aa005/08_DIFF_FILES.md	574	LOCAL_ONLY_HISTORICAL	HISTORICAL_PROOFPACK_PATH	pack directory is indexed as historical/local-only governed residue	registry/proofpack-index.jsonl existing governance entry	KEEP_LOCAL_AS_GOVERNED	default proof-pack path	proof_packs/PR_CI_UNBLOCK_2026-03-06_1847_5a48aa005/
proof_packs/PR_CI_UNBLOCK_2026-03-06_1847_5a48aa005/09_LOCAL_RECHECKS.md	632	LOCAL_ONLY_HISTORICAL	HISTORICAL_PROOFPACK_PATH	pack directory is indexed as historical/local-only governed residue	registry/proofpack-index.jsonl existing governance entry	KEEP_LOCAL_AS_GOVERNED	default proof-pack path	proof_packs/PR_CI_UNBLOCK_2026-03-06_1847_5a48aa005/
proof_packs/PR_CI_UNBLOCK_2026-03-06_1847_5a48aa005/10_REMOTE_RERUN_STATUS.md	686	LOCAL_ONLY_HISTORICAL	HISTORICAL_PROOFPACK_PATH	pack directory is indexed as historical/local-only governed residue	registry/proofpack-index.jsonl existing governance entry	KEEP_LOCAL_AS_GOVERNED	default proof-pack path	proof_packs/PR_CI_UNBLOCK_2026-03-06_1847_5a48aa005/
proof_packs/PR_CI_UNBLOCK_2026-03-06_1847_5a48aa005/11_GATES_RECHECK.md	486	LOCAL_ONLY_HISTORICAL	HISTORICAL_PROOFPACK_PATH	pack directory is indexed as historical/local-only governed residue	registry/proofpack-index.jsonl existing governance entry	KEEP_LOCAL_AS_GOVERNED	default proof-pack path	proof_packs/PR_CI_UNBLOCK_2026-03-06_1847_5a48aa005/
proof_packs/PR_CI_UNBLOCK_2026-03-06_1847_5a48aa005/12_RISKS_RESIDUAL.md	579	LOCAL_ONLY_HISTORICAL	HISTORICAL_PROOFPACK_PATH	pack directory is indexed as historical/local-only governed residue	registry/proofpack-index.jsonl existing governance entry	KEEP_LOCAL_AS_GOVERNED	default proof-pack path	proof_packs/PR_CI_UNBLOCK_2026-03-06_1847_5a48aa005/
proof_packs/PR_CI_UNBLOCK_2026-03-06_1847_5a48aa005/13_ROLLBACK.md	335	LOCAL_ONLY_HISTORICAL	HISTORICAL_PROOFPACK_PATH	pack directory is indexed as historical/local-only governed residue	registry/proofpack-index.jsonl existing governance entry	KEEP_LOCAL_AS_GOVERNED	default proof-pack path	proof_packs/PR_CI_UNBLOCK_2026-03-06_1847_5a48aa005/
proof_packs/PR_CI_UNBLOCK_2026-03-06_1847_5a48aa005/14_FINAL_RECLASSIFICATION.md	750	LOCAL_ONLY_HISTORICAL	HISTORICAL_PROOFPACK_PATH	pack directory is indexed as historical/local-only governed residue	registry/proofpack-index.jsonl existing governance entry	KEEP_LOCAL_AS_GOVERNED	default proof-pack path	proof_packs/PR_CI_UNBLOCK_2026-03-06_1847_5a48aa005/
proof_packs/PR_CI_UNBLOCK_2026-03-06_1847_5a48aa005/ROLLBACK.md	217	LOCAL_ONLY_HISTORICAL	HISTORICAL_PROOFPACK_PATH	pack directory is indexed as historical/local-only governed residue	registry/proofpack-index.jsonl existing governance entry	KEEP_LOCAL_AS_GOVERNED	default proof-pack path	proof_packs/PR_CI_UNBLOCK_2026-03-06_1847_5a48aa005/
proof_packs/PR_CI_UNBLOCK_2026-03-06_1847_5a48aa005/VERDICT.md	223	LOCAL_ONLY_HISTORICAL	HISTORICAL_PROOFPACK_PATH	pack directory is indexed as historical/local-only governed residue	registry/proofpack-index.jsonl existing governance entry	KEEP_LOCAL_AS_GOVERNED	default proof-pack path	proof_packs/PR_CI_UNBLOCK_2026-03-06_1847_5a48aa005/
proof_packs/PR_CI_UNBLOCK_2026-03-06_1847_5a48aa005/raw_active_branch.txt	36	LOCAL_ONLY_HISTORICAL	HISTORICAL_PROOFPACK_PATH	pack directory is indexed as historical/local-only governed residue	registry/proofpack-index.jsonl existing governance entry	KEEP_LOCAL_AS_GOVERNED	default proof-pack path	proof_packs/PR_CI_UNBLOCK_2026-03-06_1847_5a48aa005/
proof_packs/PR_CI_UNBLOCK_2026-03-06_1847_5a48aa005/raw_bootstrap_gh_exit_codes.txt	66	LOCAL_ONLY_HISTORICAL	HISTORICAL_PROOFPACK_PATH	pack directory is indexed as historical/local-only governed residue	registry/proofpack-index.jsonl existing governance entry	KEEP_LOCAL_AS_GOVERNED	default proof-pack path	proof_packs/PR_CI_UNBLOCK_2026-03-06_1847_5a48aa005/
proof_packs/PR_CI_UNBLOCK_2026-03-06_1847_5a48aa005/raw_branch_create.txt	74	LOCAL_ONLY_HISTORICAL	HISTORICAL_PROOFPACK_PATH	pack directory is indexed as historical/local-only governed residue	registry/proofpack-index.jsonl existing governance entry	KEEP_LOCAL_AS_GOVERNED	default proof-pack path	proof_packs/PR_CI_UNBLOCK_2026-03-06_1847_5a48aa005/
proof_packs/PR_CI_UNBLOCK_2026-03-06_1847_5a48aa005/raw_branch_push.txt	522	LOCAL_ONLY_HISTORICAL	HISTORICAL_PROOFPACK_PATH	pack directory is indexed as historical/local-only governed residue	registry/proofpack-index.jsonl existing governance entry	KEEP_LOCAL_AS_GOVERNED	default proof-pack path	proof_packs/PR_CI_UNBLOCK_2026-03-06_1847_5a48aa005/
proof_packs/PR_CI_UNBLOCK_2026-03-06_1847_5a48aa005/raw_detect_recurrence_after_ci_fix_2_exit.txt	14	LOCAL_ONLY_HISTORICAL	HISTORICAL_PROOFPACK_PATH	pack directory is indexed as historical/local-only governed residue	registry/proofpack-index.jsonl existing governance entry	KEEP_LOCAL_AS_GOVERNED	default proof-pack path	proof_packs/PR_CI_UNBLOCK_2026-03-06_1847_5a48aa005/
proof_packs/PR_CI_UNBLOCK_2026-03-06_1847_5a48aa005/raw_detect_recurrence_after_ci_fix_3_exit.txt	15	LOCAL_ONLY_HISTORICAL	HISTORICAL_PROOFPACK_PATH	pack directory is indexed as historical/local-only governed residue	registry/proofpack-index.jsonl existing governance entry	KEEP_LOCAL_AS_GOVERNED	default proof-pack path	proof_packs/PR_CI_UNBLOCK_2026-03-06_1847_5a48aa005/
proof_packs/PR_CI_UNBLOCK_2026-03-06_1847_5a48aa005/raw_detect_recurrence_after_ci_fix_4_exit.txt	15	LOCAL_ONLY_HISTORICAL	HISTORICAL_PROOFPACK_PATH	pack directory is indexed as historical/local-only governed residue	registry/proofpack-index.jsonl existing governance entry	KEEP_LOCAL_AS_GOVERNED	default proof-pack path	proof_packs/PR_CI_UNBLOCK_2026-03-06_1847_5a48aa005/
proof_packs/PR_CI_UNBLOCK_2026-03-06_1847_5a48aa005/raw_detect_recurrence_after_ci_fix_5_exit.txt	15	LOCAL_ONLY_HISTORICAL	HISTORICAL_PROOFPACK_PATH	pack directory is indexed as historical/local-only governed residue	registry/proofpack-index.jsonl existing governance entry	KEEP_LOCAL_AS_GOVERNED	default proof-pack path	proof_packs/PR_CI_UNBLOCK_2026-03-06_1847_5a48aa005/
proof_packs/PR_CI_UNBLOCK_2026-03-06_1847_5a48aa005/raw_gh_auth_status.txt	245	LOCAL_ONLY_HISTORICAL	HISTORICAL_PROOFPACK_PATH	pack directory is indexed as historical/local-only governed residue	registry/proofpack-index.jsonl existing governance entry	KEEP_LOCAL_AS_GOVERNED	default proof-pack path	proof_packs/PR_CI_UNBLOCK_2026-03-06_1847_5a48aa005/
proof_packs/PR_CI_UNBLOCK_2026-03-06_1847_5a48aa005/raw_gh_pr_status.txt	249	LOCAL_ONLY_HISTORICAL	HISTORICAL_PROOFPACK_PATH	pack directory is indexed as historical/local-only governed residue	registry/proofpack-index.jsonl existing governance entry	KEEP_LOCAL_AS_GOVERNED	default proof-pack path	proof_packs/PR_CI_UNBLOCK_2026-03-06_1847_5a48aa005/
proof_packs/PR_CI_UNBLOCK_2026-03-06_1847_5a48aa005/raw_gh_repo_view.txt	30155	LOCAL_ONLY_HISTORICAL	HISTORICAL_PROOFPACK_PATH	pack directory is indexed as historical/local-only governed residue	registry/proofpack-index.jsonl existing governance entry	KEEP_LOCAL_AS_GOVERNED	default proof-pack path	proof_packs/PR_CI_UNBLOCK_2026-03-06_1847_5a48aa005/
proof_packs/PR_CI_UNBLOCK_2026-03-06_1847_5a48aa005/raw_gh_run_list_20.txt	3341	LOCAL_ONLY_HISTORICAL	HISTORICAL_PROOFPACK_PATH	pack directory is indexed as historical/local-only governed residue	registry/proofpack-index.jsonl existing governance entry	KEEP_LOCAL_AS_GOVERNED	default proof-pack path	proof_packs/PR_CI_UNBLOCK_2026-03-06_1847_5a48aa005/
proof_packs/PR_CI_UNBLOCK_2026-03-06_1847_5a48aa005/raw_gh_run_list_30.json	9136	LOCAL_ONLY_HISTORICAL	HISTORICAL_PROOFPACK_PATH	pack directory is indexed as historical/local-only governed residue	registry/proofpack-index.jsonl existing governance entry	KEEP_LOCAL_AS_GOVERNED	default proof-pack path	proof_packs/PR_CI_UNBLOCK_2026-03-06_1847_5a48aa005/
proof_packs/PR_CI_UNBLOCK_2026-03-06_1847_5a48aa005/raw_gh_run_list_branch.json	4463	LOCAL_ONLY_HISTORICAL	HISTORICAL_PROOFPACK_PATH	pack directory is indexed as historical/local-only governed residue	registry/proofpack-index.jsonl existing governance entry	KEEP_LOCAL_AS_GOVERNED	default proof-pack path	proof_packs/PR_CI_UNBLOCK_2026-03-06_1847_5a48aa005/
proof_packs/PR_CI_UNBLOCK_2026-03-06_1847_5a48aa005/raw_gh_run_list_branch_after_push.json	6423	LOCAL_ONLY_HISTORICAL	HISTORICAL_PROOFPACK_PATH	pack directory is indexed as historical/local-only governed residue	registry/proofpack-index.jsonl existing governance entry	KEEP_LOCAL_AS_GOVERNED	default proof-pack path	proof_packs/PR_CI_UNBLOCK_2026-03-06_1847_5a48aa005/
proof_packs/PR_CI_UNBLOCK_2026-03-06_1847_5a48aa005/raw_gh_run_list_branch_final.json	9750	LOCAL_ONLY_HISTORICAL	HISTORICAL_PROOFPACK_PATH	pack directory is indexed as historical/local-only governed residue	registry/proofpack-index.jsonl existing governance entry	KEEP_LOCAL_AS_GOVERNED	default proof-pack path	proof_packs/PR_CI_UNBLOCK_2026-03-06_1847_5a48aa005/
proof_packs/PR_CI_UNBLOCK_2026-03-06_1847_5a48aa005/raw_git_branch.txt	5	LOCAL_ONLY_HISTORICAL	HISTORICAL_PROOFPACK_PATH	pack directory is indexed as historical/local-only governed residue	registry/proofpack-index.jsonl existing governance entry	KEEP_LOCAL_AS_GOVERNED	default proof-pack path	proof_packs/PR_CI_UNBLOCK_2026-03-06_1847_5a48aa005/
proof_packs/PR_CI_UNBLOCK_2026-03-06_1847_5a48aa005/raw_git_head_short.txt	10	LOCAL_ONLY_HISTORICAL	HISTORICAL_PROOFPACK_PATH	pack directory is indexed as historical/local-only governed residue	registry/proofpack-index.jsonl existing governance entry	KEEP_LOCAL_AS_GOVERNED	default proof-pack path	proof_packs/PR_CI_UNBLOCK_2026-03-06_1847_5a48aa005/
proof_packs/PR_CI_UNBLOCK_2026-03-06_1847_5a48aa005/raw_git_log20.txt	1528	LOCAL_ONLY_HISTORICAL	HISTORICAL_PROOFPACK_PATH	pack directory is indexed as historical/local-only governed residue	registry/proofpack-index.jsonl existing governance entry	KEEP_LOCAL_AS_GOVERNED	default proof-pack path	proof_packs/PR_CI_UNBLOCK_2026-03-06_1847_5a48aa005/
proof_packs/PR_CI_UNBLOCK_2026-03-06_1847_5a48aa005/raw_git_status.txt	594	LOCAL_ONLY_HISTORICAL	HISTORICAL_PROOFPACK_PATH	pack directory is indexed as historical/local-only governed residue	registry/proofpack-index.jsonl existing governance entry	KEEP_LOCAL_AS_GOVERNED	default proof-pack path	proof_packs/PR_CI_UNBLOCK_2026-03-06_1847_5a48aa005/
proof_packs/PR_CI_UNBLOCK_2026-03-06_1847_5a48aa005/raw_local_repro_exit_codes.txt	46	LOCAL_ONLY_HISTORICAL	HISTORICAL_PROOFPACK_PATH	pack directory is indexed as historical/local-only governed residue	registry/proofpack-index.jsonl existing governance entry	KEEP_LOCAL_AS_GOVERNED	default proof-pack path	proof_packs/PR_CI_UNBLOCK_2026-03-06_1847_5a48aa005/
proof_packs/PR_CI_UNBLOCK_2026-03-06_1847_5a48aa005/raw_pr_checks_174.txt	4095	LOCAL_ONLY_HISTORICAL	HISTORICAL_PROOFPACK_PATH	pack directory is indexed as historical/local-only governed residue	registry/proofpack-index.jsonl existing governance entry	KEEP_LOCAL_AS_GOVERNED	default proof-pack path	proof_packs/PR_CI_UNBLOCK_2026-03-06_1847_5a48aa005/
proof_packs/PR_CI_UNBLOCK_2026-03-06_1847_5a48aa005/raw_pr_checks_174_final.txt	6665	LOCAL_ONLY_HISTORICAL	HISTORICAL_PROOFPACK_PATH	pack directory is indexed as historical/local-only governed residue	registry/proofpack-index.jsonl existing governance entry	KEEP_LOCAL_AS_GOVERNED	default proof-pack path	proof_packs/PR_CI_UNBLOCK_2026-03-06_1847_5a48aa005/
proof_packs/PR_CI_UNBLOCK_2026-03-06_1847_5a48aa005/raw_pr_checks_174_final_exit.txt	14	LOCAL_ONLY_HISTORICAL	HISTORICAL_PROOFPACK_PATH	pack directory is indexed as historical/local-only governed residue	registry/proofpack-index.jsonl existing governance entry	KEEP_LOCAL_AS_GOVERNED	default proof-pack path	proof_packs/PR_CI_UNBLOCK_2026-03-06_1847_5a48aa005/
proof_packs/PR_CI_UNBLOCK_2026-03-06_1847_5a48aa005/raw_pr_create.txt	61	LOCAL_ONLY_HISTORICAL	HISTORICAL_PROOFPACK_PATH	pack directory is indexed as historical/local-only governed residue	registry/proofpack-index.jsonl existing governance entry	KEEP_LOCAL_AS_GOVERNED	default proof-pack path	proof_packs/PR_CI_UNBLOCK_2026-03-06_1847_5a48aa005/
proof_packs/PR_CI_UNBLOCK_2026-03-06_1847_5a48aa005/raw_pr_phase_exit_codes.txt	81	LOCAL_ONLY_HISTORICAL	HISTORICAL_PROOFPACK_PATH	pack directory is indexed as historical/local-only governed residue	registry/proofpack-index.jsonl existing governance entry	KEEP_LOCAL_AS_GOVERNED	default proof-pack path	proof_packs/PR_CI_UNBLOCK_2026-03-06_1847_5a48aa005/
proof_packs/PR_CI_UNBLOCK_2026-03-06_1847_5a48aa005/raw_pr_view_174.json	10501	LOCAL_ONLY_HISTORICAL	HISTORICAL_PROOFPACK_PATH	pack directory is indexed as historical/local-only governed residue	registry/proofpack-index.jsonl existing governance entry	KEEP_LOCAL_AS_GOVERNED	default proof-pack path	proof_packs/PR_CI_UNBLOCK_2026-03-06_1847_5a48aa005/
proof_packs/PR_CI_UNBLOCK_2026-03-06_1847_5a48aa005/raw_pr_view_174_final.json	17489	LOCAL_ONLY_HISTORICAL	HISTORICAL_PROOFPACK_PATH	pack directory is indexed as historical/local-only governed residue	registry/proofpack-index.jsonl existing governance entry	KEEP_LOCAL_AS_GOVERNED	default proof-pack path	proof_packs/PR_CI_UNBLOCK_2026-03-06_1847_5a48aa005/
proof_packs/PR_CI_UNBLOCK_2026-03-06_1847_5a48aa005/raw_pr_view_by_head.err	426	LOCAL_ONLY_HISTORICAL	HISTORICAL_PROOFPACK_PATH	pack directory is indexed as historical/local-only governed residue	registry/proofpack-index.jsonl existing governance entry	KEEP_LOCAL_AS_GOVERNED	default proof-pack path	proof_packs/PR_CI_UNBLOCK_2026-03-06_1847_5a48aa005/
proof_packs/PR_CI_UNBLOCK_2026-03-06_1847_5a48aa005/raw_pr_view_by_head.json	0	LOCAL_ONLY_HISTORICAL	HISTORICAL_PROOFPACK_PATH	pack directory is indexed as historical/local-only governed residue	registry/proofpack-index.jsonl existing governance entry	KEEP_LOCAL_AS_GOVERNED	default proof-pack path	proof_packs/PR_CI_UNBLOCK_2026-03-06_1847_5a48aa005/
proof_packs/PR_CI_UNBLOCK_2026-03-06_1847_5a48aa005/raw_rust_docker_dispatch.txt	0	LOCAL_ONLY_HISTORICAL	HISTORICAL_PROOFPACK_PATH	pack directory is indexed as historical/local-only governed residue	registry/proofpack-index.jsonl existing governance entry	KEEP_LOCAL_AS_GOVERNED	default proof-pack path	proof_packs/PR_CI_UNBLOCK_2026-03-06_1847_5a48aa005/
proof_packs/PR_CI_UNBLOCK_2026-03-06_1847_5a48aa005/raw_rust_docker_dispatch_2.txt	0	LOCAL_ONLY_HISTORICAL	HISTORICAL_PROOFPACK_PATH	pack directory is indexed as historical/local-only governed residue	registry/proofpack-index.jsonl existing governance entry	KEEP_LOCAL_AS_GOVERNED	default proof-pack path	proof_packs/PR_CI_UNBLOCK_2026-03-06_1847_5a48aa005/
proof_packs/PR_CI_UNBLOCK_2026-03-06_1847_5a48aa005/raw_rust_docker_dispatch_2_exit.txt	17	LOCAL_ONLY_HISTORICAL	HISTORICAL_PROOFPACK_PATH	pack directory is indexed as historical/local-only governed residue	registry/proofpack-index.jsonl existing governance entry	KEEP_LOCAL_AS_GOVERNED	default proof-pack path	proof_packs/PR_CI_UNBLOCK_2026-03-06_1847_5a48aa005/
proof_packs/PR_CI_UNBLOCK_2026-03-06_1847_5a48aa005/raw_rust_docker_dispatch_2_runs.json	831	LOCAL_ONLY_HISTORICAL	HISTORICAL_PROOFPACK_PATH	pack directory is indexed as historical/local-only governed residue	registry/proofpack-index.jsonl existing governance entry	KEEP_LOCAL_AS_GOVERNED	default proof-pack path	proof_packs/PR_CI_UNBLOCK_2026-03-06_1847_5a48aa005/
proof_packs/PR_CI_UNBLOCK_2026-03-06_1847_5a48aa005/raw_rust_docker_dispatch_3.txt	0	LOCAL_ONLY_HISTORICAL	HISTORICAL_PROOFPACK_PATH	pack directory is indexed as historical/local-only governed residue	registry/proofpack-index.jsonl existing governance entry	KEEP_LOCAL_AS_GOVERNED	default proof-pack path	proof_packs/PR_CI_UNBLOCK_2026-03-06_1847_5a48aa005/
proof_packs/PR_CI_UNBLOCK_2026-03-06_1847_5a48aa005/raw_rust_docker_dispatch_3_exit.txt	17	LOCAL_ONLY_HISTORICAL	HISTORICAL_PROOFPACK_PATH	pack directory is indexed as historical/local-only governed residue	registry/proofpack-index.jsonl existing governance entry	KEEP_LOCAL_AS_GOVERNED	default proof-pack path	proof_packs/PR_CI_UNBLOCK_2026-03-06_1847_5a48aa005/
proof_packs/PR_CI_UNBLOCK_2026-03-06_1847_5a48aa005/raw_rust_docker_dispatch_3_runs.json	1110	LOCAL_ONLY_HISTORICAL	HISTORICAL_PROOFPACK_PATH	pack directory is indexed as historical/local-only governed residue	registry/proofpack-index.jsonl existing governance entry	KEEP_LOCAL_AS_GOVERNED	default proof-pack path	proof_packs/PR_CI_UNBLOCK_2026-03-06_1847_5a48aa005/
proof_packs/PR_CI_UNBLOCK_2026-03-06_1847_5a48aa005/raw_rust_docker_dispatch_4.txt	0	LOCAL_ONLY_HISTORICAL	HISTORICAL_PROOFPACK_PATH	pack directory is indexed as historical/local-only governed residue	registry/proofpack-index.jsonl existing governance entry	KEEP_LOCAL_AS_GOVERNED	default proof-pack path	proof_packs/PR_CI_UNBLOCK_2026-03-06_1847_5a48aa005/
proof_packs/PR_CI_UNBLOCK_2026-03-06_1847_5a48aa005/raw_rust_docker_dispatch_4_exit.txt	17	LOCAL_ONLY_HISTORICAL	HISTORICAL_PROOFPACK_PATH	pack directory is indexed as historical/local-only governed residue	registry/proofpack-index.jsonl existing governance entry	KEEP_LOCAL_AS_GOVERNED	default proof-pack path	proof_packs/PR_CI_UNBLOCK_2026-03-06_1847_5a48aa005/
proof_packs/PR_CI_UNBLOCK_2026-03-06_1847_5a48aa005/raw_rust_docker_dispatch_4_runs.json	1389	LOCAL_ONLY_HISTORICAL	HISTORICAL_PROOFPACK_PATH	pack directory is indexed as historical/local-only governed residue	registry/proofpack-index.jsonl existing governance entry	KEEP_LOCAL_AS_GOVERNED	default proof-pack path	proof_packs/PR_CI_UNBLOCK_2026-03-06_1847_5a48aa005/
proof_packs/PR_CI_UNBLOCK_2026-03-06_1847_5a48aa005/raw_rust_docker_dispatch_5.txt	0	LOCAL_ONLY_HISTORICAL	HISTORICAL_PROOFPACK_PATH	pack directory is indexed as historical/local-only governed residue	registry/proofpack-index.jsonl existing governance entry	KEEP_LOCAL_AS_GOVERNED	default proof-pack path	proof_packs/PR_CI_UNBLOCK_2026-03-06_1847_5a48aa005/
proof_packs/PR_CI_UNBLOCK_2026-03-06_1847_5a48aa005/raw_rust_docker_dispatch_5_exit.txt	17	LOCAL_ONLY_HISTORICAL	HISTORICAL_PROOFPACK_PATH	pack directory is indexed as historical/local-only governed residue	registry/proofpack-index.jsonl existing governance entry	KEEP_LOCAL_AS_GOVERNED	default proof-pack path	proof_packs/PR_CI_UNBLOCK_2026-03-06_1847_5a48aa005/
proof_packs/PR_CI_UNBLOCK_2026-03-06_1847_5a48aa005/raw_rust_docker_dispatch_5_runs.json	1668	LOCAL_ONLY_HISTORICAL	HISTORICAL_PROOFPACK_PATH	pack directory is indexed as historical/local-only governed residue	registry/proofpack-index.jsonl existing governance entry	KEEP_LOCAL_AS_GOVERNED	default proof-pack path	proof_packs/PR_CI_UNBLOCK_2026-03-06_1847_5a48aa005/
proof_packs/PR_CI_UNBLOCK_2026-03-06_1847_5a48aa005/raw_rust_docker_dispatch_exit.txt	16	LOCAL_ONLY_HISTORICAL	HISTORICAL_PROOFPACK_PATH	pack directory is indexed as historical/local-only governed residue	registry/proofpack-index.jsonl existing governance entry	KEEP_LOCAL_AS_GOVERNED	default proof-pack path	proof_packs/PR_CI_UNBLOCK_2026-03-06_1847_5a48aa005/
proof_packs/PR_CI_UNBLOCK_2026-03-06_1847_5a48aa005/raw_rust_docker_dispatch_runs.json	620	LOCAL_ONLY_HISTORICAL	HISTORICAL_PROOFPACK_PATH	pack directory is indexed as historical/local-only governed residue	registry/proofpack-index.jsonl existing governance entry	KEEP_LOCAL_AS_GOVERNED	default proof-pack path	proof_packs/PR_CI_UNBLOCK_2026-03-06_1847_5a48aa005/
proof_packs/PR_CI_UNBLOCK_2026-03-06_1847_5a48aa005/raw_rust_docker_poll_latest.json	487	LOCAL_ONLY_HISTORICAL	HISTORICAL_PROOFPACK_PATH	pack directory is indexed as historical/local-only governed residue	registry/proofpack-index.jsonl existing governance entry	KEEP_LOCAL_AS_GOVERNED	default proof-pack path	proof_packs/PR_CI_UNBLOCK_2026-03-06_1847_5a48aa005/
proof_packs/PR_CI_UNBLOCK_2026-03-06_1847_5a48aa005/raw_rust_docker_poll_trace.txt	20631	LOCAL_ONLY_HISTORICAL	HISTORICAL_PROOFPACK_PATH	pack directory is indexed as historical/local-only governed residue	registry/proofpack-index.jsonl existing governance entry	KEEP_LOCAL_AS_GOVERNED	default proof-pack path	proof_packs/PR_CI_UNBLOCK_2026-03-06_1847_5a48aa005/
proof_packs/PR_CI_UNBLOCK_2026-03-06_1847_5a48aa005/raw_rust_docker_run_22786897347_hits.txt	69642	LOCAL_ONLY_HISTORICAL	HISTORICAL_PROOFPACK_PATH	pack directory is indexed as historical/local-only governed residue	registry/proofpack-index.jsonl existing governance entry	KEEP_LOCAL_AS_GOVERNED	default proof-pack path	proof_packs/PR_CI_UNBLOCK_2026-03-06_1847_5a48aa005/
proof_packs/PR_CI_UNBLOCK_2026-03-06_1847_5a48aa005/raw_rust_docker_run_22786897347_jobs.json	3199	LOCAL_ONLY_HISTORICAL	HISTORICAL_PROOFPACK_PATH	pack directory is indexed as historical/local-only governed residue	registry/proofpack-index.jsonl existing governance entry	KEEP_LOCAL_AS_GOVERNED	default proof-pack path	proof_packs/PR_CI_UNBLOCK_2026-03-06_1847_5a48aa005/
proof_packs/PR_CI_UNBLOCK_2026-03-06_1847_5a48aa005/raw_rust_docker_run_22786897347_poll.json	291	LOCAL_ONLY_HISTORICAL	HISTORICAL_PROOFPACK_PATH	pack directory is indexed as historical/local-only governed residue	registry/proofpack-index.jsonl existing governance entry	KEEP_LOCAL_AS_GOVERNED	default proof-pack path	proof_packs/PR_CI_UNBLOCK_2026-03-06_1847_5a48aa005/
proof_packs/PR_CI_UNBLOCK_2026-03-06_1847_5a48aa005/raw_rust_docker_run_22786897347_poll_trace.txt	320	LOCAL_ONLY_HISTORICAL	HISTORICAL_PROOFPACK_PATH	pack directory is indexed as historical/local-only governed residue	registry/proofpack-index.jsonl existing governance entry	KEEP_LOCAL_AS_GOVERNED	default proof-pack path	proof_packs/PR_CI_UNBLOCK_2026-03-06_1847_5a48aa005/
proof_packs/PR_CI_UNBLOCK_2026-03-06_1847_5a48aa005/raw_rust_docker_run_22786981815_hits.txt	11914	LOCAL_ONLY_HISTORICAL	HISTORICAL_PROOFPACK_PATH	pack directory is indexed as historical/local-only governed residue	registry/proofpack-index.jsonl existing governance entry	KEEP_LOCAL_AS_GOVERNED	default proof-pack path	proof_packs/PR_CI_UNBLOCK_2026-03-06_1847_5a48aa005/
proof_packs/PR_CI_UNBLOCK_2026-03-06_1847_5a48aa005/raw_rust_docker_run_22786981815_jobs.json	3199	LOCAL_ONLY_HISTORICAL	HISTORICAL_PROOFPACK_PATH	pack directory is indexed as historical/local-only governed residue	registry/proofpack-index.jsonl existing governance entry	KEEP_LOCAL_AS_GOVERNED	default proof-pack path	proof_packs/PR_CI_UNBLOCK_2026-03-06_1847_5a48aa005/
proof_packs/PR_CI_UNBLOCK_2026-03-06_1847_5a48aa005/raw_rust_docker_run_22786981815_poll.json	291	LOCAL_ONLY_HISTORICAL	HISTORICAL_PROOFPACK_PATH	pack directory is indexed as historical/local-only governed residue	registry/proofpack-index.jsonl existing governance entry	KEEP_LOCAL_AS_GOVERNED	default proof-pack path	proof_packs/PR_CI_UNBLOCK_2026-03-06_1847_5a48aa005/
proof_packs/PR_CI_UNBLOCK_2026-03-06_1847_5a48aa005/raw_rust_docker_run_22786981815_poll_trace.txt	891	LOCAL_ONLY_HISTORICAL	HISTORICAL_PROOFPACK_PATH	pack directory is indexed as historical/local-only governed residue	registry/proofpack-index.jsonl existing governance entry	KEEP_LOCAL_AS_GOVERNED	default proof-pack path	proof_packs/PR_CI_UNBLOCK_2026-03-06_1847_5a48aa005/
proof_packs/PR_CI_UNBLOCK_2026-03-06_1847_5a48aa005/raw_rust_docker_run_22787082843_hits.txt	136444	LOCAL_ONLY_HISTORICAL	HISTORICAL_PROOFPACK_PATH	pack directory is indexed as historical/local-only governed residue	registry/proofpack-index.jsonl existing governance entry	KEEP_LOCAL_AS_GOVERNED	default proof-pack path	proof_packs/PR_CI_UNBLOCK_2026-03-06_1847_5a48aa005/
proof_packs/PR_CI_UNBLOCK_2026-03-06_1847_5a48aa005/raw_rust_docker_run_22787082843_jobs.json	3199	LOCAL_ONLY_HISTORICAL	HISTORICAL_PROOFPACK_PATH	pack directory is indexed as historical/local-only governed residue	registry/proofpack-index.jsonl existing governance entry	KEEP_LOCAL_AS_GOVERNED	default proof-pack path	proof_packs/PR_CI_UNBLOCK_2026-03-06_1847_5a48aa005/
proof_packs/PR_CI_UNBLOCK_2026-03-06_1847_5a48aa005/raw_rust_docker_run_22787082843_poll.json	291	LOCAL_ONLY_HISTORICAL	HISTORICAL_PROOFPACK_PATH	pack directory is indexed as historical/local-only governed residue	registry/proofpack-index.jsonl existing governance entry	KEEP_LOCAL_AS_GOVERNED	default proof-pack path	proof_packs/PR_CI_UNBLOCK_2026-03-06_1847_5a48aa005/
proof_packs/PR_CI_UNBLOCK_2026-03-06_1847_5a48aa005/raw_rust_docker_run_22787082843_poll_trace.txt	1251	LOCAL_ONLY_HISTORICAL	HISTORICAL_PROOFPACK_PATH	pack directory is indexed as historical/local-only governed residue	registry/proofpack-index.jsonl existing governance entry	KEEP_LOCAL_AS_GOVERNED	default proof-pack path	proof_packs/PR_CI_UNBLOCK_2026-03-06_1847_5a48aa005/
proof_packs/PR_CI_UNBLOCK_2026-03-06_1847_5a48aa005/raw_rust_docker_run_22787193341_hits.txt	348	LOCAL_ONLY_HISTORICAL	HISTORICAL_PROOFPACK_PATH	pack directory is indexed as historical/local-only governed residue	registry/proofpack-index.jsonl existing governance entry	KEEP_LOCAL_AS_GOVERNED	default proof-pack path	proof_packs/PR_CI_UNBLOCK_2026-03-06_1847_5a48aa005/
proof_packs/PR_CI_UNBLOCK_2026-03-06_1847_5a48aa005/raw_rust_docker_run_22787193341_jobs.json	3199	LOCAL_ONLY_HISTORICAL	HISTORICAL_PROOFPACK_PATH	pack directory is indexed as historical/local-only governed residue	registry/proofpack-index.jsonl existing governance entry	KEEP_LOCAL_AS_GOVERNED	default proof-pack path	proof_packs/PR_CI_UNBLOCK_2026-03-06_1847_5a48aa005/
proof_packs/PR_CI_UNBLOCK_2026-03-06_1847_5a48aa005/raw_rust_docker_run_22787193341_poll.json	291	LOCAL_ONLY_HISTORICAL	HISTORICAL_PROOFPACK_PATH	pack directory is indexed as historical/local-only governed residue	registry/proofpack-index.jsonl existing governance entry	KEEP_LOCAL_AS_GOVERNED	default proof-pack path	proof_packs/PR_CI_UNBLOCK_2026-03-06_1847_5a48aa005/
proof_packs/PR_CI_UNBLOCK_2026-03-06_1847_5a48aa005/raw_rust_docker_run_22787193341_poll_trace.txt	1371	LOCAL_ONLY_HISTORICAL	HISTORICAL_PROOFPACK_PATH	pack directory is indexed as historical/local-only governed residue	registry/proofpack-index.jsonl existing governance entry	KEEP_LOCAL_AS_GOVERNED	default proof-pack path	proof_packs/PR_CI_UNBLOCK_2026-03-06_1847_5a48aa005/
proof_packs/PR_CI_UNBLOCK_2026-03-06_1847_5a48aa005/raw_rust_docker_run_22787313247_hits.txt	4418	LOCAL_ONLY_HISTORICAL	HISTORICAL_PROOFPACK_PATH	pack directory is indexed as historical/local-only governed residue	registry/proofpack-index.jsonl existing governance entry	KEEP_LOCAL_AS_GOVERNED	default proof-pack path	proof_packs/PR_CI_UNBLOCK_2026-03-06_1847_5a48aa005/
proof_packs/PR_CI_UNBLOCK_2026-03-06_1847_5a48aa005/raw_rust_docker_run_22787313247_jobs.json	3376	LOCAL_ONLY_HISTORICAL	HISTORICAL_PROOFPACK_PATH	pack directory is indexed as historical/local-only governed residue	registry/proofpack-index.jsonl existing governance entry	KEEP_LOCAL_AS_GOVERNED	default proof-pack path	proof_packs/PR_CI_UNBLOCK_2026-03-06_1847_5a48aa005/
proof_packs/PR_CI_UNBLOCK_2026-03-06_1847_5a48aa005/raw_rust_docker_run_22787313247_poll.json	291	LOCAL_ONLY_HISTORICAL	HISTORICAL_PROOFPACK_PATH	pack directory is indexed as historical/local-only governed residue	registry/proofpack-index.jsonl existing governance entry	KEEP_LOCAL_AS_GOVERNED	default proof-pack path	proof_packs/PR_CI_UNBLOCK_2026-03-06_1847_5a48aa005/
proof_packs/PR_CI_UNBLOCK_2026-03-06_1847_5a48aa005/raw_rust_docker_run_22787313247_poll_trace.txt	1671	LOCAL_ONLY_HISTORICAL	HISTORICAL_PROOFPACK_PATH	pack directory is indexed as historical/local-only governed residue	registry/proofpack-index.jsonl existing governance entry	KEEP_LOCAL_AS_GOVERNED	default proof-pack path	proof_packs/PR_CI_UNBLOCK_2026-03-06_1847_5a48aa005/
proof_packs/PR_CI_UNBLOCK_2026-03-06_1847_5a48aa005/raw_rust_docker_run_failed_hits.txt	2985	LOCAL_ONLY_HISTORICAL	HISTORICAL_PROOFPACK_PATH	pack directory is indexed as historical/local-only governed residue	registry/proofpack-index.jsonl existing governance entry	KEEP_LOCAL_AS_GOVERNED	default proof-pack path	proof_packs/PR_CI_UNBLOCK_2026-03-06_1847_5a48aa005/
proof_packs/PR_CI_UNBLOCK_2026-03-06_1847_5a48aa005/raw_rust_docker_run_jobs.json	2910	LOCAL_ONLY_HISTORICAL	HISTORICAL_PROOFPACK_PATH	pack directory is indexed as historical/local-only governed residue	registry/proofpack-index.jsonl existing governance entry	KEEP_LOCAL_AS_GOVERNED	default proof-pack path	proof_packs/PR_CI_UNBLOCK_2026-03-06_1847_5a48aa005/
proof_packs/PR_CI_UNBLOCK_2026-03-06_1847_5a48aa005/raw_rust_docker_run_meta.json	3244	LOCAL_ONLY_HISTORICAL	HISTORICAL_PROOFPACK_PATH	pack directory is indexed as historical/local-only governed residue	registry/proofpack-index.jsonl existing governance entry	KEEP_LOCAL_AS_GOVERNED	default proof-pack path	proof_packs/PR_CI_UNBLOCK_2026-03-06_1847_5a48aa005/
proof_packs/PR_CI_UNBLOCK_2026-03-06_1847_5a48aa005/raw_rust_docker_watch_22786897347.txt	14554	LOCAL_ONLY_HISTORICAL	HISTORICAL_PROOFPACK_PATH	pack directory is indexed as historical/local-only governed residue	registry/proofpack-index.jsonl existing governance entry	KEEP_LOCAL_AS_GOVERNED	default proof-pack path	proof_packs/PR_CI_UNBLOCK_2026-03-06_1847_5a48aa005/
proof_packs/PR_CI_UNBLOCK_2026-03-06_1847_5a48aa005/raw_source_blocked_ci_match.txt	59	LOCAL_ONLY_HISTORICAL	HISTORICAL_PROOFPACK_PATH	pack directory is indexed as historical/local-only governed residue	registry/proofpack-index.jsonl existing governance entry	KEEP_LOCAL_AS_GOVERNED	default proof-pack path	proof_packs/PR_CI_UNBLOCK_2026-03-06_1847_5a48aa005/
proof_packs/PR_CI_UNBLOCK_2026-03-06_1847_5a48aa005/raw_verify_instructions_after_ci_fix_2_exit.txt	14	LOCAL_ONLY_HISTORICAL	HISTORICAL_PROOFPACK_PATH	pack directory is indexed as historical/local-only governed residue	registry/proofpack-index.jsonl existing governance entry	KEEP_LOCAL_AS_GOVERNED	default proof-pack path	proof_packs/PR_CI_UNBLOCK_2026-03-06_1847_5a48aa005/
proof_packs/PR_CI_UNBLOCK_2026-03-06_1847_5a48aa005/raw_verify_instructions_after_ci_fix_3_exit.txt	15	LOCAL_ONLY_HISTORICAL	HISTORICAL_PROOFPACK_PATH	pack directory is indexed as historical/local-only governed residue	registry/proofpack-index.jsonl existing governance entry	KEEP_LOCAL_AS_GOVERNED	default proof-pack path	proof_packs/PR_CI_UNBLOCK_2026-03-06_1847_5a48aa005/
proof_packs/PR_CI_UNBLOCK_2026-03-06_1847_5a48aa005/raw_verify_instructions_after_ci_fix_4_exit.txt	15	LOCAL_ONLY_HISTORICAL	HISTORICAL_PROOFPACK_PATH	pack directory is indexed as historical/local-only governed residue	registry/proofpack-index.jsonl existing governance entry	KEEP_LOCAL_AS_GOVERNED	default proof-pack path	proof_packs/PR_CI_UNBLOCK_2026-03-06_1847_5a48aa005/
proof_packs/PR_CI_UNBLOCK_2026-03-06_1847_5a48aa005/raw_verify_instructions_after_ci_fix_5_exit.txt	15	LOCAL_ONLY_HISTORICAL	HISTORICAL_PROOFPACK_PATH	pack directory is indexed as historical/local-only governed residue	registry/proofpack-index.jsonl existing governance entry	KEEP_LOCAL_AS_GOVERNED	default proof-pack path	proof_packs/PR_CI_UNBLOCK_2026-03-06_1847_5a48aa005/
proof_packs/PR_MAIN_SEAL_READINESS_2026-03-06_1752_5a48aa005/00_EXEC_SUMMARY.md	625	LOCAL_ONLY_HISTORICAL	HISTORICAL_PROOFPACK_PATH	pack directory is indexed as historical/local-only governed residue	registry/proofpack-index.jsonl existing governance entry	KEEP_LOCAL_AS_GOVERNED	default proof-pack path	proof_packs/PR_MAIN_SEAL_READINESS_2026-03-06_1752_5a48aa005/
proof_packs/PR_MAIN_SEAL_READINESS_2026-03-06_1752_5a48aa005/01_BOOTSTRAP.md	830	LOCAL_ONLY_HISTORICAL	HISTORICAL_PROOFPACK_PATH	pack directory is indexed as historical/local-only governed residue	registry/proofpack-index.jsonl existing governance entry	KEEP_LOCAL_AS_GOVERNED	default proof-pack path	proof_packs/PR_MAIN_SEAL_READINESS_2026-03-06_1752_5a48aa005/
proof_packs/PR_MAIN_SEAL_READINESS_2026-03-06_1752_5a48aa005/02_BASELINE_CONFIRMATION.md	996	LOCAL_ONLY_HISTORICAL	HISTORICAL_PROOFPACK_PATH	pack directory is indexed as historical/local-only governed residue	registry/proofpack-index.jsonl existing governance entry	KEEP_LOCAL_AS_GOVERNED	default proof-pack path	proof_packs/PR_MAIN_SEAL_READINESS_2026-03-06_1752_5a48aa005/
proof_packs/PR_MAIN_SEAL_READINESS_2026-03-06_1752_5a48aa005/03_SCOPE_FREEZE.md	653	LOCAL_ONLY_HISTORICAL	HISTORICAL_PROOFPACK_PATH	pack directory is indexed as historical/local-only governed residue	registry/proofpack-index.jsonl existing governance entry	KEEP_LOCAL_AS_GOVERNED	default proof-pack path	proof_packs/PR_MAIN_SEAL_READINESS_2026-03-06_1752_5a48aa005/
proof_packs/PR_MAIN_SEAL_READINESS_2026-03-06_1752_5a48aa005/04_COMMANDS_USED.md	938	LOCAL_ONLY_HISTORICAL	HISTORICAL_PROOFPACK_PATH	pack directory is indexed as historical/local-only governed residue	registry/proofpack-index.jsonl existing governance entry	KEEP_LOCAL_AS_GOVERNED	default proof-pack path	proof_packs/PR_MAIN_SEAL_READINESS_2026-03-06_1752_5a48aa005/
proof_packs/PR_MAIN_SEAL_READINESS_2026-03-06_1752_5a48aa005/05_REPO_STATUS.md	645	LOCAL_ONLY_HISTORICAL	HISTORICAL_PROOFPACK_PATH	pack directory is indexed as historical/local-only governed residue	registry/proofpack-index.jsonl existing governance entry	KEEP_LOCAL_AS_GOVERNED	default proof-pack path	proof_packs/PR_MAIN_SEAL_READINESS_2026-03-06_1752_5a48aa005/
proof_packs/PR_MAIN_SEAL_READINESS_2026-03-06_1752_5a48aa005/06_PR_STATUS.md	441	LOCAL_ONLY_HISTORICAL	HISTORICAL_PROOFPACK_PATH	pack directory is indexed as historical/local-only governed residue	registry/proofpack-index.jsonl existing governance entry	KEEP_LOCAL_AS_GOVERNED	default proof-pack path	proof_packs/PR_MAIN_SEAL_READINESS_2026-03-06_1752_5a48aa005/
proof_packs/PR_MAIN_SEAL_READINESS_2026-03-06_1752_5a48aa005/07_CI_STATUS.md	657	LOCAL_ONLY_HISTORICAL	HISTORICAL_PROOFPACK_PATH	pack directory is indexed as historical/local-only governed residue	registry/proofpack-index.jsonl existing governance entry	KEEP_LOCAL_AS_GOVERNED	default proof-pack path	proof_packs/PR_MAIN_SEAL_READINESS_2026-03-06_1752_5a48aa005/
proof_packs/PR_MAIN_SEAL_READINESS_2026-03-06_1752_5a48aa005/08_GATES_RECHECK.md	549	LOCAL_ONLY_HISTORICAL	HISTORICAL_PROOFPACK_PATH	pack directory is indexed as historical/local-only governed residue	registry/proofpack-index.jsonl existing governance entry	KEEP_LOCAL_AS_GOVERNED	default proof-pack path	proof_packs/PR_MAIN_SEAL_READINESS_2026-03-06_1752_5a48aa005/
proof_packs/PR_MAIN_SEAL_READINESS_2026-03-06_1752_5a48aa005/09_E2E_PROOF_LINKS.md	761	LOCAL_ONLY_HISTORICAL	HISTORICAL_PROOFPACK_PATH	pack directory is indexed as historical/local-only governed residue	registry/proofpack-index.jsonl existing governance entry	KEEP_LOCAL_AS_GOVERNED	default proof-pack path	proof_packs/PR_MAIN_SEAL_READINESS_2026-03-06_1752_5a48aa005/
proof_packs/PR_MAIN_SEAL_READINESS_2026-03-06_1752_5a48aa005/10_DIFF_FILES.md	456	LOCAL_ONLY_HISTORICAL	HISTORICAL_PROOFPACK_PATH	pack directory is indexed as historical/local-only governed residue	registry/proofpack-index.jsonl existing governance entry	KEEP_LOCAL_AS_GOVERNED	default proof-pack path	proof_packs/PR_MAIN_SEAL_READINESS_2026-03-06_1752_5a48aa005/
proof_packs/PR_MAIN_SEAL_READINESS_2026-03-06_1752_5a48aa005/11_RISKS_RESIDUAL.md	1100	LOCAL_ONLY_HISTORICAL	HISTORICAL_PROOFPACK_PATH	pack directory is indexed as historical/local-only governed residue	registry/proofpack-index.jsonl existing governance entry	KEEP_LOCAL_AS_GOVERNED	default proof-pack path	proof_packs/PR_MAIN_SEAL_READINESS_2026-03-06_1752_5a48aa005/
proof_packs/PR_MAIN_SEAL_READINESS_2026-03-06_1752_5a48aa005/12_ROLLBACK.md	538	LOCAL_ONLY_HISTORICAL	HISTORICAL_PROOFPACK_PATH	pack directory is indexed as historical/local-only governed residue	registry/proofpack-index.jsonl existing governance entry	KEEP_LOCAL_AS_GOVERNED	default proof-pack path	proof_packs/PR_MAIN_SEAL_READINESS_2026-03-06_1752_5a48aa005/
proof_packs/PR_MAIN_SEAL_READINESS_2026-03-06_1752_5a48aa005/13_SEAL_READINESS.md	1113	LOCAL_ONLY_HISTORICAL	HISTORICAL_PROOFPACK_PATH	pack directory is indexed as historical/local-only governed residue	registry/proofpack-index.jsonl existing governance entry	KEEP_LOCAL_AS_GOVERNED	default proof-pack path	proof_packs/PR_MAIN_SEAL_READINESS_2026-03-06_1752_5a48aa005/
proof_packs/PR_MAIN_SEAL_READINESS_2026-03-06_1752_5a48aa005/14_FINAL_DECISION.md	2869	LOCAL_ONLY_HISTORICAL	HISTORICAL_PROOFPACK_PATH	pack directory is indexed as historical/local-only governed residue	registry/proofpack-index.jsonl existing governance entry	KEEP_LOCAL_AS_GOVERNED	default proof-pack path	proof_packs/PR_MAIN_SEAL_READINESS_2026-03-06_1752_5a48aa005/
proof_packs/PR_MAIN_SEAL_READINESS_2026-03-06_1752_5a48aa005/ROLLBACK.md	255	LOCAL_ONLY_HISTORICAL	HISTORICAL_PROOFPACK_PATH	pack directory is indexed as historical/local-only governed residue	registry/proofpack-index.jsonl existing governance entry	KEEP_LOCAL_AS_GOVERNED	default proof-pack path	proof_packs/PR_MAIN_SEAL_READINESS_2026-03-06_1752_5a48aa005/
proof_packs/PR_MAIN_SEAL_READINESS_2026-03-06_1752_5a48aa005/VERDICT.md	205	LOCAL_ONLY_HISTORICAL	HISTORICAL_PROOFPACK_PATH	pack directory is indexed as historical/local-only governed residue	registry/proofpack-index.jsonl existing governance entry	KEEP_LOCAL_AS_GOVERNED	default proof-pack path	proof_packs/PR_MAIN_SEAL_READINESS_2026-03-06_1752_5a48aa005/
proof_packs/PR_MAIN_SEAL_READINESS_2026-03-06_1752_5a48aa005/raw_baseline_checks.txt	1955	LOCAL_ONLY_HISTORICAL	HISTORICAL_PROOFPACK_PATH	pack directory is indexed as historical/local-only governed residue	registry/proofpack-index.jsonl existing governance entry	KEEP_LOCAL_AS_GOVERNED	default proof-pack path	proof_packs/PR_MAIN_SEAL_READINESS_2026-03-06_1752_5a48aa005/
proof_packs/PR_MAIN_SEAL_READINESS_2026-03-06_1752_5a48aa005/raw_baseline_checks_v2.txt	301	LOCAL_ONLY_HISTORICAL	HISTORICAL_PROOFPACK_PATH	pack directory is indexed as historical/local-only governed residue	registry/proofpack-index.jsonl existing governance entry	KEEP_LOCAL_AS_GOVERNED	default proof-pack path	proof_packs/PR_MAIN_SEAL_READINESS_2026-03-06_1752_5a48aa005/
proof_packs/PR_MAIN_SEAL_READINESS_2026-03-06_1752_5a48aa005/raw_baseline_sensitive_status.txt	688	LOCAL_ONLY_HISTORICAL	HISTORICAL_PROOFPACK_PATH	pack directory is indexed as historical/local-only governed residue	registry/proofpack-index.jsonl existing governance entry	KEEP_LOCAL_AS_GOVERNED	default proof-pack path	proof_packs/PR_MAIN_SEAL_READINESS_2026-03-06_1752_5a48aa005/
proof_packs/PR_MAIN_SEAL_READINESS_2026-03-06_1752_5a48aa005/raw_branch_protection.err	36	LOCAL_ONLY_HISTORICAL	HISTORICAL_PROOFPACK_PATH	pack directory is indexed as historical/local-only governed residue	registry/proofpack-index.jsonl existing governance entry	KEEP_LOCAL_AS_GOVERNED	default proof-pack path	proof_packs/PR_MAIN_SEAL_READINESS_2026-03-06_1752_5a48aa005/
proof_packs/PR_MAIN_SEAL_READINESS_2026-03-06_1752_5a48aa005/raw_branch_protection.json	149	LOCAL_ONLY_HISTORICAL	HISTORICAL_PROOFPACK_PATH	pack directory is indexed as historical/local-only governed residue	registry/proofpack-index.jsonl existing governance entry	KEEP_LOCAL_AS_GOVERNED	default proof-pack path	proof_packs/PR_MAIN_SEAL_READINESS_2026-03-06_1752_5a48aa005/
proof_packs/PR_MAIN_SEAL_READINESS_2026-03-06_1752_5a48aa005/raw_branch_protection_ec.txt	26	LOCAL_ONLY_HISTORICAL	HISTORICAL_PROOFPACK_PATH	pack directory is indexed as historical/local-only governed residue	registry/proofpack-index.jsonl existing governance entry	KEEP_LOCAL_AS_GOVERNED	default proof-pack path	proof_packs/PR_MAIN_SEAL_READINESS_2026-03-06_1752_5a48aa005/
proof_packs/PR_MAIN_SEAL_READINESS_2026-03-06_1752_5a48aa005/raw_diff_staged_names.txt	0	LOCAL_ONLY_HISTORICAL	HISTORICAL_PROOFPACK_PATH	pack directory is indexed as historical/local-only governed residue	registry/proofpack-index.jsonl existing governance entry	KEEP_LOCAL_AS_GOVERNED	default proof-pack path	proof_packs/PR_MAIN_SEAL_READINESS_2026-03-06_1752_5a48aa005/
proof_packs/PR_MAIN_SEAL_READINESS_2026-03-06_1752_5a48aa005/raw_diff_staged_stat.txt	0	LOCAL_ONLY_HISTORICAL	HISTORICAL_PROOFPACK_PATH	pack directory is indexed as historical/local-only governed residue	registry/proofpack-index.jsonl existing governance entry	KEEP_LOCAL_AS_GOVERNED	default proof-pack path	proof_packs/PR_MAIN_SEAL_READINESS_2026-03-06_1752_5a48aa005/
proof_packs/PR_MAIN_SEAL_READINESS_2026-03-06_1752_5a48aa005/raw_diff_unstaged_names.txt	95	LOCAL_ONLY_HISTORICAL	HISTORICAL_PROOFPACK_PATH	pack directory is indexed as historical/local-only governed residue	registry/proofpack-index.jsonl existing governance entry	KEEP_LOCAL_AS_GOVERNED	default proof-pack path	proof_packs/PR_MAIN_SEAL_READINESS_2026-03-06_1752_5a48aa005/
proof_packs/PR_MAIN_SEAL_READINESS_2026-03-06_1752_5a48aa005/raw_diff_unstaged_stat.txt	226	LOCAL_ONLY_HISTORICAL	HISTORICAL_PROOFPACK_PATH	pack directory is indexed as historical/local-only governed residue	registry/proofpack-index.jsonl existing governance entry	KEEP_LOCAL_AS_GOVERNED	default proof-pack path	proof_packs/PR_MAIN_SEAL_READINESS_2026-03-06_1752_5a48aa005/
proof_packs/PR_MAIN_SEAL_READINESS_2026-03-06_1752_5a48aa005/raw_final_sizes_and_status.txt	1058	LOCAL_ONLY_HISTORICAL	HISTORICAL_PROOFPACK_PATH	pack directory is indexed as historical/local-only governed residue	registry/proofpack-index.jsonl existing governance entry	KEEP_LOCAL_AS_GOVERNED	default proof-pack path	proof_packs/PR_MAIN_SEAL_READINESS_2026-03-06_1752_5a48aa005/
proof_packs/PR_MAIN_SEAL_READINESS_2026-03-06_1752_5a48aa005/raw_gate_exit_codes.txt	116	LOCAL_ONLY_HISTORICAL	HISTORICAL_PROOFPACK_PATH	pack directory is indexed as historical/local-only governed residue	registry/proofpack-index.jsonl existing governance entry	KEEP_LOCAL_AS_GOVERNED	default proof-pack path	proof_packs/PR_MAIN_SEAL_READINESS_2026-03-06_1752_5a48aa005/
proof_packs/PR_MAIN_SEAL_READINESS_2026-03-06_1752_5a48aa005/raw_gh_exit_codes.txt	51	LOCAL_ONLY_HISTORICAL	HISTORICAL_PROOFPACK_PATH	pack directory is indexed as historical/local-only governed residue	registry/proofpack-index.jsonl existing governance entry	KEEP_LOCAL_AS_GOVERNED	default proof-pack path	proof_packs/PR_MAIN_SEAL_READINESS_2026-03-06_1752_5a48aa005/
proof_packs/PR_MAIN_SEAL_READINESS_2026-03-06_1752_5a48aa005/raw_gh_pr_status.txt	249	LOCAL_ONLY_HISTORICAL	HISTORICAL_PROOFPACK_PATH	pack directory is indexed as historical/local-only governed residue	registry/proofpack-index.jsonl existing governance entry	KEEP_LOCAL_AS_GOVERNED	default proof-pack path	proof_packs/PR_MAIN_SEAL_READINESS_2026-03-06_1752_5a48aa005/
proof_packs/PR_MAIN_SEAL_READINESS_2026-03-06_1752_5a48aa005/raw_gh_pr_view.err	41	LOCAL_ONLY_HISTORICAL	HISTORICAL_PROOFPACK_PATH	pack directory is indexed as historical/local-only governed residue	registry/proofpack-index.jsonl existing governance entry	KEEP_LOCAL_AS_GOVERNED	default proof-pack path	proof_packs/PR_MAIN_SEAL_READINESS_2026-03-06_1752_5a48aa005/
proof_packs/PR_MAIN_SEAL_READINESS_2026-03-06_1752_5a48aa005/raw_gh_pr_view.json	0	LOCAL_ONLY_HISTORICAL	HISTORICAL_PROOFPACK_PATH	pack directory is indexed as historical/local-only governed residue	registry/proofpack-index.jsonl existing governance entry	KEEP_LOCAL_AS_GOVERNED	default proof-pack path	proof_packs/PR_MAIN_SEAL_READINESS_2026-03-06_1752_5a48aa005/
proof_packs/PR_MAIN_SEAL_READINESS_2026-03-06_1752_5a48aa005/raw_gh_run_list.err	0	LOCAL_ONLY_HISTORICAL	HISTORICAL_PROOFPACK_PATH	pack directory is indexed as historical/local-only governed residue	registry/proofpack-index.jsonl existing governance entry	KEEP_LOCAL_AS_GOVERNED	default proof-pack path	proof_packs/PR_MAIN_SEAL_READINESS_2026-03-06_1752_5a48aa005/
proof_packs/PR_MAIN_SEAL_READINESS_2026-03-06_1752_5a48aa005/raw_gh_run_list.json	2198	LOCAL_ONLY_HISTORICAL	HISTORICAL_PROOFPACK_PATH	pack directory is indexed as historical/local-only governed residue	registry/proofpack-index.jsonl existing governance entry	KEEP_LOCAL_AS_GOVERNED	default proof-pack path	proof_packs/PR_MAIN_SEAL_READINESS_2026-03-06_1752_5a48aa005/
proof_packs/PR_MAIN_SEAL_READINESS_2026-03-06_1752_5a48aa005/raw_gh_run_list.txt	1673	LOCAL_ONLY_HISTORICAL	HISTORICAL_PROOFPACK_PATH	pack directory is indexed as historical/local-only governed residue	registry/proofpack-index.jsonl existing governance entry	KEEP_LOCAL_AS_GOVERNED	default proof-pack path	proof_packs/PR_MAIN_SEAL_READINESS_2026-03-06_1752_5a48aa005/
proof_packs/PR_MAIN_SEAL_READINESS_2026-03-06_1752_5a48aa005/raw_git_branch.txt	5	LOCAL_ONLY_HISTORICAL	HISTORICAL_PROOFPACK_PATH	pack directory is indexed as historical/local-only governed residue	registry/proofpack-index.jsonl existing governance entry	KEEP_LOCAL_AS_GOVERNED	default proof-pack path	proof_packs/PR_MAIN_SEAL_READINESS_2026-03-06_1752_5a48aa005/
proof_packs/PR_MAIN_SEAL_READINESS_2026-03-06_1752_5a48aa005/raw_git_head_short.txt	10	LOCAL_ONLY_HISTORICAL	HISTORICAL_PROOFPACK_PATH	pack directory is indexed as historical/local-only governed residue	registry/proofpack-index.jsonl existing governance entry	KEEP_LOCAL_AS_GOVERNED	default proof-pack path	proof_packs/PR_MAIN_SEAL_READINESS_2026-03-06_1752_5a48aa005/
proof_packs/PR_MAIN_SEAL_READINESS_2026-03-06_1752_5a48aa005/raw_git_log20.txt	1528	LOCAL_ONLY_HISTORICAL	HISTORICAL_PROOFPACK_PATH	pack directory is indexed as historical/local-only governed residue	registry/proofpack-index.jsonl existing governance entry	KEEP_LOCAL_AS_GOVERNED	default proof-pack path	proof_packs/PR_MAIN_SEAL_READINESS_2026-03-06_1752_5a48aa005/
proof_packs/PR_MAIN_SEAL_READINESS_2026-03-06_1752_5a48aa005/raw_git_status.txt	782	LOCAL_ONLY_HISTORICAL	HISTORICAL_PROOFPACK_PATH	pack directory is indexed as historical/local-only governed residue	registry/proofpack-index.jsonl existing governance entry	KEEP_LOCAL_AS_GOVERNED	default proof-pack path	proof_packs/PR_MAIN_SEAL_READINESS_2026-03-06_1752_5a48aa005/
proof_packs/PR_MAIN_SEAL_READINESS_2026-03-06_1752_5a48aa005/raw_pack_integrity.txt	2066	LOCAL_ONLY_HISTORICAL	HISTORICAL_PROOFPACK_PATH	pack directory is indexed as historical/local-only governed residue	registry/proofpack-index.jsonl existing governance entry	KEEP_LOCAL_AS_GOVERNED	default proof-pack path	proof_packs/PR_MAIN_SEAL_READINESS_2026-03-06_1752_5a48aa005/
proof_packs/PR_MAIN_SEAL_READINESS_2026-03-06_1752_5a48aa005/raw_postdocs_gate_exit_codes.txt	42	LOCAL_ONLY_HISTORICAL	HISTORICAL_PROOFPACK_PATH	pack directory is indexed as historical/local-only governed residue	registry/proofpack-index.jsonl existing governance entry	KEEP_LOCAL_AS_GOVERNED	default proof-pack path	proof_packs/PR_MAIN_SEAL_READINESS_2026-03-06_1752_5a48aa005/
proof_packs/SEAL_READINESS_2026-03-07_1309_0af062e88/00_EXEC_SUMMARY.md	817	LOCAL_ONLY_HISTORICAL	HISTORICAL_PROOFPACK_PATH	pack directory is indexed as historical/local-only governed residue	registry/proofpack-index.jsonl existing governance entry	KEEP_LOCAL_AS_GOVERNED	default proof-pack path	proof_packs/SEAL_READINESS_2026-03-07_1309_0af062e88/
proof_packs/SEAL_READINESS_2026-03-07_1309_0af062e88/01_BOOTSTRAP.md	739	LOCAL_ONLY_HISTORICAL	HISTORICAL_PROOFPACK_PATH	pack directory is indexed as historical/local-only governed residue	registry/proofpack-index.jsonl existing governance entry	KEEP_LOCAL_AS_GOVERNED	default proof-pack path	proof_packs/SEAL_READINESS_2026-03-07_1309_0af062e88/
proof_packs/SEAL_READINESS_2026-03-07_1309_0af062e88/02_SCOPE_FREEZE.md	561	LOCAL_ONLY_HISTORICAL	HISTORICAL_PROOFPACK_PATH	pack directory is indexed as historical/local-only governed residue	registry/proofpack-index.jsonl existing governance entry	KEEP_LOCAL_AS_GOVERNED	default proof-pack path	proof_packs/SEAL_READINESS_2026-03-07_1309_0af062e88/
proof_packs/SEAL_READINESS_2026-03-07_1309_0af062e88/03_DIRTY_TREE_REALITY.md	906	LOCAL_ONLY_HISTORICAL	HISTORICAL_PROOFPACK_PATH	pack directory is indexed as historical/local-only governed residue	registry/proofpack-index.jsonl existing governance entry	KEEP_LOCAL_AS_GOVERNED	default proof-pack path	proof_packs/SEAL_READINESS_2026-03-07_1309_0af062e88/
proof_packs/SEAL_READINESS_2026-03-07_1309_0af062e88/04_RESIDUAL_SCOPE_CLASSIFICATION.md	1021	LOCAL_ONLY_HISTORICAL	HISTORICAL_PROOFPACK_PATH	pack directory is indexed as historical/local-only governed residue	registry/proofpack-index.jsonl existing governance entry	KEEP_LOCAL_AS_GOVERNED	default proof-pack path	proof_packs/SEAL_READINESS_2026-03-07_1309_0af062e88/
proof_packs/SEAL_READINESS_2026-03-07_1309_0af062e88/05_ARCHIVAL_NORMALIZATION_INVENTORY.md	1066	LOCAL_ONLY_HISTORICAL	HISTORICAL_PROOFPACK_PATH	pack directory is indexed as historical/local-only governed residue	registry/proofpack-index.jsonl existing governance entry	KEEP_LOCAL_AS_GOVERNED	default proof-pack path	proof_packs/SEAL_READINESS_2026-03-07_1309_0af062e88/
proof_packs/SEAL_READINESS_2026-03-07_1309_0af062e88/06_MERMAID_STATUS_PROTECTION.md	403	LOCAL_ONLY_HISTORICAL	HISTORICAL_PROOFPACK_PATH	pack directory is indexed as historical/local-only governed residue	registry/proofpack-index.jsonl existing governance entry	KEEP_LOCAL_AS_GOVERNED	default proof-pack path	proof_packs/SEAL_READINESS_2026-03-07_1309_0af062e88/
proof_packs/SEAL_READINESS_2026-03-07_1309_0af062e88/07_PATCHSETS_APPLIED.md	1522	LOCAL_ONLY_HISTORICAL	HISTORICAL_PROOFPACK_PATH	pack directory is indexed as historical/local-only governed residue	registry/proofpack-index.jsonl existing governance entry	KEEP_LOCAL_AS_GOVERNED	default proof-pack path	proof_packs/SEAL_READINESS_2026-03-07_1309_0af062e88/
proof_packs/SEAL_READINESS_2026-03-07_1309_0af062e88/09_SEAL_ELIGIBILITY_RECALC.md	481	LOCAL_ONLY_HISTORICAL	HISTORICAL_PROOFPACK_PATH	pack directory is indexed as historical/local-only governed residue	registry/proofpack-index.jsonl existing governance entry	KEEP_LOCAL_AS_GOVERNED	default proof-pack path	proof_packs/SEAL_READINESS_2026-03-07_1309_0af062e88/
proof_packs/SEAL_READINESS_2026-03-07_1309_0af062e88/10_COMMIT_READINESS.md	617	LOCAL_ONLY_HISTORICAL	HISTORICAL_PROOFPACK_PATH	pack directory is indexed as historical/local-only governed residue	registry/proofpack-index.jsonl existing governance entry	KEEP_LOCAL_AS_GOVERNED	default proof-pack path	proof_packs/SEAL_READINESS_2026-03-07_1309_0af062e88/
proof_packs/SEAL_READINESS_2026-03-07_1309_0af062e88/11_COUNTER_AUDIT.md	248	LOCAL_ONLY_HISTORICAL	HISTORICAL_PROOFPACK_PATH	pack directory is indexed as historical/local-only governed residue	registry/proofpack-index.jsonl existing governance entry	KEEP_LOCAL_AS_GOVERNED	default proof-pack path	proof_packs/SEAL_READINESS_2026-03-07_1309_0af062e88/
proof_packs/SEAL_READINESS_2026-03-07_1309_0af062e88/12_ROLLBACK.md	315	LOCAL_ONLY_HISTORICAL	HISTORICAL_PROOFPACK_PATH	pack directory is indexed as historical/local-only governed residue	registry/proofpack-index.jsonl existing governance entry	KEEP_LOCAL_AS_GOVERNED	default proof-pack path	proof_packs/SEAL_READINESS_2026-03-07_1309_0af062e88/
proof_packs/SEAL_READINESS_2026-03-07_1309_0af062e88/13_FINAL_VERDICT.md	366	LOCAL_ONLY_HISTORICAL	HISTORICAL_PROOFPACK_PATH	pack directory is indexed as historical/local-only governed residue	registry/proofpack-index.jsonl existing governance entry	KEEP_LOCAL_AS_GOVERNED	default proof-pack path	proof_packs/SEAL_READINESS_2026-03-07_1309_0af062e88/
proof_packs/SEAL_READINESS_2026-03-07_1309_0af062e88/ROLLBACK.md	128	LOCAL_ONLY_HISTORICAL	HISTORICAL_PROOFPACK_PATH	pack directory is indexed as historical/local-only governed residue	registry/proofpack-index.jsonl existing governance entry	KEEP_LOCAL_AS_GOVERNED	default proof-pack path	proof_packs/SEAL_READINESS_2026-03-07_1309_0af062e88/
proof_packs/SEAL_READINESS_2026-03-07_1309_0af062e88/VERDICT.md	96	LOCAL_ONLY_HISTORICAL	HISTORICAL_PROOFPACK_PATH	pack directory is indexed as historical/local-only governed residue	registry/proofpack-index.jsonl existing governance entry	KEEP_LOCAL_AS_GOVERNED	default proof-pack path	proof_packs/SEAL_READINESS_2026-03-07_1309_0af062e88/
proof_packs/SEAL_READINESS_2026-03-07_1309_0af062e88/raw/bootstrap_env.txt	413	LOCAL_ONLY_HISTORICAL	TEMPORARY_RAW_LOG_PATH	pack directory is indexed as historical/local-only governed residue	registry/proofpack-index.jsonl existing governance entry	KEEP_LOCAL_AS_GOVERNED	contains /raw/ execution evidence	proof_packs/SEAL_READINESS_2026-03-07_1309_0af062e88/
proof_packs/SEAL_READINESS_2026-03-07_1309_0af062e88/raw/bootstrap_env_clean.txt	166	LOCAL_ONLY_HISTORICAL	TEMPORARY_RAW_LOG_PATH	pack directory is indexed as historical/local-only governed residue	registry/proofpack-index.jsonl existing governance entry	KEEP_LOCAL_AS_GOVERNED	contains /raw/ execution evidence	proof_packs/SEAL_READINESS_2026-03-07_1309_0af062e88/
proof_packs/SEAL_READINESS_2026-03-07_1309_0af062e88/raw/dirty_category_counts.tsv	130	LOCAL_ONLY_HISTORICAL	TEMPORARY_RAW_LOG_PATH	pack directory is indexed as historical/local-only governed residue	registry/proofpack-index.jsonl existing governance entry	KEEP_LOCAL_AS_GOVERNED	contains /raw/ execution evidence	proof_packs/SEAL_READINESS_2026-03-07_1309_0af062e88/
proof_packs/SEAL_READINESS_2026-03-07_1309_0af062e88/raw/dirty_classification.tsv	4316	LOCAL_ONLY_HISTORICAL	TEMPORARY_RAW_LOG_PATH	pack directory is indexed as historical/local-only governed residue	registry/proofpack-index.jsonl existing governance entry	KEEP_LOCAL_AS_GOVERNED	contains /raw/ execution evidence	proof_packs/SEAL_READINESS_2026-03-07_1309_0af062e88/
proof_packs/SEAL_READINESS_2026-03-07_1309_0af062e88/raw/dirty_counts.env	452	LOCAL_ONLY_HISTORICAL	TEMPORARY_RAW_LOG_PATH	pack directory is indexed as historical/local-only governed residue	registry/proofpack-index.jsonl existing governance entry	KEEP_LOCAL_AS_GOVERNED	contains /raw/ execution evidence	proof_packs/SEAL_READINESS_2026-03-07_1309_0af062e88/
proof_packs/SEAL_READINESS_2026-03-07_1309_0af062e88/raw/find_core_surfaces.txt	664832	LOCAL_ONLY_HISTORICAL	TEMPORARY_RAW_LOG_PATH	pack directory is indexed as historical/local-only governed residue	registry/proofpack-index.jsonl existing governance entry	KEEP_LOCAL_AS_GOVERNED	contains /raw/ execution evidence	proof_packs/SEAL_READINESS_2026-03-07_1309_0af062e88/
proof_packs/SEAL_READINESS_2026-03-07_1309_0af062e88/raw/find_proof_packs_dirs.txt	8144	LOCAL_ONLY_HISTORICAL	TEMPORARY_RAW_LOG_PATH	pack directory is indexed as historical/local-only governed residue	registry/proofpack-index.jsonl existing governance entry	KEEP_LOCAL_AS_GOVERNED	contains /raw/ execution evidence	proof_packs/SEAL_READINESS_2026-03-07_1309_0af062e88/
proof_packs/SEAL_READINESS_2026-03-07_1309_0af062e88/raw/gate_exit_codes.tsv	410	LOCAL_ONLY_HISTORICAL	TEMPORARY_RAW_LOG_PATH	pack directory is indexed as historical/local-only governed residue	registry/proofpack-index.jsonl existing governance entry	KEEP_LOCAL_AS_GOVERNED	contains /raw/ execution evidence	proof_packs/SEAL_READINESS_2026-03-07_1309_0af062e88/
proof_packs/SEAL_READINESS_2026-03-07_1309_0af062e88/raw/git_diff_cached_name_only.txt	0	LOCAL_ONLY_HISTORICAL	TEMPORARY_RAW_LOG_PATH	pack directory is indexed as historical/local-only governed residue	registry/proofpack-index.jsonl existing governance entry	KEEP_LOCAL_AS_GOVERNED	contains /raw/ execution evidence	proof_packs/SEAL_READINESS_2026-03-07_1309_0af062e88/
proof_packs/SEAL_READINESS_2026-03-07_1309_0af062e88/raw/git_diff_cached_name_only_latest.txt	0	LOCAL_ONLY_HISTORICAL	TEMPORARY_RAW_LOG_PATH	pack directory is indexed as historical/local-only governed residue	registry/proofpack-index.jsonl existing governance entry	KEEP_LOCAL_AS_GOVERNED	contains /raw/ execution evidence	proof_packs/SEAL_READINESS_2026-03-07_1309_0af062e88/
proof_packs/SEAL_READINESS_2026-03-07_1309_0af062e88/raw/git_diff_name_only.txt	352	LOCAL_ONLY_HISTORICAL	TEMPORARY_RAW_LOG_PATH	pack directory is indexed as historical/local-only governed residue	registry/proofpack-index.jsonl existing governance entry	KEEP_LOCAL_AS_GOVERNED	contains /raw/ execution evidence	proof_packs/SEAL_READINESS_2026-03-07_1309_0af062e88/
proof_packs/SEAL_READINESS_2026-03-07_1309_0af062e88/raw/git_diff_name_only_latest.txt	352	LOCAL_ONLY_HISTORICAL	TEMPORARY_RAW_LOG_PATH	pack directory is indexed as historical/local-only governed residue	registry/proofpack-index.jsonl existing governance entry	KEEP_LOCAL_AS_GOVERNED	contains /raw/ execution evidence	proof_packs/SEAL_READINESS_2026-03-07_1309_0af062e88/
proof_packs/SEAL_READINESS_2026-03-07_1309_0af062e88/raw/git_log_20_oneline.txt	1318	LOCAL_ONLY_HISTORICAL	TEMPORARY_RAW_LOG_PATH	pack directory is indexed as historical/local-only governed residue	registry/proofpack-index.jsonl existing governance entry	KEEP_LOCAL_AS_GOVERNED	contains /raw/ execution evidence	proof_packs/SEAL_READINESS_2026-03-07_1309_0af062e88/
proof_packs/SEAL_READINESS_2026-03-07_1309_0af062e88/raw/git_rev_parse_short.txt	10	LOCAL_ONLY_HISTORICAL	TEMPORARY_RAW_LOG_PATH	pack directory is indexed as historical/local-only governed residue	registry/proofpack-index.jsonl existing governance entry	KEEP_LOCAL_AS_GOVERNED	contains /raw/ execution evidence	proof_packs/SEAL_READINESS_2026-03-07_1309_0af062e88/
proof_packs/SEAL_READINESS_2026-03-07_1309_0af062e88/raw/git_status.txt	2762	LOCAL_ONLY_HISTORICAL	TEMPORARY_RAW_LOG_PATH	pack directory is indexed as historical/local-only governed residue	registry/proofpack-index.jsonl existing governance entry	KEEP_LOCAL_AS_GOVERNED	contains /raw/ execution evidence	proof_packs/SEAL_READINESS_2026-03-07_1309_0af062e88/
proof_packs/SEAL_READINESS_2026-03-07_1309_0af062e88/raw/git_status_porcelain.txt	2098	LOCAL_ONLY_HISTORICAL	TEMPORARY_RAW_LOG_PATH	pack directory is indexed as historical/local-only governed residue	registry/proofpack-index.jsonl existing governance entry	KEEP_LOCAL_AS_GOVERNED	contains /raw/ execution evidence	proof_packs/SEAL_READINESS_2026-03-07_1309_0af062e88/
proof_packs/SEAL_READINESS_2026-03-07_1309_0af062e88/raw/git_status_porcelain_latest.txt	2098	LOCAL_ONLY_HISTORICAL	TEMPORARY_RAW_LOG_PATH	pack directory is indexed as historical/local-only governed residue	registry/proofpack-index.jsonl existing governance entry	KEEP_LOCAL_AS_GOVERNED	contains /raw/ execution evidence	proof_packs/SEAL_READINESS_2026-03-07_1309_0af062e88/
proof_packs/SEAL_READINESS_2026-03-07_1309_0af062e88/raw/git_status_sb.txt	2120	LOCAL_ONLY_HISTORICAL	TEMPORARY_RAW_LOG_PATH	pack directory is indexed as historical/local-only governed residue	registry/proofpack-index.jsonl existing governance entry	KEEP_LOCAL_AS_GOVERNED	contains /raw/ execution evidence	proof_packs/SEAL_READINESS_2026-03-07_1309_0af062e88/
proof_packs/SEAL_READINESS_2026-03-07_1309_0af062e88/raw/git_status_short.txt	2098	LOCAL_ONLY_HISTORICAL	TEMPORARY_RAW_LOG_PATH	pack directory is indexed as historical/local-only governed residue	registry/proofpack-index.jsonl existing governance entry	KEEP_LOCAL_AS_GOVERNED	contains /raw/ execution evidence	proof_packs/SEAL_READINESS_2026-03-07_1309_0af062e88/
proof_packs/SEAL_READINESS_2026-03-07_1309_0af062e88/raw/git_status_short_latest.txt	2098	LOCAL_ONLY_HISTORICAL	TEMPORARY_RAW_LOG_PATH	pack directory is indexed as historical/local-only governed residue	registry/proofpack-index.jsonl existing governance entry	KEEP_LOCAL_AS_GOVERNED	contains /raw/ execution evidence	proof_packs/SEAL_READINESS_2026-03-07_1309_0af062e88/
proof_packs/SEAL_READINESS_2026-03-07_1309_0af062e88/raw/untracked_proof_packs_inventory.tsv	2201	LOCAL_ONLY_HISTORICAL	TEMPORARY_RAW_LOG_PATH	pack directory is indexed as historical/local-only governed residue	registry/proofpack-index.jsonl existing governance entry	KEEP_LOCAL_AS_GOVERNED	contains /raw/ execution evidence	proof_packs/SEAL_READINESS_2026-03-07_1309_0af062e88/
proof_packs/SEAL_READINESS_2026-03-07_1309_0af062e88/raw/untracked_proof_packs_top10.tsv	756	LOCAL_ONLY_HISTORICAL	TEMPORARY_RAW_LOG_PATH	pack directory is indexed as historical/local-only governed residue	registry/proofpack-index.jsonl existing governance entry	KEEP_LOCAL_AS_GOVERNED	contains /raw/ execution evidence	proof_packs/SEAL_READINESS_2026-03-07_1309_0af062e88/
proof_packs/SENTINEL_STANDBY_MODE_2026-03-07_1305_757ae4d4c/00_EXEC_SUMMARY.md	614	LOCAL_ONLY_HISTORICAL	HISTORICAL_PROOFPACK_PATH	pack directory is indexed as historical/local-only governed residue	registry/proofpack-index.jsonl existing governance entry	KEEP_LOCAL_AS_GOVERNED	default proof-pack path	proof_packs/SENTINEL_STANDBY_MODE_2026-03-07_1305_757ae4d4c/
proof_packs/SENTINEL_STANDBY_MODE_2026-03-07_1305_757ae4d4c/01_BOOTSTRAP.md	629	LOCAL_ONLY_HISTORICAL	HISTORICAL_PROOFPACK_PATH	pack directory is indexed as historical/local-only governed residue	registry/proofpack-index.jsonl existing governance entry	KEEP_LOCAL_AS_GOVERNED	default proof-pack path	proof_packs/SENTINEL_STANDBY_MODE_2026-03-07_1305_757ae4d4c/
proof_packs/SENTINEL_STANDBY_MODE_2026-03-07_1305_757ae4d4c/02_BASELINE_STANDBY_REFERENCE.md	891	LOCAL_ONLY_HISTORICAL	HISTORICAL_PROOFPACK_PATH	pack directory is indexed as historical/local-only governed residue	registry/proofpack-index.jsonl existing governance entry	KEEP_LOCAL_AS_GOVERNED	default proof-pack path	proof_packs/SENTINEL_STANDBY_MODE_2026-03-07_1305_757ae4d4c/
proof_packs/SENTINEL_STANDBY_MODE_2026-03-07_1305_757ae4d4c/03_SENTINEL_TRIGGERS.md	1025	LOCAL_ONLY_HISTORICAL	HISTORICAL_PROOFPACK_PATH	pack directory is indexed as historical/local-only governed residue	registry/proofpack-index.jsonl existing governance entry	KEEP_LOCAL_AS_GOVERNED	default proof-pack path	proof_packs/SENTINEL_STANDBY_MODE_2026-03-07_1305_757ae4d4c/
proof_packs/SENTINEL_STANDBY_MODE_2026-03-07_1305_757ae4d4c/04_LIGHT_SNAPSHOT.md	816	LOCAL_ONLY_HISTORICAL	HISTORICAL_PROOFPACK_PATH	pack directory is indexed as historical/local-only governed residue	registry/proofpack-index.jsonl existing governance entry	KEEP_LOCAL_AS_GOVERNED	default proof-pack path	proof_packs/SENTINEL_STANDBY_MODE_2026-03-07_1305_757ae4d4c/
proof_packs/SENTINEL_STANDBY_MODE_2026-03-07_1305_757ae4d4c/05_WAKE_CONDITIONS.md	1308	LOCAL_ONLY_HISTORICAL	HISTORICAL_PROOFPACK_PATH	pack directory is indexed as historical/local-only governed residue	registry/proofpack-index.jsonl existing governance entry	KEEP_LOCAL_AS_GOVERNED	default proof-pack path	proof_packs/SENTINEL_STANDBY_MODE_2026-03-07_1305_757ae4d4c/
proof_packs/SENTINEL_STANDBY_MODE_2026-03-07_1305_757ae4d4c/06_STANDBY_DECISION.md	1171	LOCAL_ONLY_HISTORICAL	HISTORICAL_PROOFPACK_PATH	pack directory is indexed as historical/local-only governed residue	registry/proofpack-index.jsonl existing governance entry	KEEP_LOCAL_AS_GOVERNED	default proof-pack path	proof_packs/SENTINEL_STANDBY_MODE_2026-03-07_1305_757ae4d4c/
proof_packs/SENTINEL_STANDBY_MODE_2026-03-07_1305_757ae4d4c/ROLLBACK.md	188	LOCAL_ONLY_HISTORICAL	HISTORICAL_PROOFPACK_PATH	pack directory is indexed as historical/local-only governed residue	registry/proofpack-index.jsonl existing governance entry	KEEP_LOCAL_AS_GOVERNED	default proof-pack path	proof_packs/SENTINEL_STANDBY_MODE_2026-03-07_1305_757ae4d4c/
proof_packs/SENTINEL_STANDBY_MODE_2026-03-07_1305_757ae4d4c/VERDICT.md	162	LOCAL_ONLY_HISTORICAL	HISTORICAL_PROOFPACK_PATH	pack directory is indexed as historical/local-only governed residue	registry/proofpack-index.jsonl existing governance entry	KEEP_LOCAL_AS_GOVERNED	default proof-pack path	proof_packs/SENTINEL_STANDBY_MODE_2026-03-07_1305_757ae4d4c/
proof_packs/SENTINEL_STANDBY_MODE_2026-03-07_1305_757ae4d4c/raw/baseline_reference.txt	58	LOCAL_ONLY_HISTORICAL	TEMPORARY_RAW_LOG_PATH	pack directory is indexed as historical/local-only governed residue	registry/proofpack-index.jsonl existing governance entry	KEEP_LOCAL_AS_GOVERNED	contains /raw/ execution evidence	proof_packs/SENTINEL_STANDBY_MODE_2026-03-07_1305_757ae4d4c/
proof_packs/SENTINEL_STANDBY_MODE_2026-03-07_1305_757ae4d4c/raw/ci_latest_metrics.txt	74	LOCAL_ONLY_HISTORICAL	TEMPORARY_RAW_LOG_PATH	pack directory is indexed as historical/local-only governed residue	registry/proofpack-index.jsonl existing governance entry	KEEP_LOCAL_AS_GOVERNED	contains /raw/ execution evidence	proof_packs/SENTINEL_STANDBY_MODE_2026-03-07_1305_757ae4d4c/
proof_packs/SENTINEL_STANDBY_MODE_2026-03-07_1305_757ae4d4c/raw/ci_latest_runs.json	4865	LOCAL_ONLY_HISTORICAL	TEMPORARY_RAW_LOG_PATH	pack directory is indexed as historical/local-only governed residue	registry/proofpack-index.jsonl existing governance entry	KEEP_LOCAL_AS_GOVERNED	contains /raw/ execution evidence	proof_packs/SENTINEL_STANDBY_MODE_2026-03-07_1305_757ae4d4c/
proof_packs/SENTINEL_STANDBY_MODE_2026-03-07_1305_757ae4d4c/raw/drift_check_metrics.txt	67	LOCAL_ONLY_HISTORICAL	TEMPORARY_RAW_LOG_PATH	pack directory is indexed as historical/local-only governed residue	registry/proofpack-index.jsonl existing governance entry	KEEP_LOCAL_AS_GOVERNED	contains /raw/ execution evidence	proof_packs/SENTINEL_STANDBY_MODE_2026-03-07_1305_757ae4d4c/
proof_packs/SENTINEL_STANDBY_MODE_2026-03-07_1305_757ae4d4c/raw/entry_signal_current.txt	243	LOCAL_ONLY_HISTORICAL	TEMPORARY_RAW_LOG_PATH	pack directory is indexed as historical/local-only governed residue	registry/proofpack-index.jsonl existing governance entry	KEEP_LOCAL_AS_GOVERNED	contains /raw/ execution evidence	proof_packs/SENTINEL_STANDBY_MODE_2026-03-07_1305_757ae4d4c/
proof_packs/SENTINEL_STANDBY_MODE_2026-03-07_1305_757ae4d4c/raw/git_branch_show_current.txt	5	LOCAL_ONLY_HISTORICAL	TEMPORARY_RAW_LOG_PATH	pack directory is indexed as historical/local-only governed residue	registry/proofpack-index.jsonl existing governance entry	KEEP_LOCAL_AS_GOVERNED	contains /raw/ execution evidence	proof_packs/SENTINEL_STANDBY_MODE_2026-03-07_1305_757ae4d4c/
proof_packs/SENTINEL_STANDBY_MODE_2026-03-07_1305_757ae4d4c/raw/git_log_10_oneline.txt	714	LOCAL_ONLY_HISTORICAL	TEMPORARY_RAW_LOG_PATH	pack directory is indexed as historical/local-only governed residue	registry/proofpack-index.jsonl existing governance entry	KEEP_LOCAL_AS_GOVERNED	contains /raw/ execution evidence	proof_packs/SENTINEL_STANDBY_MODE_2026-03-07_1305_757ae4d4c/
proof_packs/SENTINEL_STANDBY_MODE_2026-03-07_1305_757ae4d4c/raw/git_rev_parse_short.txt	10	LOCAL_ONLY_HISTORICAL	TEMPORARY_RAW_LOG_PATH	pack directory is indexed as historical/local-only governed residue	registry/proofpack-index.jsonl existing governance entry	KEEP_LOCAL_AS_GOVERNED	contains /raw/ execution evidence	proof_packs/SENTINEL_STANDBY_MODE_2026-03-07_1305_757ae4d4c/
proof_packs/SENTINEL_STANDBY_MODE_2026-03-07_1305_757ae4d4c/raw/git_status_short.txt	778	LOCAL_ONLY_HISTORICAL	TEMPORARY_RAW_LOG_PATH	pack directory is indexed as historical/local-only governed residue	registry/proofpack-index.jsonl existing governance entry	KEEP_LOCAL_AS_GOVERNED	contains /raw/ execution evidence	proof_packs/SENTINEL_STANDBY_MODE_2026-03-07_1305_757ae4d4c/
proof_packs/SENTINEL_STANDBY_MODE_2026-03-07_1305_757ae4d4c/raw/monitor_VERDICT.md	101	LOCAL_ONLY_HISTORICAL	TEMPORARY_RAW_LOG_PATH	pack directory is indexed as historical/local-only governed residue	registry/proofpack-index.jsonl existing governance entry	KEEP_LOCAL_AS_GOVERNED	contains /raw/ execution evidence	proof_packs/SENTINEL_STANDBY_MODE_2026-03-07_1305_757ae4d4c/
proof_packs/SENTINEL_STANDBY_MODE_2026-03-07_1305_757ae4d4c/raw/monitor_pack_exists.txt	60	LOCAL_ONLY_HISTORICAL	TEMPORARY_RAW_LOG_PATH	pack directory is indexed as historical/local-only governed residue	registry/proofpack-index.jsonl existing governance entry	KEEP_LOCAL_AS_GOVERNED	contains /raw/ execution evidence	proof_packs/SENTINEL_STANDBY_MODE_2026-03-07_1305_757ae4d4c/
proof_packs/SENTINEL_STANDBY_MODE_2026-03-07_1305_757ae4d4c/raw/standby_decision_eval.txt	170	LOCAL_ONLY_HISTORICAL	TEMPORARY_RAW_LOG_PATH	pack directory is indexed as historical/local-only governed residue	registry/proofpack-index.jsonl existing governance entry	KEEP_LOCAL_AS_GOVERNED	contains /raw/ execution evidence	proof_packs/SENTINEL_STANDBY_MODE_2026-03-07_1305_757ae4d4c/
proof_packs/SENTINEL_STANDBY_MODE_2026-03-07_1305_757ae4d4c/raw/workspace_snapshot_metrics.txt	106	LOCAL_ONLY_HISTORICAL	TEMPORARY_RAW_LOG_PATH	pack directory is indexed as historical/local-only governed residue	registry/proofpack-index.jsonl existing governance entry	KEEP_LOCAL_AS_GOVERNED	contains /raw/ execution evidence	proof_packs/SENTINEL_STANDBY_MODE_2026-03-07_1305_757ae4d4c/
proof_packs/TERMINAL_IDLE_ARCHIVE_2026-03-07_0855_757ae4d4c/00_EXEC_SUMMARY.md	758	LOCAL_ONLY_HISTORICAL	HISTORICAL_PROOFPACK_PATH	pack directory is indexed as historical/local-only governed residue	registry/proofpack-index.jsonl existing governance entry	KEEP_LOCAL_AS_GOVERNED	default proof-pack path	proof_packs/TERMINAL_IDLE_ARCHIVE_2026-03-07_0855_757ae4d4c/
proof_packs/TERMINAL_IDLE_ARCHIVE_2026-03-07_0855_757ae4d4c/01_TERMINAL_STATE_REFERENCE.md	1051	LOCAL_ONLY_HISTORICAL	HISTORICAL_PROOFPACK_PATH	pack directory is indexed as historical/local-only governed residue	registry/proofpack-index.jsonl existing governance entry	KEEP_LOCAL_AS_GOVERNED	default proof-pack path	proof_packs/TERMINAL_IDLE_ARCHIVE_2026-03-07_0855_757ae4d4c/
proof_packs/TERMINAL_IDLE_ARCHIVE_2026-03-07_0855_757ae4d4c/02_CHAIN_COMPLETENESS.md	874	LOCAL_ONLY_HISTORICAL	HISTORICAL_PROOFPACK_PATH	pack directory is indexed as historical/local-only governed residue	registry/proofpack-index.jsonl existing governance entry	KEEP_LOCAL_AS_GOVERNED	default proof-pack path	proof_packs/TERMINAL_IDLE_ARCHIVE_2026-03-07_0855_757ae4d4c/
proof_packs/TERMINAL_IDLE_ARCHIVE_2026-03-07_0855_757ae4d4c/03_NO_FURTHER_AUTORUN_RULE.md	717	LOCAL_ONLY_HISTORICAL	HISTORICAL_PROOFPACK_PATH	pack directory is indexed as historical/local-only governed residue	registry/proofpack-index.jsonl existing governance entry	KEEP_LOCAL_AS_GOVERNED	default proof-pack path	proof_packs/TERMINAL_IDLE_ARCHIVE_2026-03-07_0855_757ae4d4c/
proof_packs/TERMINAL_IDLE_ARCHIVE_2026-03-07_0855_757ae4d4c/04_DORMANT_TEMPLATE_REFERENCE.md	927	LOCAL_ONLY_HISTORICAL	HISTORICAL_PROOFPACK_PATH	pack directory is indexed as historical/local-only governed residue	registry/proofpack-index.jsonl existing governance entry	KEEP_LOCAL_AS_GOVERNED	default proof-pack path	proof_packs/TERMINAL_IDLE_ARCHIVE_2026-03-07_0855_757ae4d4c/
proof_packs/TERMINAL_IDLE_ARCHIVE_2026-03-07_0855_757ae4d4c/05_FINAL_ARCHIVE_INDEX.md	1213	LOCAL_ONLY_HISTORICAL	CURRENT_INDEX_PATH	pack directory is indexed as historical/local-only governed residue	registry/proofpack-index.jsonl existing governance entry	KEEP_LOCAL_AS_GOVERNED	name/path indicates index material	proof_packs/TERMINAL_IDLE_ARCHIVE_2026-03-07_0855_757ae4d4c/
proof_packs/TERMINAL_IDLE_ARCHIVE_2026-03-07_0855_757ae4d4c/06_TERMINAL_HANDOFF.md	832	LOCAL_ONLY_HISTORICAL	HISTORICAL_PROOFPACK_PATH	pack directory is indexed as historical/local-only governed residue	registry/proofpack-index.jsonl existing governance entry	KEEP_LOCAL_AS_GOVERNED	default proof-pack path	proof_packs/TERMINAL_IDLE_ARCHIVE_2026-03-07_0855_757ae4d4c/
proof_packs/TERMINAL_IDLE_ARCHIVE_2026-03-07_0855_757ae4d4c/ROLLBACK.md	171	LOCAL_ONLY_HISTORICAL	HISTORICAL_PROOFPACK_PATH	pack directory is indexed as historical/local-only governed residue	registry/proofpack-index.jsonl existing governance entry	KEEP_LOCAL_AS_GOVERNED	default proof-pack path	proof_packs/TERMINAL_IDLE_ARCHIVE_2026-03-07_0855_757ae4d4c/
proof_packs/TERMINAL_IDLE_ARCHIVE_2026-03-07_0855_757ae4d4c/VERDICT.md	336	LOCAL_ONLY_HISTORICAL	HISTORICAL_PROOFPACK_PATH	pack directory is indexed as historical/local-only governed residue	registry/proofpack-index.jsonl existing governance entry	KEEP_LOCAL_AS_GOVERNED	default proof-pack path	proof_packs/TERMINAL_IDLE_ARCHIVE_2026-03-07_0855_757ae4d4c/
proof_packs/TERMINAL_IDLE_ARCHIVE_2026-03-07_0855_757ae4d4c/raw/bootstrap_summary.txt	307	LOCAL_ONLY_HISTORICAL	TEMPORARY_RAW_LOG_PATH	pack directory is indexed as historical/local-only governed residue	registry/proofpack-index.jsonl existing governance entry	KEEP_LOCAL_AS_GOVERNED	contains /raw/ execution evidence	proof_packs/TERMINAL_IDLE_ARCHIVE_2026-03-07_0855_757ae4d4c/
proof_packs/TERMINAL_IDLE_ARCHIVE_2026-03-07_0855_757ae4d4c/raw/check_baseline_from_idle.txt	32	LOCAL_ONLY_HISTORICAL	TEMPORARY_RAW_LOG_PATH	pack directory is indexed as historical/local-only governed residue	registry/proofpack-index.jsonl existing governance entry	KEEP_LOCAL_AS_GOVERNED	contains /raw/ execution evidence	proof_packs/TERMINAL_IDLE_ARCHIVE_2026-03-07_0855_757ae4d4c/
proof_packs/TERMINAL_IDLE_ARCHIVE_2026-03-07_0855_757ae4d4c/raw/check_baseline_from_omega.txt	32	LOCAL_ONLY_HISTORICAL	TEMPORARY_RAW_LOG_PATH	pack directory is indexed as historical/local-only governed residue	registry/proofpack-index.jsonl existing governance entry	KEEP_LOCAL_AS_GOVERNED	contains /raw/ execution evidence	proof_packs/TERMINAL_IDLE_ARCHIVE_2026-03-07_0855_757ae4d4c/
proof_packs/TERMINAL_IDLE_ARCHIVE_2026-03-07_0855_757ae4d4c/raw/check_baseline_from_reentry.txt	32	LOCAL_ONLY_HISTORICAL	TEMPORARY_RAW_LOG_PATH	pack directory is indexed as historical/local-only governed residue	registry/proofpack-index.jsonl existing governance entry	KEEP_LOCAL_AS_GOVERNED	contains /raw/ execution evidence	proof_packs/TERMINAL_IDLE_ARCHIVE_2026-03-07_0855_757ae4d4c/
proof_packs/TERMINAL_IDLE_ARCHIVE_2026-03-07_0855_757ae4d4c/raw/check_baseline_from_wake.txt	32	LOCAL_ONLY_HISTORICAL	TEMPORARY_RAW_LOG_PATH	pack directory is indexed as historical/local-only governed residue	registry/proofpack-index.jsonl existing governance entry	KEEP_LOCAL_AS_GOVERNED	contains /raw/ execution evidence	proof_packs/TERMINAL_IDLE_ARCHIVE_2026-03-07_0855_757ae4d4c/
proof_packs/TERMINAL_IDLE_ARCHIVE_2026-03-07_0855_757ae4d4c/raw/check_state_governed_idle_confirmed.txt	42	LOCAL_ONLY_HISTORICAL	TEMPORARY_RAW_LOG_PATH	pack directory is indexed as historical/local-only governed residue	registry/proofpack-index.jsonl existing governance entry	KEEP_LOCAL_AS_GOVERNED	contains /raw/ execution evidence	proof_packs/TERMINAL_IDLE_ARCHIVE_2026-03-07_0855_757ae4d4c/
proof_packs/TERMINAL_IDLE_ARCHIVE_2026-03-07_0855_757ae4d4c/raw/check_state_omega_dormant_registered.txt	52	LOCAL_ONLY_HISTORICAL	TEMPORARY_RAW_LOG_PATH	pack directory is indexed as historical/local-only governed residue	registry/proofpack-index.jsonl existing governance entry	KEEP_LOCAL_AS_GOVERNED	contains /raw/ execution evidence	proof_packs/TERMINAL_IDLE_ARCHIVE_2026-03-07_0855_757ae4d4c/
proof_packs/TERMINAL_IDLE_ARCHIVE_2026-03-07_0855_757ae4d4c/raw/check_state_return_to_idle_confirmed.txt	52	LOCAL_ONLY_HISTORICAL	TEMPORARY_RAW_LOG_PATH	pack directory is indexed as historical/local-only governed residue	registry/proofpack-index.jsonl existing governance entry	KEEP_LOCAL_AS_GOVERNED	contains /raw/ execution evidence	proof_packs/TERMINAL_IDLE_ARCHIVE_2026-03-07_0855_757ae4d4c/
proof_packs/TERMINAL_IDLE_ARCHIVE_2026-03-07_0855_757ae4d4c/raw/check_state_wake_protocol_ready.txt	38	LOCAL_ONLY_HISTORICAL	TEMPORARY_RAW_LOG_PATH	pack directory is indexed as historical/local-only governed residue	registry/proofpack-index.jsonl existing governance entry	KEEP_LOCAL_AS_GOVERNED	contains /raw/ execution evidence	proof_packs/TERMINAL_IDLE_ARCHIVE_2026-03-07_0855_757ae4d4c/
proof_packs/TERMINAL_IDLE_ARCHIVE_2026-03-07_0855_757ae4d4c/raw/git_branch_show_current.txt	5	LOCAL_ONLY_HISTORICAL	TEMPORARY_RAW_LOG_PATH	pack directory is indexed as historical/local-only governed residue	registry/proofpack-index.jsonl existing governance entry	KEEP_LOCAL_AS_GOVERNED	contains /raw/ execution evidence	proof_packs/TERMINAL_IDLE_ARCHIVE_2026-03-07_0855_757ae4d4c/
proof_packs/TERMINAL_IDLE_ARCHIVE_2026-03-07_0855_757ae4d4c/raw/git_rev_parse_short.txt	10	LOCAL_ONLY_HISTORICAL	TEMPORARY_RAW_LOG_PATH	pack directory is indexed as historical/local-only governed residue	registry/proofpack-index.jsonl existing governance entry	KEEP_LOCAL_AS_GOVERNED	contains /raw/ execution evidence	proof_packs/TERMINAL_IDLE_ARCHIVE_2026-03-07_0855_757ae4d4c/
proof_packs/TERMINAL_IDLE_ARCHIVE_2026-03-07_0855_757ae4d4c/raw/git_status_short.txt	1197	LOCAL_ONLY_HISTORICAL	TEMPORARY_RAW_LOG_PATH	pack directory is indexed as historical/local-only governed residue	registry/proofpack-index.jsonl existing governance entry	KEEP_LOCAL_AS_GOVERNED	contains /raw/ execution evidence	proof_packs/TERMINAL_IDLE_ARCHIVE_2026-03-07_0855_757ae4d4c/
proof_packs/TERMINAL_IDLE_ARCHIVE_2026-03-07_0855_757ae4d4c/raw/reference_idle_pack.txt	60	LOCAL_ONLY_HISTORICAL	TEMPORARY_RAW_LOG_PATH	pack directory is indexed as historical/local-only governed residue	registry/proofpack-index.jsonl existing governance entry	KEEP_LOCAL_AS_GOVERNED	contains /raw/ execution evidence	proof_packs/TERMINAL_IDLE_ARCHIVE_2026-03-07_0855_757ae4d4c/
proof_packs/TERMINAL_IDLE_ARCHIVE_2026-03-07_0855_757ae4d4c/raw/reference_idle_verdict.md	315	LOCAL_ONLY_HISTORICAL	TEMPORARY_RAW_LOG_PATH	pack directory is indexed as historical/local-only governed residue	registry/proofpack-index.jsonl existing governance entry	KEEP_LOCAL_AS_GOVERNED	contains /raw/ execution evidence	proof_packs/TERMINAL_IDLE_ARCHIVE_2026-03-07_0855_757ae4d4c/
proof_packs/TERMINAL_IDLE_ARCHIVE_2026-03-07_0855_757ae4d4c/raw/reference_omega_pack.txt	68	LOCAL_ONLY_HISTORICAL	TEMPORARY_RAW_LOG_PATH	pack directory is indexed as historical/local-only governed residue	registry/proofpack-index.jsonl existing governance entry	KEEP_LOCAL_AS_GOVERNED	contains /raw/ execution evidence	proof_packs/TERMINAL_IDLE_ARCHIVE_2026-03-07_0855_757ae4d4c/
proof_packs/TERMINAL_IDLE_ARCHIVE_2026-03-07_0855_757ae4d4c/raw/reference_omega_verdict.md	234	LOCAL_ONLY_HISTORICAL	TEMPORARY_RAW_LOG_PATH	pack directory is indexed as historical/local-only governed residue	registry/proofpack-index.jsonl existing governance entry	KEEP_LOCAL_AS_GOVERNED	contains /raw/ execution evidence	proof_packs/TERMINAL_IDLE_ARCHIVE_2026-03-07_0855_757ae4d4c/
proof_packs/TERMINAL_IDLE_ARCHIVE_2026-03-07_0855_757ae4d4c/raw/reference_reentry_pack.txt	75	LOCAL_ONLY_HISTORICAL	TEMPORARY_RAW_LOG_PATH	pack directory is indexed as historical/local-only governed residue	registry/proofpack-index.jsonl existing governance entry	KEEP_LOCAL_AS_GOVERNED	contains /raw/ execution evidence	proof_packs/TERMINAL_IDLE_ARCHIVE_2026-03-07_0855_757ae4d4c/
proof_packs/TERMINAL_IDLE_ARCHIVE_2026-03-07_0855_757ae4d4c/raw/reference_reentry_verdict.md	206	LOCAL_ONLY_HISTORICAL	TEMPORARY_RAW_LOG_PATH	pack directory is indexed as historical/local-only governed residue	registry/proofpack-index.jsonl existing governance entry	KEEP_LOCAL_AS_GOVERNED	contains /raw/ execution evidence	proof_packs/TERMINAL_IDLE_ARCHIVE_2026-03-07_0855_757ae4d4c/
proof_packs/TERMINAL_IDLE_ARCHIVE_2026-03-07_0855_757ae4d4c/raw/reference_wake_pack.txt	64	LOCAL_ONLY_HISTORICAL	TEMPORARY_RAW_LOG_PATH	pack directory is indexed as historical/local-only governed residue	registry/proofpack-index.jsonl existing governance entry	KEEP_LOCAL_AS_GOVERNED	contains /raw/ execution evidence	proof_packs/TERMINAL_IDLE_ARCHIVE_2026-03-07_0855_757ae4d4c/
proof_packs/TERMINAL_IDLE_ARCHIVE_2026-03-07_0855_757ae4d4c/raw/reference_wake_verdict.md	263	LOCAL_ONLY_HISTORICAL	TEMPORARY_RAW_LOG_PATH	pack directory is indexed as historical/local-only governed residue	registry/proofpack-index.jsonl existing governance entry	KEEP_LOCAL_AS_GOVERNED	contains /raw/ execution evidence	proof_packs/TERMINAL_IDLE_ARCHIVE_2026-03-07_0855_757ae4d4c/
proof_packs/TRUTH_HEAL_MAPS_2026-03-07_1249_0af062e88/00_EXEC_SUMMARY.md	1063	LOCAL_ONLY_HISTORICAL	HISTORICAL_PROOFPACK_PATH	pack directory is indexed as historical/local-only governed residue	registry/proofpack-index.jsonl existing governance entry	KEEP_LOCAL_AS_GOVERNED	default proof-pack path	proof_packs/TRUTH_HEAL_MAPS_2026-03-07_1249_0af062e88/
proof_packs/TRUTH_HEAL_MAPS_2026-03-07_1249_0af062e88/01_BOOTSTRAP.md	782	LOCAL_ONLY_HISTORICAL	HISTORICAL_PROOFPACK_PATH	pack directory is indexed as historical/local-only governed residue	registry/proofpack-index.jsonl existing governance entry	KEEP_LOCAL_AS_GOVERNED	default proof-pack path	proof_packs/TRUTH_HEAL_MAPS_2026-03-07_1249_0af062e88/
proof_packs/TRUTH_HEAL_MAPS_2026-03-07_1249_0af062e88/02_SCOPE_FREEZE.md	604	LOCAL_ONLY_HISTORICAL	HISTORICAL_PROOFPACK_PATH	pack directory is indexed as historical/local-only governed residue	registry/proofpack-index.jsonl existing governance entry	KEEP_LOCAL_AS_GOVERNED	default proof-pack path	proof_packs/TRUTH_HEAL_MAPS_2026-03-07_1249_0af062e88/
proof_packs/TRUTH_HEAL_MAPS_2026-03-07_1249_0af062e88/03_INVENTORY.md	1457	LOCAL_ONLY_HISTORICAL	HISTORICAL_PROOFPACK_PATH	pack directory is indexed as historical/local-only governed residue	registry/proofpack-index.jsonl existing governance entry	KEEP_LOCAL_AS_GOVERNED	default proof-pack path	proof_packs/TRUTH_HEAL_MAPS_2026-03-07_1249_0af062e88/
proof_packs/TRUTH_HEAL_MAPS_2026-03-07_1249_0af062e88/04_CANONICAL_SOURCES.md	1428	LOCAL_ONLY_HISTORICAL	HISTORICAL_PROOFPACK_PATH	pack directory is indexed as historical/local-only governed residue	registry/proofpack-index.jsonl existing governance entry	KEEP_LOCAL_AS_GOVERNED	default proof-pack path	proof_packs/TRUTH_HEAL_MAPS_2026-03-07_1249_0af062e88/
proof_packs/TRUTH_HEAL_MAPS_2026-03-07_1249_0af062e88/05_TRUTH_MODEL.md	1826	LOCAL_ONLY_HISTORICAL	HISTORICAL_PROOFPACK_PATH	pack directory is indexed as historical/local-only governed residue	registry/proofpack-index.jsonl existing governance entry	KEEP_LOCAL_AS_GOVERNED	default proof-pack path	proof_packs/TRUTH_HEAL_MAPS_2026-03-07_1249_0af062e88/
proof_packs/TRUTH_HEAL_MAPS_2026-03-07_1249_0af062e88/06_CONTRADICTION_MATRIX.md	2306	LOCAL_ONLY_HISTORICAL	HISTORICAL_PROOFPACK_PATH	pack directory is indexed as historical/local-only governed residue	registry/proofpack-index.jsonl existing governance entry	KEEP_LOCAL_AS_GOVERNED	default proof-pack path	proof_packs/TRUTH_HEAL_MAPS_2026-03-07_1249_0af062e88/
proof_packs/TRUTH_HEAL_MAPS_2026-03-07_1249_0af062e88/07_FIX_HEAL_ELIGIBILITY.md	1828	LOCAL_ONLY_HISTORICAL	HISTORICAL_PROOFPACK_PATH	pack directory is indexed as historical/local-only governed residue	registry/proofpack-index.jsonl existing governance entry	KEEP_LOCAL_AS_GOVERNED	default proof-pack path	proof_packs/TRUTH_HEAL_MAPS_2026-03-07_1249_0af062e88/
proof_packs/TRUTH_HEAL_MAPS_2026-03-07_1249_0af062e88/08_PATCHSETS_APPLIED.md	1094	LOCAL_ONLY_HISTORICAL	HISTORICAL_PROOFPACK_PATH	pack directory is indexed as historical/local-only governed residue	registry/proofpack-index.jsonl existing governance entry	KEEP_LOCAL_AS_GOVERNED	default proof-pack path	proof_packs/TRUTH_HEAL_MAPS_2026-03-07_1249_0af062e88/
proof_packs/TRUTH_HEAL_MAPS_2026-03-07_1249_0af062e88/09_AUTOHEAL_UPDATES.md	723	LOCAL_ONLY_HISTORICAL	HISTORICAL_PROOFPACK_PATH	pack directory is indexed as historical/local-only governed residue	registry/proofpack-index.jsonl existing governance entry	KEEP_LOCAL_AS_GOVERNED	default proof-pack path	proof_packs/TRUTH_HEAL_MAPS_2026-03-07_1249_0af062e88/
proof_packs/TRUTH_HEAL_MAPS_2026-03-07_1249_0af062e88/10_MERMAID_DECISIONS.md	664	LOCAL_ONLY_HISTORICAL	HISTORICAL_PROOFPACK_PATH	pack directory is indexed as historical/local-only governed residue	registry/proofpack-index.jsonl existing governance entry	KEEP_LOCAL_AS_GOVERNED	default proof-pack path	proof_packs/TRUTH_HEAL_MAPS_2026-03-07_1249_0af062e88/
proof_packs/TRUTH_HEAL_MAPS_2026-03-07_1249_0af062e88/11_MAPPING_REGEN.md	1137	LOCAL_ONLY_HISTORICAL	HISTORICAL_PROOFPACK_PATH	pack directory is indexed as historical/local-only governed residue	registry/proofpack-index.jsonl existing governance entry	KEEP_LOCAL_AS_GOVERNED	default proof-pack path	proof_packs/TRUTH_HEAL_MAPS_2026-03-07_1249_0af062e88/
proof_packs/TRUTH_HEAL_MAPS_2026-03-07_1249_0af062e88/12_REGISTRY_REGEN.md	807	LOCAL_ONLY_HISTORICAL	HISTORICAL_PROOFPACK_PATH	pack directory is indexed as historical/local-only governed residue	registry/proofpack-index.jsonl existing governance entry	KEEP_LOCAL_AS_GOVERNED	default proof-pack path	proof_packs/TRUTH_HEAL_MAPS_2026-03-07_1249_0af062e88/
proof_packs/TRUTH_HEAL_MAPS_2026-03-07_1249_0af062e88/14_COUNTER_AUDIT.md	937	LOCAL_ONLY_HISTORICAL	HISTORICAL_PROOFPACK_PATH	pack directory is indexed as historical/local-only governed residue	registry/proofpack-index.jsonl existing governance entry	KEEP_LOCAL_AS_GOVERNED	default proof-pack path	proof_packs/TRUTH_HEAL_MAPS_2026-03-07_1249_0af062e88/
proof_packs/TRUTH_HEAL_MAPS_2026-03-07_1249_0af062e88/15_ROLLBACK.md	549	LOCAL_ONLY_HISTORICAL	HISTORICAL_PROOFPACK_PATH	pack directory is indexed as historical/local-only governed residue	registry/proofpack-index.jsonl existing governance entry	KEEP_LOCAL_AS_GOVERNED	default proof-pack path	proof_packs/TRUTH_HEAL_MAPS_2026-03-07_1249_0af062e88/
proof_packs/TRUTH_HEAL_MAPS_2026-03-07_1249_0af062e88/16_FINAL_VERDICT.md	794	LOCAL_ONLY_HISTORICAL	HISTORICAL_PROOFPACK_PATH	pack directory is indexed as historical/local-only governed residue	registry/proofpack-index.jsonl existing governance entry	KEEP_LOCAL_AS_GOVERNED	default proof-pack path	proof_packs/TRUTH_HEAL_MAPS_2026-03-07_1249_0af062e88/
proof_packs/TRUTH_HEAL_MAPS_2026-03-07_1249_0af062e88/ROLLBACK.md	22	LOCAL_ONLY_HISTORICAL	HISTORICAL_PROOFPACK_PATH	pack directory is indexed as historical/local-only governed residue	registry/proofpack-index.jsonl existing governance entry	KEEP_LOCAL_AS_GOVERNED	default proof-pack path	proof_packs/TRUTH_HEAL_MAPS_2026-03-07_1249_0af062e88/
proof_packs/TRUTH_HEAL_MAPS_2026-03-07_1249_0af062e88/VERDICT.md	55	LOCAL_ONLY_HISTORICAL	HISTORICAL_PROOFPACK_PATH	pack directory is indexed as historical/local-only governed residue	registry/proofpack-index.jsonl existing governance entry	KEEP_LOCAL_AS_GOVERNED	default proof-pack path	proof_packs/TRUTH_HEAL_MAPS_2026-03-07_1249_0af062e88/
proof_packs/TRUTH_HEAL_MAPS_2026-03-07_1249_0af062e88/raw/bootstrap_env.txt	414	LOCAL_ONLY_HISTORICAL	TEMPORARY_RAW_LOG_PATH	pack directory is indexed as historical/local-only governed residue	registry/proofpack-index.jsonl existing governance entry	KEEP_LOCAL_AS_GOVERNED	contains /raw/ execution evidence	proof_packs/TRUTH_HEAL_MAPS_2026-03-07_1249_0af062e88/
proof_packs/TRUTH_HEAL_MAPS_2026-03-07_1249_0af062e88/raw/bootstrap_env_clean.txt	249	LOCAL_ONLY_HISTORICAL	TEMPORARY_RAW_LOG_PATH	pack directory is indexed as historical/local-only governed residue	registry/proofpack-index.jsonl existing governance entry	KEEP_LOCAL_AS_GOVERNED	contains /raw/ execution evidence	proof_packs/TRUTH_HEAL_MAPS_2026-03-07_1249_0af062e88/
proof_packs/TRUTH_HEAL_MAPS_2026-03-07_1249_0af062e88/raw/canon_agents_list.txt	91	LOCAL_ONLY_HISTORICAL	TEMPORARY_RAW_LOG_PATH	pack directory is indexed as historical/local-only governed residue	registry/proofpack-index.jsonl existing governance entry	KEEP_LOCAL_AS_GOVERNED	contains /raw/ execution evidence	proof_packs/TRUTH_HEAL_MAPS_2026-03-07_1249_0af062e88/
proof_packs/TRUTH_HEAL_MAPS_2026-03-07_1249_0af062e88/raw/canon_autoheal_list.txt	182	LOCAL_ONLY_HISTORICAL	TEMPORARY_RAW_LOG_PATH	pack directory is indexed as historical/local-only governed residue	registry/proofpack-index.jsonl existing governance entry	KEEP_LOCAL_AS_GOVERNED	contains /raw/ execution evidence	proof_packs/TRUTH_HEAL_MAPS_2026-03-07_1249_0af062e88/
proof_packs/TRUTH_HEAL_MAPS_2026-03-07_1249_0af062e88/raw/canon_counts.env	748	LOCAL_ONLY_HISTORICAL	TEMPORARY_RAW_LOG_PATH	pack directory is indexed as historical/local-only governed residue	registry/proofpack-index.jsonl existing governance entry	KEEP_LOCAL_AS_GOVERNED	contains /raw/ execution evidence	proof_packs/TRUTH_HEAL_MAPS_2026-03-07_1249_0af062e88/
proof_packs/TRUTH_HEAL_MAPS_2026-03-07_1249_0af062e88/raw/canon_counts_clean.env	225	LOCAL_ONLY_HISTORICAL	TEMPORARY_RAW_LOG_PATH	pack directory is indexed as historical/local-only governed residue	registry/proofpack-index.jsonl existing governance entry	KEEP_LOCAL_AS_GOVERNED	contains /raw/ execution evidence	proof_packs/TRUTH_HEAL_MAPS_2026-03-07_1249_0af062e88/
proof_packs/TRUTH_HEAL_MAPS_2026-03-07_1249_0af062e88/raw/canon_docs_map_mermaid_refs.txt	12329	LOCAL_ONLY_HISTORICAL	TEMPORARY_RAW_LOG_PATH	pack directory is indexed as historical/local-only governed residue	registry/proofpack-index.jsonl existing governance entry	KEEP_LOCAL_AS_GOVERNED	contains /raw/ execution evidence	proof_packs/TRUTH_HEAL_MAPS_2026-03-07_1249_0af062e88/
proof_packs/TRUTH_HEAL_MAPS_2026-03-07_1249_0af062e88/raw/canon_instructions_list.txt	231	LOCAL_ONLY_HISTORICAL	TEMPORARY_RAW_LOG_PATH	pack directory is indexed as historical/local-only governed residue	registry/proofpack-index.jsonl existing governance entry	KEEP_LOCAL_AS_GOVERNED	contains /raw/ execution evidence	proof_packs/TRUTH_HEAL_MAPS_2026-03-07_1249_0af062e88/
proof_packs/TRUTH_HEAL_MAPS_2026-03-07_1249_0af062e88/raw/canon_mermaid_source_list.txt	299	LOCAL_ONLY_HISTORICAL	TEMPORARY_RAW_LOG_PATH	pack directory is indexed as historical/local-only governed residue	registry/proofpack-index.jsonl existing governance entry	KEEP_LOCAL_AS_GOVERNED	contains /raw/ execution evidence	proof_packs/TRUTH_HEAL_MAPS_2026-03-07_1249_0af062e88/
proof_packs/TRUTH_HEAL_MAPS_2026-03-07_1249_0af062e88/raw/canon_registry_list.txt	236	LOCAL_ONLY_HISTORICAL	TEMPORARY_RAW_LOG_PATH	pack directory is indexed as historical/local-only governed residue	registry/proofpack-index.jsonl existing governance entry	KEEP_LOCAL_AS_GOVERNED	contains /raw/ execution evidence	proof_packs/TRUTH_HEAL_MAPS_2026-03-07_1249_0af062e88/
proof_packs/TRUTH_HEAL_MAPS_2026-03-07_1249_0af062e88/raw/canon_validator_list.txt	3983	LOCAL_ONLY_HISTORICAL	TEMPORARY_RAW_LOG_PATH	pack directory is indexed as historical/local-only governed residue	registry/proofpack-index.jsonl existing governance entry	KEEP_LOCAL_AS_GOVERNED	contains /raw/ execution evidence	proof_packs/TRUTH_HEAL_MAPS_2026-03-07_1249_0af062e88/
proof_packs/TRUTH_HEAL_MAPS_2026-03-07_1249_0af062e88/raw/find_governance_like_files.txt	546311	LOCAL_ONLY_HISTORICAL	TEMPORARY_RAW_LOG_PATH	pack directory is indexed as historical/local-only governed residue	registry/proofpack-index.jsonl existing governance entry	KEEP_LOCAL_AS_GOVERNED	contains /raw/ execution evidence	proof_packs/TRUTH_HEAL_MAPS_2026-03-07_1249_0af062e88/
proof_packs/TRUTH_HEAL_MAPS_2026-03-07_1249_0af062e88/raw/find_maxdepth3_dirs.txt	149155	LOCAL_ONLY_HISTORICAL	TEMPORARY_RAW_LOG_PATH	pack directory is indexed as historical/local-only governed residue	registry/proofpack-index.jsonl existing governance entry	KEEP_LOCAL_AS_GOVERNED	contains /raw/ execution evidence	proof_packs/TRUTH_HEAL_MAPS_2026-03-07_1249_0af062e88/
proof_packs/TRUTH_HEAL_MAPS_2026-03-07_1249_0af062e88/raw/git_log_20_oneline.txt	1318	LOCAL_ONLY_HISTORICAL	TEMPORARY_RAW_LOG_PATH	pack directory is indexed as historical/local-only governed residue	registry/proofpack-index.jsonl existing governance entry	KEEP_LOCAL_AS_GOVERNED	contains /raw/ execution evidence	proof_packs/TRUTH_HEAL_MAPS_2026-03-07_1249_0af062e88/
proof_packs/TRUTH_HEAL_MAPS_2026-03-07_1249_0af062e88/raw/git_rev_parse_short.txt	10	LOCAL_ONLY_HISTORICAL	TEMPORARY_RAW_LOG_PATH	pack directory is indexed as historical/local-only governed residue	registry/proofpack-index.jsonl existing governance entry	KEEP_LOCAL_AS_GOVERNED	contains /raw/ execution evidence	proof_packs/TRUTH_HEAL_MAPS_2026-03-07_1249_0af062e88/
proof_packs/TRUTH_HEAL_MAPS_2026-03-07_1249_0af062e88/raw/git_status.txt	1959	LOCAL_ONLY_HISTORICAL	TEMPORARY_RAW_LOG_PATH	pack directory is indexed as historical/local-only governed residue	registry/proofpack-index.jsonl existing governance entry	KEEP_LOCAL_AS_GOVERNED	contains /raw/ execution evidence	proof_packs/TRUTH_HEAL_MAPS_2026-03-07_1249_0af062e88/
proof_packs/TRUTH_HEAL_MAPS_2026-03-07_1249_0af062e88/raw/git_status_sb.txt	1981	LOCAL_ONLY_HISTORICAL	TEMPORARY_RAW_LOG_PATH	pack directory is indexed as historical/local-only governed residue	registry/proofpack-index.jsonl existing governance entry	KEEP_LOCAL_AS_GOVERNED	contains /raw/ execution evidence	proof_packs/TRUTH_HEAL_MAPS_2026-03-07_1249_0af062e88/
proof_packs/TRUTH_HEAL_MAPS_2026-03-07_1249_0af062e88/raw/scan_governance_file_tree.txt	811236	LOCAL_ONLY_HISTORICAL	TEMPORARY_RAW_LOG_PATH	pack directory is indexed as historical/local-only governed residue	registry/proofpack-index.jsonl existing governance entry	KEEP_LOCAL_AS_GOVERNED	contains /raw/ execution evidence	proof_packs/TRUTH_HEAL_MAPS_2026-03-07_1249_0af062e88/
proof_packs/TRUTH_HEAL_MAPS_2026-03-07_1249_0af062e88/raw/scan_governance_keywords_sample.txt	534072	LOCAL_ONLY_HISTORICAL	TEMPORARY_RAW_LOG_PATH	pack directory is indexed as historical/local-only governed residue	registry/proofpack-index.jsonl existing governance entry	KEEP_LOCAL_AS_GOVERNED	contains /raw/ execution evidence	proof_packs/TRUTH_HEAL_MAPS_2026-03-07_1249_0af062e88/
proof_packs/TRUTH_HEAL_MAPS_2026-03-07_1249_0af062e88/raw/scan_mermaid_keywords.txt	1364062	LOCAL_ONLY_HISTORICAL	TEMPORARY_RAW_LOG_PATH	pack directory is indexed as historical/local-only governed residue	registry/proofpack-index.jsonl existing governance entry	KEEP_LOCAL_AS_GOVERNED	contains /raw/ execution evidence	proof_packs/TRUTH_HEAL_MAPS_2026-03-07_1249_0af062e88/
proof_packs/TRUTH_HEAL_MAPS_2026-03-07_1249_0af062e88/raw/scan_registry_keywords.txt	21376553	LOCAL_ONLY_HISTORICAL	TEMPORARY_RAW_LOG_PATH	pack directory is indexed as historical/local-only governed residue	registry/proofpack-index.jsonl existing governance entry	KEEP_LOCAL_AS_GOVERNED	contains /raw/ execution evidence	proof_packs/TRUTH_HEAL_MAPS_2026-03-07_1249_0af062e88/
proof_packs/TRUTH_HEAL_MAPS_2026-03-07_1249_0af062e88/raw/scan_validation_keywords.txt	712673	LOCAL_ONLY_HISTORICAL	TEMPORARY_RAW_LOG_PATH	pack directory is indexed as historical/local-only governed residue	registry/proofpack-index.jsonl existing governance entry	KEEP_LOCAL_AS_GOVERNED	contains /raw/ execution evidence	proof_packs/TRUTH_HEAL_MAPS_2026-03-07_1249_0af062e88/
proof_packs/TRUTH_HEAL_MAPS_2026-03-07_1249_0af062e88/raw/surface_.github_workflows.txt	2032	LOCAL_ONLY_HISTORICAL	TEMPORARY_RAW_LOG_PATH	pack directory is indexed as historical/local-only governed residue	registry/proofpack-index.jsonl existing governance entry	KEEP_LOCAL_AS_GOVERNED	contains /raw/ execution evidence	proof_packs/TRUTH_HEAL_MAPS_2026-03-07_1249_0af062e88/
proof_packs/TRUTH_HEAL_MAPS_2026-03-07_1249_0af062e88/raw/surface_docs.txt	422823	LOCAL_ONLY_HISTORICAL	TEMPORARY_RAW_LOG_PATH	pack directory is indexed as historical/local-only governed residue	registry/proofpack-index.jsonl existing governance entry	KEEP_LOCAL_AS_GOVERNED	contains /raw/ execution evidence	proof_packs/TRUTH_HEAL_MAPS_2026-03-07_1249_0af062e88/
proof_packs/TRUTH_HEAL_MAPS_2026-03-07_1249_0af062e88/raw/surface_e2e.txt	1399	LOCAL_ONLY_HISTORICAL	TEMPORARY_RAW_LOG_PATH	pack directory is indexed as historical/local-only governed residue	registry/proofpack-index.jsonl existing governance entry	KEEP_LOCAL_AS_GOVERNED	contains /raw/ execution evidence	proof_packs/TRUTH_HEAL_MAPS_2026-03-07_1249_0af062e88/
proof_packs/TRUTH_HEAL_MAPS_2026-03-07_1249_0af062e88/raw/surface_proof_packs.txt	190382	LOCAL_ONLY_HISTORICAL	TEMPORARY_RAW_LOG_PATH	pack directory is indexed as historical/local-only governed residue	registry/proofpack-index.jsonl existing governance entry	KEEP_LOCAL_AS_GOVERNED	contains /raw/ execution evidence	proof_packs/TRUTH_HEAL_MAPS_2026-03-07_1249_0af062e88/
proof_packs/TRUTH_HEAL_MAPS_2026-03-07_1249_0af062e88/raw/surface_registry.txt	236	LOCAL_ONLY_HISTORICAL	TEMPORARY_RAW_LOG_PATH	pack directory is indexed as historical/local-only governed residue	registry/proofpack-index.jsonl existing governance entry	KEEP_LOCAL_AS_GOVERNED	contains /raw/ execution evidence	proof_packs/TRUTH_HEAL_MAPS_2026-03-07_1249_0af062e88/
proof_packs/TRUTH_HEAL_MAPS_2026-03-07_1249_0af062e88/raw/surface_reports.txt	453290	LOCAL_ONLY_HISTORICAL	TEMPORARY_RAW_LOG_PATH	pack directory is indexed as historical/local-only governed residue	registry/proofpack-index.jsonl existing governance entry	KEEP_LOCAL_AS_GOVERNED	contains /raw/ execution evidence	proof_packs/TRUTH_HEAL_MAPS_2026-03-07_1249_0af062e88/
proof_packs/TRUTH_HEAL_MAPS_2026-03-07_1249_0af062e88/raw/surface_scripts.txt	19063	LOCAL_ONLY_HISTORICAL	TEMPORARY_RAW_LOG_PATH	pack directory is indexed as historical/local-only governed residue	registry/proofpack-index.jsonl existing governance entry	KEEP_LOCAL_AS_GOVERNED	contains /raw/ execution evidence	proof_packs/TRUTH_HEAL_MAPS_2026-03-07_1249_0af062e88/
proof_packs/TRUTH_HEAL_MAPS_2026-03-07_1249_0af062e88/raw/surface_src-tauri.txt	1677698	LOCAL_ONLY_HISTORICAL	TEMPORARY_RAW_LOG_PATH	pack directory is indexed as historical/local-only governed residue	registry/proofpack-index.jsonl existing governance entry	KEEP_LOCAL_AS_GOVERNED	contains /raw/ execution evidence	proof_packs/TRUTH_HEAL_MAPS_2026-03-07_1249_0af062e88/
proof_packs/TRUTH_HEAL_MAPS_2026-03-07_1249_0af062e88/raw/surface_src.txt	64125	LOCAL_ONLY_HISTORICAL	TEMPORARY_RAW_LOG_PATH	pack directory is indexed as historical/local-only governed residue	registry/proofpack-index.jsonl existing governance entry	KEEP_LOCAL_AS_GOVERNED	contains /raw/ execution evidence	proof_packs/TRUTH_HEAL_MAPS_2026-03-07_1249_0af062e88/
proof_packs/TRUTH_HEAL_MAPS_2026-03-07_1249_0af062e88/raw/surface_tests.txt	1823	LOCAL_ONLY_HISTORICAL	TEMPORARY_RAW_LOG_PATH	pack directory is indexed as historical/local-only governed residue	registry/proofpack-index.jsonl existing governance entry	KEEP_LOCAL_AS_GOVERNED	contains /raw/ execution evidence	proof_packs/TRUTH_HEAL_MAPS_2026-03-07_1249_0af062e88/
proof_packs/UI_E2E_TOTAL_2026-03-06_1646_5a48aa005/00_EXEC_SUMMARY.md	1202	LOCAL_ONLY_HISTORICAL	HISTORICAL_PROOFPACK_PATH	pack directory is indexed as historical/local-only governed residue	registry/proofpack-index.jsonl existing governance entry	KEEP_LOCAL_AS_GOVERNED	default proof-pack path	proof_packs/UI_E2E_TOTAL_2026-03-06_1646_5a48aa005/
proof_packs/UI_E2E_TOTAL_2026-03-06_1646_5a48aa005/01_BOOTSTRAP.md	486	LOCAL_ONLY_HISTORICAL	HISTORICAL_PROOFPACK_PATH	pack directory is indexed as historical/local-only governed residue	registry/proofpack-index.jsonl existing governance entry	KEEP_LOCAL_AS_GOVERNED	default proof-pack path	proof_packs/UI_E2E_TOTAL_2026-03-06_1646_5a48aa005/
proof_packs/UI_E2E_TOTAL_2026-03-06_1646_5a48aa005/02_DISCOVERY.md	618	LOCAL_ONLY_HISTORICAL	HISTORICAL_PROOFPACK_PATH	pack directory is indexed as historical/local-only governed residue	registry/proofpack-index.jsonl existing governance entry	KEEP_LOCAL_AS_GOVERNED	default proof-pack path	proof_packs/UI_E2E_TOTAL_2026-03-06_1646_5a48aa005/
proof_packs/UI_E2E_TOTAL_2026-03-06_1646_5a48aa005/03_UI_COVERAGE_MAP.md	657	LOCAL_ONLY_HISTORICAL	HISTORICAL_PROOFPACK_PATH	pack directory is indexed as historical/local-only governed residue	registry/proofpack-index.jsonl existing governance entry	KEEP_LOCAL_AS_GOVERNED	default proof-pack path	proof_packs/UI_E2E_TOTAL_2026-03-06_1646_5a48aa005/
proof_packs/UI_E2E_TOTAL_2026-03-06_1646_5a48aa005/04_TEST_MATRIX.md	500	LOCAL_ONLY_HISTORICAL	HISTORICAL_PROOFPACK_PATH	pack directory is indexed as historical/local-only governed residue	registry/proofpack-index.jsonl existing governance entry	KEEP_LOCAL_AS_GOVERNED	default proof-pack path	proof_packs/UI_E2E_TOTAL_2026-03-06_1646_5a48aa005/
proof_packs/UI_E2E_TOTAL_2026-03-06_1646_5a48aa005/05_RUNNER_AUTHORITY.md	388	LOCAL_ONLY_HISTORICAL	HISTORICAL_PROOFPACK_PATH	pack directory is indexed as historical/local-only governed residue	registry/proofpack-index.jsonl existing governance entry	KEEP_LOCAL_AS_GOVERNED	default proof-pack path	proof_packs/UI_E2E_TOTAL_2026-03-06_1646_5a48aa005/
proof_packs/UI_E2E_TOTAL_2026-03-06_1646_5a48aa005/06_SELECTORS_AND_READY_PROTOCOL.md	675	LOCAL_ONLY_HISTORICAL	HISTORICAL_PROOFPACK_PATH	pack directory is indexed as historical/local-only governed residue	registry/proofpack-index.jsonl existing governance entry	KEEP_LOCAL_AS_GOVERNED	default proof-pack path	proof_packs/UI_E2E_TOTAL_2026-03-06_1646_5a48aa005/
proof_packs/UI_E2E_TOTAL_2026-03-06_1646_5a48aa005/07_GATES_REPORT.md	303	LOCAL_ONLY_HISTORICAL	HISTORICAL_PROOFPACK_PATH	pack directory is indexed as historical/local-only governed residue	registry/proofpack-index.jsonl existing governance entry	KEEP_LOCAL_AS_GOVERNED	default proof-pack path	proof_packs/UI_E2E_TOTAL_2026-03-06_1646_5a48aa005/
proof_packs/UI_E2E_TOTAL_2026-03-06_1646_5a48aa005/10_E2E_ARTIFACTS_INDEX.md	596	LOCAL_ONLY_HISTORICAL	CURRENT_INDEX_PATH	pack directory is indexed as historical/local-only governed residue	registry/proofpack-index.jsonl existing governance entry	KEEP_LOCAL_AS_GOVERNED	name/path indicates index material	proof_packs/UI_E2E_TOTAL_2026-03-06_1646_5a48aa005/
proof_packs/UI_E2E_TOTAL_2026-03-06_1646_5a48aa005/11_AUTOFIX_LOG.md	766	LOCAL_ONLY_HISTORICAL	HISTORICAL_PROOFPACK_PATH	pack directory is indexed as historical/local-only governed residue	registry/proofpack-index.jsonl existing governance entry	KEEP_LOCAL_AS_GOVERNED	default proof-pack path	proof_packs/UI_E2E_TOTAL_2026-03-06_1646_5a48aa005/
proof_packs/UI_E2E_TOTAL_2026-03-06_1646_5a48aa005/12_AUTOHEAL_REGISTRY_APPEND.md	332	LOCAL_ONLY_HISTORICAL	HISTORICAL_PROOFPACK_PATH	pack directory is indexed as historical/local-only governed residue	registry/proofpack-index.jsonl existing governance entry	KEEP_LOCAL_AS_GOVERNED	default proof-pack path	proof_packs/UI_E2E_TOTAL_2026-03-06_1646_5a48aa005/
proof_packs/UI_E2E_TOTAL_2026-03-06_1646_5a48aa005/13_INTEGRATION_FINDINGS.md	490	LOCAL_ONLY_HISTORICAL	HISTORICAL_PROOFPACK_PATH	pack directory is indexed as historical/local-only governed residue	registry/proofpack-index.jsonl existing governance entry	KEEP_LOCAL_AS_GOVERNED	default proof-pack path	proof_packs/UI_E2E_TOTAL_2026-03-06_1646_5a48aa005/
proof_packs/UI_E2E_TOTAL_2026-03-06_1646_5a48aa005/14_FAILURE_MODES.md	375	LOCAL_ONLY_HISTORICAL	HISTORICAL_PROOFPACK_PATH	pack directory is indexed as historical/local-only governed residue	registry/proofpack-index.jsonl existing governance entry	KEEP_LOCAL_AS_GOVERNED	default proof-pack path	proof_packs/UI_E2E_TOTAL_2026-03-06_1646_5a48aa005/
proof_packs/UI_E2E_TOTAL_2026-03-06_1646_5a48aa005/15_ROLLBACK.md	339	LOCAL_ONLY_HISTORICAL	HISTORICAL_PROOFPACK_PATH	pack directory is indexed as historical/local-only governed residue	registry/proofpack-index.jsonl existing governance entry	KEEP_LOCAL_AS_GOVERNED	default proof-pack path	proof_packs/UI_E2E_TOTAL_2026-03-06_1646_5a48aa005/
proof_packs/UI_E2E_TOTAL_2026-03-06_1646_5a48aa005/16_VERDICT.md	320	LOCAL_ONLY_HISTORICAL	HISTORICAL_PROOFPACK_PATH	pack directory is indexed as historical/local-only governed residue	registry/proofpack-index.jsonl existing governance entry	KEEP_LOCAL_AS_GOVERNED	default proof-pack path	proof_packs/UI_E2E_TOTAL_2026-03-06_1646_5a48aa005/
proof_packs/UI_E2E_TOTAL_2026-03-06_1646_5a48aa005/ROLLBACK.md	236	LOCAL_ONLY_HISTORICAL	HISTORICAL_PROOFPACK_PATH	pack directory is indexed as historical/local-only governed residue	registry/proofpack-index.jsonl existing governance entry	KEEP_LOCAL_AS_GOVERNED	default proof-pack path	proof_packs/UI_E2E_TOTAL_2026-03-06_1646_5a48aa005/
proof_packs/UI_E2E_TOTAL_2026-03-06_1646_5a48aa005/VERDICT.md	183	LOCAL_ONLY_HISTORICAL	HISTORICAL_PROOFPACK_PATH	pack directory is indexed as historical/local-only governed residue	registry/proofpack-index.jsonl existing governance entry	KEEP_LOCAL_AS_GOVERNED	default proof-pack path	proof_packs/UI_E2E_TOTAL_2026-03-06_1646_5a48aa005/
proof_packs/UI_E2E_TOTAL_2026-03-06_1646_5a48aa005/ui_controls.json	1203	LOCAL_ONLY_HISTORICAL	HISTORICAL_PROOFPACK_PATH	pack directory is indexed as historical/local-only governed residue	registry/proofpack-index.jsonl existing governance entry	KEEP_LOCAL_AS_GOVERNED	default proof-pack path	proof_packs/UI_E2E_TOTAL_2026-03-06_1646_5a48aa005/
proof_packs/UI_E2E_TOTAL_2026-03-06_1646_5a48aa005/ui_ipc_links.json	708	LOCAL_ONLY_HISTORICAL	HISTORICAL_PROOFPACK_PATH	pack directory is indexed as historical/local-only governed residue	registry/proofpack-index.jsonl existing governance entry	KEEP_LOCAL_AS_GOVERNED	default proof-pack path	proof_packs/UI_E2E_TOTAL_2026-03-06_1646_5a48aa005/
proof_packs/UI_E2E_TOTAL_2026-03-06_1646_5a48aa005/ui_pages.json	2385	LOCAL_ONLY_HISTORICAL	HISTORICAL_PROOFPACK_PATH	pack directory is indexed as historical/local-only governed residue	registry/proofpack-index.jsonl existing governance entry	KEEP_LOCAL_AS_GOVERNED	default proof-pack path	proof_packs/UI_E2E_TOTAL_2026-03-06_1646_5a48aa005/
proof_packs/UI_E2E_TOTAL_2026-03-06_1646_5a48aa005/ui_routes.json	467	LOCAL_ONLY_HISTORICAL	HISTORICAL_PROOFPACK_PATH	pack directory is indexed as historical/local-only governed residue	registry/proofpack-index.jsonl existing governance entry	KEEP_LOCAL_AS_GOVERNED	default proof-pack path	proof_packs/UI_E2E_TOTAL_2026-03-06_1646_5a48aa005/
proof_packs/UNTRACKED_RESIDUE_CLEARANCE_2026-03-07_1630_870348944/00_EXEC_SUMMARY.md	811	LOCAL_ONLY_HISTORICAL	HISTORICAL_PROOFPACK_PATH	pack directory is indexed as historical/local-only governed residue	registry/proofpack-index.jsonl existing governance entry	KEEP_LOCAL_AS_GOVERNED	default proof-pack path	proof_packs/UNTRACKED_RESIDUE_CLEARANCE_2026-03-07_1630_870348944/
proof_packs/UNTRACKED_RESIDUE_CLEARANCE_2026-03-07_1630_870348944/01_BOOTSTRAP.md	873	LOCAL_ONLY_HISTORICAL	HISTORICAL_PROOFPACK_PATH	pack directory is indexed as historical/local-only governed residue	registry/proofpack-index.jsonl existing governance entry	KEEP_LOCAL_AS_GOVERNED	default proof-pack path	proof_packs/UNTRACKED_RESIDUE_CLEARANCE_2026-03-07_1630_870348944/
proof_packs/UNTRACKED_RESIDUE_CLEARANCE_2026-03-07_1630_870348944/02_SCOPE_FREEZE.md	654	LOCAL_ONLY_HISTORICAL	HISTORICAL_PROOFPACK_PATH	pack directory is indexed as historical/local-only governed residue	registry/proofpack-index.jsonl existing governance entry	KEEP_LOCAL_AS_GOVERNED	default proof-pack path	proof_packs/UNTRACKED_RESIDUE_CLEARANCE_2026-03-07_1630_870348944/
proof_packs/UNTRACKED_RESIDUE_CLEARANCE_2026-03-07_1630_870348944/03_AUTHORITY_SOURCE_LOAD.md	872	LOCAL_ONLY_HISTORICAL	HISTORICAL_PROOFPACK_PATH	pack directory is indexed as historical/local-only governed residue	registry/proofpack-index.jsonl existing governance entry	KEEP_LOCAL_AS_GOVERNED	default proof-pack path	proof_packs/UNTRACKED_RESIDUE_CLEARANCE_2026-03-07_1630_870348944/
proof_packs/UNTRACKED_RESIDUE_CLEARANCE_2026-03-07_1630_870348944/04_UNTRACKED_PATH_MAP.md	782	LOCAL_ONLY_HISTORICAL	HISTORICAL_PROOFPACK_PATH	pack directory is indexed as historical/local-only governed residue	registry/proofpack-index.jsonl existing governance entry	KEEP_LOCAL_AS_GOVERNED	default proof-pack path	proof_packs/UNTRACKED_RESIDUE_CLEARANCE_2026-03-07_1630_870348944/
proof_packs/UNTRACKED_RESIDUE_CLEARANCE_2026-03-07_1630_870348944/05_ISOLATED_BOUNDARY_DEFINITION.md	844	LOCAL_ONLY_HISTORICAL	HISTORICAL_PROOFPACK_PATH	pack directory is indexed as historical/local-only governed residue	registry/proofpack-index.jsonl existing governance entry	KEEP_LOCAL_AS_GOVERNED	default proof-pack path	proof_packs/UNTRACKED_RESIDUE_CLEARANCE_2026-03-07_1630_870348944/
proof_packs/UNTRACKED_RESIDUE_CLEARANCE_2026-03-07_1630_870348944/06_DRY_RUN_STRICT.md	492	LOCAL_ONLY_HISTORICAL	HISTORICAL_PROOFPACK_PATH	pack directory is indexed as historical/local-only governed residue	registry/proofpack-index.jsonl existing governance entry	KEEP_LOCAL_AS_GOVERNED	default proof-pack path	proof_packs/UNTRACKED_RESIDUE_CLEARANCE_2026-03-07_1630_870348944/
proof_packs/UNTRACKED_RESIDUE_CLEARANCE_2026-03-07_1630_870348944/07_STAGING_EXECUTION.md	666	LOCAL_ONLY_HISTORICAL	HISTORICAL_PROOFPACK_PATH	pack directory is indexed as historical/local-only governed residue	registry/proofpack-index.jsonl existing governance entry	KEEP_LOCAL_AS_GOVERNED	default proof-pack path	proof_packs/UNTRACKED_RESIDUE_CLEARANCE_2026-03-07_1630_870348944/
proof_packs/UNTRACKED_RESIDUE_CLEARANCE_2026-03-07_1630_870348944/08_COMMIT_EXECUTION.md	573	LOCAL_ONLY_HISTORICAL	HISTORICAL_PROOFPACK_PATH	pack directory is indexed as historical/local-only governed residue	registry/proofpack-index.jsonl existing governance entry	KEEP_LOCAL_AS_GOVERNED	default proof-pack path	proof_packs/UNTRACKED_RESIDUE_CLEARANCE_2026-03-07_1630_870348944/
proof_packs/UNTRACKED_RESIDUE_CLEARANCE_2026-03-07_1630_870348944/09_PUSH_READINESS_RECALC.md	808	LOCAL_ONLY_HISTORICAL	HISTORICAL_PROOFPACK_PATH	pack directory is indexed as historical/local-only governed residue	registry/proofpack-index.jsonl existing governance entry	KEEP_LOCAL_AS_GOVERNED	default proof-pack path	proof_packs/UNTRACKED_RESIDUE_CLEARANCE_2026-03-07_1630_870348944/
proof_packs/UNTRACKED_RESIDUE_CLEARANCE_2026-03-07_1630_870348944/10_COUNTER_AUDIT.md	1055	LOCAL_ONLY_HISTORICAL	HISTORICAL_PROOFPACK_PATH	pack directory is indexed as historical/local-only governed residue	registry/proofpack-index.jsonl existing governance entry	KEEP_LOCAL_AS_GOVERNED	default proof-pack path	proof_packs/UNTRACKED_RESIDUE_CLEARANCE_2026-03-07_1630_870348944/
proof_packs/UNTRACKED_RESIDUE_CLEARANCE_2026-03-07_1630_870348944/11_ROLLBACK.md	404	LOCAL_ONLY_HISTORICAL	HISTORICAL_PROOFPACK_PATH	pack directory is indexed as historical/local-only governed residue	registry/proofpack-index.jsonl existing governance entry	KEEP_LOCAL_AS_GOVERNED	default proof-pack path	proof_packs/UNTRACKED_RESIDUE_CLEARANCE_2026-03-07_1630_870348944/
proof_packs/UNTRACKED_RESIDUE_CLEARANCE_2026-03-07_1630_870348944/12_FINAL_VERDICT.md	556	LOCAL_ONLY_HISTORICAL	HISTORICAL_PROOFPACK_PATH	pack directory is indexed as historical/local-only governed residue	registry/proofpack-index.jsonl existing governance entry	KEEP_LOCAL_AS_GOVERNED	default proof-pack path	proof_packs/UNTRACKED_RESIDUE_CLEARANCE_2026-03-07_1630_870348944/
proof_packs/UNTRACKED_RESIDUE_CLEARANCE_2026-03-07_1630_870348944/NEXT_ACTION.md	224	LOCAL_ONLY_HISTORICAL	HISTORICAL_PROOFPACK_PATH	pack directory is indexed as historical/local-only governed residue	registry/proofpack-index.jsonl existing governance entry	KEEP_LOCAL_AS_GOVERNED	default proof-pack path	proof_packs/UNTRACKED_RESIDUE_CLEARANCE_2026-03-07_1630_870348944/
proof_packs/UNTRACKED_RESIDUE_CLEARANCE_2026-03-07_1630_870348944/ROOT_CAUSE.md	183	LOCAL_ONLY_HISTORICAL	HISTORICAL_PROOFPACK_PATH	pack directory is indexed as historical/local-only governed residue	registry/proofpack-index.jsonl existing governance entry	KEEP_LOCAL_AS_GOVERNED	default proof-pack path	proof_packs/UNTRACKED_RESIDUE_CLEARANCE_2026-03-07_1630_870348944/
proof_packs/UNTRACKED_RESIDUE_CLEARANCE_2026-03-07_1630_870348944/raw/bootstrap_utc.txt	21	LOCAL_ONLY_HISTORICAL	TEMPORARY_RAW_LOG_PATH	pack directory is indexed as historical/local-only governed residue	registry/proofpack-index.jsonl existing governance entry	KEEP_LOCAL_AS_GOVERNED	contains /raw/ execution evidence	proof_packs/UNTRACKED_RESIDUE_CLEARANCE_2026-03-07_1630_870348944/
proof_packs/UNTRACKED_RESIDUE_CLEARANCE_2026-03-07_1630_870348944/raw/classified_paths_set.txt	84985	LOCAL_ONLY_HISTORICAL	TEMPORARY_RAW_LOG_PATH	pack directory is indexed as historical/local-only governed residue	registry/proofpack-index.jsonl existing governance entry	KEEP_LOCAL_AS_GOVERNED	contains /raw/ execution evidence	proof_packs/UNTRACKED_RESIDUE_CLEARANCE_2026-03-07_1630_870348944/
proof_packs/UNTRACKED_RESIDUE_CLEARANCE_2026-03-07_1630_870348944/raw/counter_audit_committed_not_staged.txt	0	LOCAL_ONLY_HISTORICAL	TEMPORARY_RAW_LOG_PATH	pack directory is indexed as historical/local-only governed residue	registry/proofpack-index.jsonl existing governance entry	KEEP_LOCAL_AS_GOVERNED	contains /raw/ execution evidence	proof_packs/UNTRACKED_RESIDUE_CLEARANCE_2026-03-07_1630_870348944/
proof_packs/UNTRACKED_RESIDUE_CLEARANCE_2026-03-07_1630_870348944/raw/counter_audit_phase2_map_not_current_untracked.txt	3875	LOCAL_ONLY_HISTORICAL	TEMPORARY_RAW_LOG_PATH	pack directory is indexed as historical/local-only governed residue	registry/proofpack-index.jsonl existing governance entry	KEEP_LOCAL_AS_GOVERNED	contains /raw/ execution evidence	proof_packs/UNTRACKED_RESIDUE_CLEARANCE_2026-03-07_1630_870348944/
proof_packs/UNTRACKED_RESIDUE_CLEARANCE_2026-03-07_1630_870348944/raw/counter_audit_stage_not_committed.txt	0	LOCAL_ONLY_HISTORICAL	TEMPORARY_RAW_LOG_PATH	pack directory is indexed as historical/local-only governed residue	registry/proofpack-index.jsonl existing governance entry	KEEP_LOCAL_AS_GOVERNED	contains /raw/ execution evidence	proof_packs/UNTRACKED_RESIDUE_CLEARANCE_2026-03-07_1630_870348944/
proof_packs/UNTRACKED_RESIDUE_CLEARANCE_2026-03-07_1630_870348944/raw/counter_audit_stats.env	650	LOCAL_ONLY_HISTORICAL	TEMPORARY_RAW_LOG_PATH	pack directory is indexed as historical/local-only governed residue	registry/proofpack-index.jsonl existing governance entry	KEEP_LOCAL_AS_GOVERNED	contains /raw/ execution evidence	proof_packs/UNTRACKED_RESIDUE_CLEARANCE_2026-03-07_1630_870348944/
proof_packs/UNTRACKED_RESIDUE_CLEARANCE_2026-03-07_1630_870348944/raw/counter_audit_untracked_not_in_phase2_map.txt	3270	LOCAL_ONLY_HISTORICAL	TEMPORARY_RAW_LOG_PATH	pack directory is indexed as historical/local-only governed residue	registry/proofpack-index.jsonl existing governance entry	KEEP_LOCAL_AS_GOVERNED	contains /raw/ execution evidence	proof_packs/UNTRACKED_RESIDUE_CLEARANCE_2026-03-07_1630_870348944/
proof_packs/UNTRACKED_RESIDUE_CLEARANCE_2026-03-07_1630_870348944/raw/dry_run_add_direct_names.txt	3913	LOCAL_ONLY_HISTORICAL	TEMPORARY_RAW_LOG_PATH	pack directory is indexed as historical/local-only governed residue	registry/proofpack-index.jsonl existing governance entry	KEEP_LOCAL_AS_GOVERNED	contains /raw/ execution evidence	proof_packs/UNTRACKED_RESIDUE_CLEARANCE_2026-03-07_1630_870348944/
proof_packs/UNTRACKED_RESIDUE_CLEARANCE_2026-03-07_1630_870348944/raw/dry_run_add_names.txt	3913	LOCAL_ONLY_HISTORICAL	TEMPORARY_RAW_LOG_PATH	pack directory is indexed as historical/local-only governed residue	registry/proofpack-index.jsonl existing governance entry	KEEP_LOCAL_AS_GOVERNED	contains /raw/ execution evidence	proof_packs/UNTRACKED_RESIDUE_CLEARANCE_2026-03-07_1630_870348944/
proof_packs/UNTRACKED_RESIDUE_CLEARANCE_2026-03-07_1630_870348944/raw/dry_run_isolated_boundary_stats.env	738	LOCAL_ONLY_HISTORICAL	TEMPORARY_RAW_LOG_PATH	pack directory is indexed as historical/local-only governed residue	registry/proofpack-index.jsonl existing governance entry	KEEP_LOCAL_AS_GOVERNED	contains /raw/ execution evidence	proof_packs/UNTRACKED_RESIDUE_CLEARANCE_2026-03-07_1630_870348944/
proof_packs/UNTRACKED_RESIDUE_CLEARANCE_2026-03-07_1630_870348944/raw/dry_run_missing_from_add.txt	341	LOCAL_ONLY_HISTORICAL	TEMPORARY_RAW_LOG_PATH	pack directory is indexed as historical/local-only governed residue	registry/proofpack-index.jsonl existing governance entry	KEEP_LOCAL_AS_GOVERNED	contains /raw/ execution evidence	proof_packs/UNTRACKED_RESIDUE_CLEARANCE_2026-03-07_1630_870348944/
proof_packs/UNTRACKED_RESIDUE_CLEARANCE_2026-03-07_1630_870348944/raw/dry_run_unexpected_add.txt	0	LOCAL_ONLY_HISTORICAL	TEMPORARY_RAW_LOG_PATH	pack directory is indexed as historical/local-only governed residue	registry/proofpack-index.jsonl existing governance entry	KEEP_LOCAL_AS_GOVERNED	contains /raw/ execution evidence	proof_packs/UNTRACKED_RESIDUE_CLEARANCE_2026-03-07_1630_870348944/
proof_packs/UNTRACKED_RESIDUE_CLEARANCE_2026-03-07_1630_870348944/raw/final_git_status_sb.txt	1868	LOCAL_ONLY_HISTORICAL	TEMPORARY_RAW_LOG_PATH	pack directory is indexed as historical/local-only governed residue	registry/proofpack-index.jsonl existing governance entry	KEEP_LOCAL_AS_GOVERNED	contains /raw/ execution evidence	proof_packs/UNTRACKED_RESIDUE_CLEARANCE_2026-03-07_1630_870348944/
proof_packs/UNTRACKED_RESIDUE_CLEARANCE_2026-03-07_1630_870348944/raw/final_git_status_short.txt	1835	LOCAL_ONLY_HISTORICAL	TEMPORARY_RAW_LOG_PATH	pack directory is indexed as historical/local-only governed residue	registry/proofpack-index.jsonl existing governance entry	KEEP_LOCAL_AS_GOVERNED	contains /raw/ execution evidence	proof_packs/UNTRACKED_RESIDUE_CLEARANCE_2026-03-07_1630_870348944/
proof_packs/UNTRACKED_RESIDUE_CLEARANCE_2026-03-07_1630_870348944/raw/final_staged_names.txt	0	LOCAL_ONLY_HISTORICAL	TEMPORARY_RAW_LOG_PATH	pack directory is indexed as historical/local-only governed residue	registry/proofpack-index.jsonl existing governance entry	KEEP_LOCAL_AS_GOVERNED	contains /raw/ execution evidence	proof_packs/UNTRACKED_RESIDUE_CLEARANCE_2026-03-07_1630_870348944/
proof_packs/UNTRACKED_RESIDUE_CLEARANCE_2026-03-07_1630_870348944/raw/final_state_counts.env	325	LOCAL_ONLY_HISTORICAL	TEMPORARY_RAW_LOG_PATH	pack directory is indexed as historical/local-only governed residue	registry/proofpack-index.jsonl existing governance entry	KEEP_LOCAL_AS_GOVERNED	contains /raw/ execution evidence	proof_packs/UNTRACKED_RESIDUE_CLEARANCE_2026-03-07_1630_870348944/
proof_packs/UNTRACKED_RESIDUE_CLEARANCE_2026-03-07_1630_870348944/raw/final_tracked_modified.txt	0	LOCAL_ONLY_HISTORICAL	TEMPORARY_RAW_LOG_PATH	pack directory is indexed as historical/local-only governed residue	registry/proofpack-index.jsonl existing governance entry	KEEP_LOCAL_AS_GOVERNED	contains /raw/ execution evidence	proof_packs/UNTRACKED_RESIDUE_CLEARANCE_2026-03-07_1630_870348944/
proof_packs/UNTRACKED_RESIDUE_CLEARANCE_2026-03-07_1630_870348944/raw/gate_detect_recurrence.exitcode	2	LOCAL_ONLY_HISTORICAL	TEMPORARY_RAW_LOG_PATH	pack directory is indexed as historical/local-only governed residue	registry/proofpack-index.jsonl existing governance entry	KEEP_LOCAL_AS_GOVERNED	contains /raw/ execution evidence	proof_packs/UNTRACKED_RESIDUE_CLEARANCE_2026-03-07_1630_870348944/
proof_packs/UNTRACKED_RESIDUE_CLEARANCE_2026-03-07_1630_870348944/raw/gate_verify_instructions.exitcode	2	LOCAL_ONLY_HISTORICAL	TEMPORARY_RAW_LOG_PATH	pack directory is indexed as historical/local-only governed residue	registry/proofpack-index.jsonl existing governance entry	KEEP_LOCAL_AS_GOVERNED	contains /raw/ execution evidence	proof_packs/UNTRACKED_RESIDUE_CLEARANCE_2026-03-07_1630_870348944/
proof_packs/UNTRACKED_RESIDUE_CLEARANCE_2026-03-07_1630_870348944/raw/git_diff_cached_name_only.txt	0	LOCAL_ONLY_HISTORICAL	TEMPORARY_RAW_LOG_PATH	pack directory is indexed as historical/local-only governed residue	registry/proofpack-index.jsonl existing governance entry	KEEP_LOCAL_AS_GOVERNED	contains /raw/ execution evidence	proof_packs/UNTRACKED_RESIDUE_CLEARANCE_2026-03-07_1630_870348944/
proof_packs/UNTRACKED_RESIDUE_CLEARANCE_2026-03-07_1630_870348944/raw/git_diff_name_only.txt	38	LOCAL_ONLY_HISTORICAL	TEMPORARY_RAW_LOG_PATH	pack directory is indexed as historical/local-only governed residue	registry/proofpack-index.jsonl existing governance entry	KEEP_LOCAL_AS_GOVERNED	contains /raw/ execution evidence	proof_packs/UNTRACKED_RESIDUE_CLEARANCE_2026-03-07_1630_870348944/
proof_packs/UNTRACKED_RESIDUE_CLEARANCE_2026-03-07_1630_870348944/raw/git_log_5_oneline.txt	325	LOCAL_ONLY_HISTORICAL	TEMPORARY_RAW_LOG_PATH	pack directory is indexed as historical/local-only governed residue	registry/proofpack-index.jsonl existing governance entry	KEEP_LOCAL_AS_GOVERNED	contains /raw/ execution evidence	proof_packs/UNTRACKED_RESIDUE_CLEARANCE_2026-03-07_1630_870348944/
proof_packs/UNTRACKED_RESIDUE_CLEARANCE_2026-03-07_1630_870348944/raw/git_rev_parse_short.txt	10	LOCAL_ONLY_HISTORICAL	TEMPORARY_RAW_LOG_PATH	pack directory is indexed as historical/local-only governed residue	registry/proofpack-index.jsonl existing governance entry	KEEP_LOCAL_AS_GOVERNED	contains /raw/ execution evidence	proof_packs/UNTRACKED_RESIDUE_CLEARANCE_2026-03-07_1630_870348944/
proof_packs/UNTRACKED_RESIDUE_CLEARANCE_2026-03-07_1630_870348944/raw/git_status.txt	2449	LOCAL_ONLY_HISTORICAL	TEMPORARY_RAW_LOG_PATH	pack directory is indexed as historical/local-only governed residue	registry/proofpack-index.jsonl existing governance entry	KEEP_LOCAL_AS_GOVERNED	contains /raw/ execution evidence	proof_packs/UNTRACKED_RESIDUE_CLEARANCE_2026-03-07_1630_870348944/
proof_packs/UNTRACKED_RESIDUE_CLEARANCE_2026-03-07_1630_870348944/raw/git_status_sb.txt	1970	LOCAL_ONLY_HISTORICAL	TEMPORARY_RAW_LOG_PATH	pack directory is indexed as historical/local-only governed residue	registry/proofpack-index.jsonl existing governance entry	KEEP_LOCAL_AS_GOVERNED	contains /raw/ execution evidence	proof_packs/UNTRACKED_RESIDUE_CLEARANCE_2026-03-07_1630_870348944/
proof_packs/UNTRACKED_RESIDUE_CLEARANCE_2026-03-07_1630_870348944/raw/git_status_short.txt	1937	LOCAL_ONLY_HISTORICAL	TEMPORARY_RAW_LOG_PATH	pack directory is indexed as historical/local-only governed residue	registry/proofpack-index.jsonl existing governance entry	KEEP_LOCAL_AS_GOVERNED	contains /raw/ execution evidence	proof_packs/UNTRACKED_RESIDUE_CLEARANCE_2026-03-07_1630_870348944/
proof_packs/UNTRACKED_RESIDUE_CLEARANCE_2026-03-07_1630_870348944/raw/git_untracked_name_only.txt	85072	LOCAL_ONLY_HISTORICAL	TEMPORARY_RAW_LOG_PATH	pack directory is indexed as historical/local-only governed residue	registry/proofpack-index.jsonl existing governance entry	KEEP_LOCAL_AS_GOVERNED	contains /raw/ execution evidence	proof_packs/UNTRACKED_RESIDUE_CLEARANCE_2026-03-07_1630_870348944/
proof_packs/UNTRACKED_RESIDUE_CLEARANCE_2026-03-07_1630_870348944/raw/isolated_boundary_invalid_paths.txt	0	LOCAL_ONLY_HISTORICAL	TEMPORARY_RAW_LOG_PATH	pack directory is indexed as historical/local-only governed residue	registry/proofpack-index.jsonl existing governance entry	KEEP_LOCAL_AS_GOVERNED	contains /raw/ execution evidence	proof_packs/UNTRACKED_RESIDUE_CLEARANCE_2026-03-07_1630_870348944/
proof_packs/UNTRACKED_RESIDUE_CLEARANCE_2026-03-07_1630_870348944/raw/isolated_boundary_paths.txt	4254	LOCAL_ONLY_HISTORICAL	TEMPORARY_RAW_LOG_PATH	pack directory is indexed as historical/local-only governed residue	registry/proofpack-index.jsonl existing governance entry	KEEP_LOCAL_AS_GOVERNED	contains /raw/ execution evidence	proof_packs/UNTRACKED_RESIDUE_CLEARANCE_2026-03-07_1630_870348944/
proof_packs/UNTRACKED_RESIDUE_CLEARANCE_2026-03-07_1630_870348944/raw/isolated_commit.exitcode	2	LOCAL_ONLY_HISTORICAL	TEMPORARY_RAW_LOG_PATH	pack directory is indexed as historical/local-only governed residue	registry/proofpack-index.jsonl existing governance entry	KEEP_LOCAL_AS_GOVERNED	contains /raw/ execution evidence	proof_packs/UNTRACKED_RESIDUE_CLEARANCE_2026-03-07_1630_870348944/
proof_packs/UNTRACKED_RESIDUE_CLEARANCE_2026-03-07_1630_870348944/raw/isolated_commit_changed_files.txt	3913	LOCAL_ONLY_HISTORICAL	TEMPORARY_RAW_LOG_PATH	pack directory is indexed as historical/local-only governed residue	registry/proofpack-index.jsonl existing governance entry	KEEP_LOCAL_AS_GOVERNED	contains /raw/ execution evidence	proof_packs/UNTRACKED_RESIDUE_CLEARANCE_2026-03-07_1630_870348944/
proof_packs/UNTRACKED_RESIDUE_CLEARANCE_2026-03-07_1630_870348944/raw/isolated_commit_changed_set.txt	3913	LOCAL_ONLY_HISTORICAL	TEMPORARY_RAW_LOG_PATH	pack directory is indexed as historical/local-only governed residue	registry/proofpack-index.jsonl existing governance entry	KEEP_LOCAL_AS_GOVERNED	contains /raw/ execution evidence	proof_packs/UNTRACKED_RESIDUE_CLEARANCE_2026-03-07_1630_870348944/
proof_packs/UNTRACKED_RESIDUE_CLEARANCE_2026-03-07_1630_870348944/raw/isolated_commit_hash.txt	10	LOCAL_ONLY_HISTORICAL	TEMPORARY_RAW_LOG_PATH	pack directory is indexed as historical/local-only governed residue	registry/proofpack-index.jsonl existing governance entry	KEEP_LOCAL_AS_GOVERNED	contains /raw/ execution evidence	proof_packs/UNTRACKED_RESIDUE_CLEARANCE_2026-03-07_1630_870348944/
proof_packs/UNTRACKED_RESIDUE_CLEARANCE_2026-03-07_1630_870348944/raw/post_commit_counts.env	424	LOCAL_ONLY_HISTORICAL	TEMPORARY_RAW_LOG_PATH	pack directory is indexed as historical/local-only governed residue	registry/proofpack-index.jsonl existing governance entry	KEEP_LOCAL_AS_GOVERNED	contains /raw/ execution evidence	proof_packs/UNTRACKED_RESIDUE_CLEARANCE_2026-03-07_1630_870348944/
proof_packs/UNTRACKED_RESIDUE_CLEARANCE_2026-03-07_1630_870348944/raw/post_commit_staged_names.txt	0	LOCAL_ONLY_HISTORICAL	TEMPORARY_RAW_LOG_PATH	pack directory is indexed as historical/local-only governed residue	registry/proofpack-index.jsonl existing governance entry	KEEP_LOCAL_AS_GOVERNED	contains /raw/ execution evidence	proof_packs/UNTRACKED_RESIDUE_CLEARANCE_2026-03-07_1630_870348944/
proof_packs/UNTRACKED_RESIDUE_CLEARANCE_2026-03-07_1630_870348944/raw/post_commit_status_sb.txt	1868	LOCAL_ONLY_HISTORICAL	TEMPORARY_RAW_LOG_PATH	pack directory is indexed as historical/local-only governed residue	registry/proofpack-index.jsonl existing governance entry	KEEP_LOCAL_AS_GOVERNED	contains /raw/ execution evidence	proof_packs/UNTRACKED_RESIDUE_CLEARANCE_2026-03-07_1630_870348944/
proof_packs/UNTRACKED_RESIDUE_CLEARANCE_2026-03-07_1630_870348944/raw/post_commit_status_short.txt	1835	LOCAL_ONLY_HISTORICAL	TEMPORARY_RAW_LOG_PATH	pack directory is indexed as historical/local-only governed residue	registry/proofpack-index.jsonl existing governance entry	KEEP_LOCAL_AS_GOVERNED	contains /raw/ execution evidence	proof_packs/UNTRACKED_RESIDUE_CLEARANCE_2026-03-07_1630_870348944/
proof_packs/UNTRACKED_RESIDUE_CLEARANCE_2026-03-07_1630_870348944/raw/post_commit_tracked_modified.txt	0	LOCAL_ONLY_HISTORICAL	TEMPORARY_RAW_LOG_PATH	pack directory is indexed as historical/local-only governed residue	registry/proofpack-index.jsonl existing governance entry	KEEP_LOCAL_AS_GOVERNED	contains /raw/ execution evidence	proof_packs/UNTRACKED_RESIDUE_CLEARANCE_2026-03-07_1630_870348944/
proof_packs/UNTRACKED_RESIDUE_CLEARANCE_2026-03-07_1630_870348944/raw/post_commit_untracked_class_counts.env	56	LOCAL_ONLY_HISTORICAL	TEMPORARY_RAW_LOG_PATH	pack directory is indexed as historical/local-only governed residue	registry/proofpack-index.jsonl existing governance entry	KEEP_LOCAL_AS_GOVERNED	contains /raw/ execution evidence	proof_packs/UNTRACKED_RESIDUE_CLEARANCE_2026-03-07_1630_870348944/
proof_packs/UNTRACKED_RESIDUE_CLEARANCE_2026-03-07_1630_870348944/raw/post_commit_untracked_classification.tsv	249446	LOCAL_ONLY_HISTORICAL	TEMPORARY_RAW_LOG_PATH	pack directory is indexed as historical/local-only governed residue	registry/proofpack-index.jsonl existing governance entry	KEEP_LOCAL_AS_GOVERNED	contains /raw/ execution evidence	proof_packs/UNTRACKED_RESIDUE_CLEARANCE_2026-03-07_1630_870348944/
proof_packs/UNTRACKED_RESIDUE_CLEARANCE_2026-03-07_1630_870348944/raw/post_commit_untracked_names.txt	84380	LOCAL_ONLY_HISTORICAL	TEMPORARY_RAW_LOG_PATH	pack directory is indexed as historical/local-only governed residue	registry/proofpack-index.jsonl existing governance entry	KEEP_LOCAL_AS_GOVERNED	contains /raw/ execution evidence	proof_packs/UNTRACKED_RESIDUE_CLEARANCE_2026-03-07_1630_870348944/
proof_packs/UNTRACKED_RESIDUE_CLEARANCE_2026-03-07_1630_870348944/raw/post_commit_untracked_set.txt	84380	LOCAL_ONLY_HISTORICAL	TEMPORARY_RAW_LOG_PATH	pack directory is indexed as historical/local-only governed residue	registry/proofpack-index.jsonl existing governance entry	KEEP_LOCAL_AS_GOVERNED	contains /raw/ execution evidence	proof_packs/UNTRACKED_RESIDUE_CLEARANCE_2026-03-07_1630_870348944/
proof_packs/UNTRACKED_RESIDUE_CLEARANCE_2026-03-07_1630_870348944/raw/stage_exactness_stats.env	567	LOCAL_ONLY_HISTORICAL	TEMPORARY_RAW_LOG_PATH	pack directory is indexed as historical/local-only governed residue	registry/proofpack-index.jsonl existing governance entry	KEEP_LOCAL_AS_GOVERNED	contains /raw/ execution evidence	proof_packs/UNTRACKED_RESIDUE_CLEARANCE_2026-03-07_1630_870348944/
proof_packs/UNTRACKED_RESIDUE_CLEARANCE_2026-03-07_1630_870348944/raw/stage_missing_vs_dryrun.txt	0	LOCAL_ONLY_HISTORICAL	TEMPORARY_RAW_LOG_PATH	pack directory is indexed as historical/local-only governed residue	registry/proofpack-index.jsonl existing governance entry	KEEP_LOCAL_AS_GOVERNED	contains /raw/ execution evidence	proof_packs/UNTRACKED_RESIDUE_CLEARANCE_2026-03-07_1630_870348944/
proof_packs/UNTRACKED_RESIDUE_CLEARANCE_2026-03-07_1630_870348944/raw/stage_unexpected_vs_dryrun.txt	0	LOCAL_ONLY_HISTORICAL	TEMPORARY_RAW_LOG_PATH	pack directory is indexed as historical/local-only governed residue	registry/proofpack-index.jsonl existing governance entry	KEEP_LOCAL_AS_GOVERNED	contains /raw/ execution evidence	proof_packs/UNTRACKED_RESIDUE_CLEARANCE_2026-03-07_1630_870348944/
proof_packs/UNTRACKED_RESIDUE_CLEARANCE_2026-03-07_1630_870348944/raw/staged_count_after_exact_stage.txt	108	LOCAL_ONLY_HISTORICAL	TEMPORARY_RAW_LOG_PATH	pack directory is indexed as historical/local-only governed residue	registry/proofpack-index.jsonl existing governance entry	KEEP_LOCAL_AS_GOVERNED	contains /raw/ execution evidence	proof_packs/UNTRACKED_RESIDUE_CLEARANCE_2026-03-07_1630_870348944/
proof_packs/UNTRACKED_RESIDUE_CLEARANCE_2026-03-07_1630_870348944/raw/staged_names_after_exact_stage.txt	3913	LOCAL_ONLY_HISTORICAL	TEMPORARY_RAW_LOG_PATH	pack directory is indexed as historical/local-only governed residue	registry/proofpack-index.jsonl existing governance entry	KEEP_LOCAL_AS_GOVERNED	contains /raw/ execution evidence	proof_packs/UNTRACKED_RESIDUE_CLEARANCE_2026-03-07_1630_870348944/
proof_packs/UNTRACKED_RESIDUE_CLEARANCE_2026-03-07_1630_870348944/raw/staged_names_set.txt	3913	LOCAL_ONLY_HISTORICAL	TEMPORARY_RAW_LOG_PATH	pack directory is indexed as historical/local-only governed residue	registry/proofpack-index.jsonl existing governance entry	KEEP_LOCAL_AS_GOVERNED	contains /raw/ execution evidence	proof_packs/UNTRACKED_RESIDUE_CLEARANCE_2026-03-07_1630_870348944/
proof_packs/UNTRACKED_RESIDUE_CLEARANCE_2026-03-07_1630_870348944/raw/status_short_after_exact_stage.txt	5889	LOCAL_ONLY_HISTORICAL	TEMPORARY_RAW_LOG_PATH	pack directory is indexed as historical/local-only governed residue	registry/proofpack-index.jsonl existing governance entry	KEEP_LOCAL_AS_GOVERNED	contains /raw/ execution evidence	proof_packs/UNTRACKED_RESIDUE_CLEARANCE_2026-03-07_1630_870348944/
proof_packs/UNTRACKED_RESIDUE_CLEARANCE_2026-03-07_1630_870348944/raw/untracked_classification_counts.env	96	LOCAL_ONLY_HISTORICAL	TEMPORARY_RAW_LOG_PATH	pack directory is indexed as historical/local-only governed residue	registry/proofpack-index.jsonl existing governance entry	KEEP_LOCAL_AS_GOVERNED	contains /raw/ execution evidence	proof_packs/UNTRACKED_RESIDUE_CLEARANCE_2026-03-07_1630_870348944/
proof_packs/UNTRACKED_RESIDUE_CLEARANCE_2026-03-07_1630_870348944/raw/untracked_group_level2_counts.txt	1867	LOCAL_ONLY_HISTORICAL	TEMPORARY_RAW_LOG_PATH	pack directory is indexed as historical/local-only governed residue	registry/proofpack-index.jsonl existing governance entry	KEEP_LOCAL_AS_GOVERNED	contains /raw/ execution evidence	proof_packs/UNTRACKED_RESIDUE_CLEARANCE_2026-03-07_1630_870348944/
proof_packs/UNTRACKED_RESIDUE_CLEARANCE_2026-03-07_1630_870348944/raw/untracked_inventory_stats.env	393	LOCAL_ONLY_HISTORICAL	TEMPORARY_RAW_LOG_PATH	pack directory is indexed as historical/local-only governed residue	registry/proofpack-index.jsonl existing governance entry	KEEP_LOCAL_AS_GOVERNED	contains /raw/ execution evidence	proof_packs/UNTRACKED_RESIDUE_CLEARANCE_2026-03-07_1630_870348944/
proof_packs/UNTRACKED_RESIDUE_CLEARANCE_2026-03-07_1630_870348944/raw/untracked_mapped_total.env	17	LOCAL_ONLY_HISTORICAL	TEMPORARY_RAW_LOG_PATH	pack directory is indexed as historical/local-only governed residue	registry/proofpack-index.jsonl existing governance entry	KEEP_LOCAL_AS_GOVERNED	contains /raw/ execution evidence	proof_packs/UNTRACKED_RESIDUE_CLEARANCE_2026-03-07_1630_870348944/
proof_packs/UNTRACKED_RESIDUE_CLEARANCE_2026-03-07_1630_870348944/raw/untracked_multi_role_count.env	25	LOCAL_ONLY_HISTORICAL	TEMPORARY_RAW_LOG_PATH	pack directory is indexed as historical/local-only governed residue	registry/proofpack-index.jsonl existing governance entry	KEEP_LOCAL_AS_GOVERNED	contains /raw/ execution evidence	proof_packs/UNTRACKED_RESIDUE_CLEARANCE_2026-03-07_1630_870348944/
proof_packs/UNTRACKED_RESIDUE_CLEARANCE_2026-03-07_1630_870348944/raw/untracked_path_map.tsv	239224	LOCAL_ONLY_HISTORICAL	TEMPORARY_RAW_LOG_PATH	pack directory is indexed as historical/local-only governed residue	registry/proofpack-index.jsonl existing governance entry	KEEP_LOCAL_AS_GOVERNED	contains /raw/ execution evidence	proof_packs/UNTRACKED_RESIDUE_CLEARANCE_2026-03-07_1630_870348944/
proof_packs/UNTRACKED_RESIDUE_CLEARANCE_2026-03-07_1630_870348944/raw/untracked_proofpack_dir_counts.txt	1867	LOCAL_ONLY_HISTORICAL	TEMPORARY_RAW_LOG_PATH	pack directory is indexed as historical/local-only governed residue	registry/proofpack-index.jsonl existing governance entry	KEEP_LOCAL_AS_GOVERNED	contains /raw/ execution evidence	proof_packs/UNTRACKED_RESIDUE_CLEARANCE_2026-03-07_1630_870348944/
proof_packs/UNTRACKED_RESIDUE_CLEARANCE_2026-03-07_1630_870348944/raw/untracked_safe_action_counts.env	46	LOCAL_ONLY_HISTORICAL	TEMPORARY_RAW_LOG_PATH	pack directory is indexed as historical/local-only governed residue	registry/proofpack-index.jsonl existing governance entry	KEEP_LOCAL_AS_GOVERNED	contains /raw/ execution evidence	proof_packs/UNTRACKED_RESIDUE_CLEARANCE_2026-03-07_1630_870348944/
proof_packs/UNTRACKED_RESIDUE_CLEARANCE_2026-03-07_1630_870348944/raw/untracked_unknown_count.env	16	LOCAL_ONLY_HISTORICAL	TEMPORARY_RAW_LOG_PATH	pack directory is indexed as historical/local-only governed residue	registry/proofpack-index.jsonl existing governance entry	KEEP_LOCAL_AS_GOVERNED	contains /raw/ execution evidence	proof_packs/UNTRACKED_RESIDUE_CLEARANCE_2026-03-07_1630_870348944/
proof_packs/WAKE_PROTOCOL_READY_STATE_2026-03-07_0815_757ae4d4c/00_EXEC_SUMMARY.md	790	LOCAL_ONLY_HISTORICAL	HISTORICAL_PROOFPACK_PATH	pack directory is indexed as historical/local-only governed residue	registry/proofpack-index.jsonl existing governance entry	KEEP_LOCAL_AS_GOVERNED	default proof-pack path	proof_packs/WAKE_PROTOCOL_READY_STATE_2026-03-07_0815_757ae4d4c/
proof_packs/WAKE_PROTOCOL_READY_STATE_2026-03-07_0815_757ae4d4c/01_BOOTSTRAP.md	1038	LOCAL_ONLY_HISTORICAL	HISTORICAL_PROOFPACK_PATH	pack directory is indexed as historical/local-only governed residue	registry/proofpack-index.jsonl existing governance entry	KEEP_LOCAL_AS_GOVERNED	default proof-pack path	proof_packs/WAKE_PROTOCOL_READY_STATE_2026-03-07_0815_757ae4d4c/
proof_packs/WAKE_PROTOCOL_READY_STATE_2026-03-07_0815_757ae4d4c/02_STANDBY_BASELINE_REFERENCE.md	1172	LOCAL_ONLY_HISTORICAL	HISTORICAL_PROOFPACK_PATH	pack directory is indexed as historical/local-only governed residue	registry/proofpack-index.jsonl existing governance entry	KEEP_LOCAL_AS_GOVERNED	default proof-pack path	proof_packs/WAKE_PROTOCOL_READY_STATE_2026-03-07_0815_757ae4d4c/
proof_packs/WAKE_PROTOCOL_READY_STATE_2026-03-07_0815_757ae4d4c/03_TRIGGER_THRESHOLD_RULES.md	1861	LOCAL_ONLY_HISTORICAL	HISTORICAL_PROOFPACK_PATH	pack directory is indexed as historical/local-only governed residue	registry/proofpack-index.jsonl existing governance entry	KEEP_LOCAL_AS_GOVERNED	default proof-pack path	proof_packs/WAKE_PROTOCOL_READY_STATE_2026-03-07_0815_757ae4d4c/
proof_packs/WAKE_PROTOCOL_READY_STATE_2026-03-07_0815_757ae4d4c/04_WAKE_PATH_MAPPING.md	1561	LOCAL_ONLY_HISTORICAL	HISTORICAL_PROOFPACK_PATH	pack directory is indexed as historical/local-only governed residue	registry/proofpack-index.jsonl existing governance entry	KEEP_LOCAL_AS_GOVERNED	default proof-pack path	proof_packs/WAKE_PROTOCOL_READY_STATE_2026-03-07_0815_757ae4d4c/
proof_packs/WAKE_PROTOCOL_READY_STATE_2026-03-07_0815_757ae4d4c/05_FORBIDDEN_ACTIONS_DURING_WAKE.md	1001	LOCAL_ONLY_HISTORICAL	HISTORICAL_PROOFPACK_PATH	pack directory is indexed as historical/local-only governed residue	registry/proofpack-index.jsonl existing governance entry	KEEP_LOCAL_AS_GOVERNED	default proof-pack path	proof_packs/WAKE_PROTOCOL_READY_STATE_2026-03-07_0815_757ae4d4c/
proof_packs/WAKE_PROTOCOL_READY_STATE_2026-03-07_0815_757ae4d4c/06_WAKE_DECISION_MATRIX.md	1985	LOCAL_ONLY_HISTORICAL	HISTORICAL_PROOFPACK_PATH	pack directory is indexed as historical/local-only governed residue	registry/proofpack-index.jsonl existing governance entry	KEEP_LOCAL_AS_GOVERNED	default proof-pack path	proof_packs/WAKE_PROTOCOL_READY_STATE_2026-03-07_0815_757ae4d4c/
proof_packs/WAKE_PROTOCOL_READY_STATE_2026-03-07_0815_757ae4d4c/07_OPERATOR_HANDOFF.md	1597	LOCAL_ONLY_HISTORICAL	HISTORICAL_PROOFPACK_PATH	pack directory is indexed as historical/local-only governed residue	registry/proofpack-index.jsonl existing governance entry	KEEP_LOCAL_AS_GOVERNED	default proof-pack path	proof_packs/WAKE_PROTOCOL_READY_STATE_2026-03-07_0815_757ae4d4c/
proof_packs/WAKE_PROTOCOL_READY_STATE_2026-03-07_0815_757ae4d4c/ROLLBACK.md	175	LOCAL_ONLY_HISTORICAL	HISTORICAL_PROOFPACK_PATH	pack directory is indexed as historical/local-only governed residue	registry/proofpack-index.jsonl existing governance entry	KEEP_LOCAL_AS_GOVERNED	default proof-pack path	proof_packs/WAKE_PROTOCOL_READY_STATE_2026-03-07_0815_757ae4d4c/
proof_packs/WAKE_PROTOCOL_READY_STATE_2026-03-07_0815_757ae4d4c/VERDICT.md	263	LOCAL_ONLY_HISTORICAL	HISTORICAL_PROOFPACK_PATH	pack directory is indexed as historical/local-only governed residue	registry/proofpack-index.jsonl existing governance entry	KEEP_LOCAL_AS_GOVERNED	default proof-pack path	proof_packs/WAKE_PROTOCOL_READY_STATE_2026-03-07_0815_757ae4d4c/
proof_packs/WAKE_PROTOCOL_READY_STATE_2026-03-07_0815_757ae4d4c/raw/authorized_wake_paths_validated.txt	58	LOCAL_ONLY_HISTORICAL	TEMPORARY_RAW_LOG_PATH	pack directory is indexed as historical/local-only governed residue	registry/proofpack-index.jsonl existing governance entry	KEEP_LOCAL_AS_GOVERNED	contains /raw/ execution evidence	proof_packs/WAKE_PROTOCOL_READY_STATE_2026-03-07_0815_757ae4d4c/
proof_packs/WAKE_PROTOCOL_READY_STATE_2026-03-07_0815_757ae4d4c/raw/bootstrap_summary.txt	252	LOCAL_ONLY_HISTORICAL	TEMPORARY_RAW_LOG_PATH	pack directory is indexed as historical/local-only governed residue	registry/proofpack-index.jsonl existing governance entry	KEEP_LOCAL_AS_GOVERNED	contains /raw/ execution evidence	proof_packs/WAKE_PROTOCOL_READY_STATE_2026-03-07_0815_757ae4d4c/
proof_packs/WAKE_PROTOCOL_READY_STATE_2026-03-07_0815_757ae4d4c/raw/check_active_baseline_standby_confirmed.txt	36	LOCAL_ONLY_HISTORICAL	TEMPORARY_RAW_LOG_PATH	pack directory is indexed as historical/local-only governed residue	registry/proofpack-index.jsonl existing governance entry	KEEP_LOCAL_AS_GOVERNED	contains /raw/ execution evidence	proof_packs/WAKE_PROTOCOL_READY_STATE_2026-03-07_0815_757ae4d4c/
proof_packs/WAKE_PROTOCOL_READY_STATE_2026-03-07_0815_757ae4d4c/raw/check_canonical_baseline_757ae4d4c.txt	32	LOCAL_ONLY_HISTORICAL	TEMPORARY_RAW_LOG_PATH	pack directory is indexed as historical/local-only governed residue	registry/proofpack-index.jsonl existing governance entry	KEEP_LOCAL_AS_GOVERNED	contains /raw/ execution evidence	proof_packs/WAKE_PROTOCOL_READY_STATE_2026-03-07_0815_757ae4d4c/
proof_packs/WAKE_PROTOCOL_READY_STATE_2026-03-07_0815_757ae4d4c/raw/current_standby_signals.txt	215	LOCAL_ONLY_HISTORICAL	TEMPORARY_RAW_LOG_PATH	pack directory is indexed as historical/local-only governed residue	registry/proofpack-index.jsonl existing governance entry	KEEP_LOCAL_AS_GOVERNED	contains /raw/ execution evidence	proof_packs/WAKE_PROTOCOL_READY_STATE_2026-03-07_0815_757ae4d4c/
proof_packs/WAKE_PROTOCOL_READY_STATE_2026-03-07_0815_757ae4d4c/raw/git_branch_show_current.txt	5	LOCAL_ONLY_HISTORICAL	TEMPORARY_RAW_LOG_PATH	pack directory is indexed as historical/local-only governed residue	registry/proofpack-index.jsonl existing governance entry	KEEP_LOCAL_AS_GOVERNED	contains /raw/ execution evidence	proof_packs/WAKE_PROTOCOL_READY_STATE_2026-03-07_0815_757ae4d4c/
proof_packs/WAKE_PROTOCOL_READY_STATE_2026-03-07_0815_757ae4d4c/raw/git_rev_parse_short.txt	10	LOCAL_ONLY_HISTORICAL	TEMPORARY_RAW_LOG_PATH	pack directory is indexed as historical/local-only governed residue	registry/proofpack-index.jsonl existing governance entry	KEEP_LOCAL_AS_GOVERNED	contains /raw/ execution evidence	proof_packs/WAKE_PROTOCOL_READY_STATE_2026-03-07_0815_757ae4d4c/
proof_packs/WAKE_PROTOCOL_READY_STATE_2026-03-07_0815_757ae4d4c/raw/git_status_short.txt	846	LOCAL_ONLY_HISTORICAL	TEMPORARY_RAW_LOG_PATH	pack directory is indexed as historical/local-only governed residue	registry/proofpack-index.jsonl existing governance entry	KEEP_LOCAL_AS_GOVERNED	contains /raw/ execution evidence	proof_packs/WAKE_PROTOCOL_READY_STATE_2026-03-07_0815_757ae4d4c/
proof_packs/WAKE_PROTOCOL_READY_STATE_2026-03-07_0815_757ae4d4c/raw/sentinel_decision_reference.md	1171	LOCAL_ONLY_HISTORICAL	TEMPORARY_RAW_LOG_PATH	pack directory is indexed as historical/local-only governed residue	registry/proofpack-index.jsonl existing governance entry	KEEP_LOCAL_AS_GOVERNED	contains /raw/ execution evidence	proof_packs/WAKE_PROTOCOL_READY_STATE_2026-03-07_0815_757ae4d4c/
proof_packs/WAKE_PROTOCOL_READY_STATE_2026-03-07_0815_757ae4d4c/raw/sentinel_pack_reference.txt	60	LOCAL_ONLY_HISTORICAL	TEMPORARY_RAW_LOG_PATH	pack directory is indexed as historical/local-only governed residue	registry/proofpack-index.jsonl existing governance entry	KEEP_LOCAL_AS_GOVERNED	contains /raw/ execution evidence	proof_packs/WAKE_PROTOCOL_READY_STATE_2026-03-07_0815_757ae4d4c/
proof_packs/WAKE_PROTOCOL_READY_STATE_2026-03-07_0815_757ae4d4c/raw/sentinel_standby_decision_eval_reference.txt	170	LOCAL_ONLY_HISTORICAL	TEMPORARY_RAW_LOG_PATH	pack directory is indexed as historical/local-only governed residue	registry/proofpack-index.jsonl existing governance entry	KEEP_LOCAL_AS_GOVERNED	contains /raw/ execution evidence	proof_packs/WAKE_PROTOCOL_READY_STATE_2026-03-07_0815_757ae4d4c/
proof_packs/WAKE_PROTOCOL_READY_STATE_2026-03-07_0815_757ae4d4c/raw/sentinel_triggers_reference.md	1025	LOCAL_ONLY_HISTORICAL	TEMPORARY_RAW_LOG_PATH	pack directory is indexed as historical/local-only governed residue	registry/proofpack-index.jsonl existing governance entry	KEEP_LOCAL_AS_GOVERNED	contains /raw/ execution evidence	proof_packs/WAKE_PROTOCOL_READY_STATE_2026-03-07_0815_757ae4d4c/
proof_packs/WAKE_PROTOCOL_READY_STATE_2026-03-07_0815_757ae4d4c/raw/sentinel_verdict_reference.md	162	LOCAL_ONLY_HISTORICAL	TEMPORARY_RAW_LOG_PATH	pack directory is indexed as historical/local-only governed residue	registry/proofpack-index.jsonl existing governance entry	KEEP_LOCAL_AS_GOVERNED	contains /raw/ execution evidence	proof_packs/WAKE_PROTOCOL_READY_STATE_2026-03-07_0815_757ae4d4c/
proof_packs/WORKSPACE_HYGIENE_AND_SEAL_2026-03-07_0711_757ae4d4c/00_EXEC_SUMMARY.md	599	LOCAL_ONLY_HISTORICAL	HISTORICAL_PROOFPACK_PATH	pack directory is indexed as historical/local-only governed residue	registry/proofpack-index.jsonl existing governance entry	KEEP_LOCAL_AS_GOVERNED	default proof-pack path	proof_packs/WORKSPACE_HYGIENE_AND_SEAL_2026-03-07_0711_757ae4d4c/
proof_packs/WORKSPACE_HYGIENE_AND_SEAL_2026-03-07_0711_757ae4d4c/01_BOOTSTRAP.md	548	LOCAL_ONLY_HISTORICAL	HISTORICAL_PROOFPACK_PATH	pack directory is indexed as historical/local-only governed residue	registry/proofpack-index.jsonl existing governance entry	KEEP_LOCAL_AS_GOVERNED	default proof-pack path	proof_packs/WORKSPACE_HYGIENE_AND_SEAL_2026-03-07_0711_757ae4d4c/
proof_packs/WORKSPACE_HYGIENE_AND_SEAL_2026-03-07_0711_757ae4d4c/02_BASELINE_AND_CI_TRUTH.md	659	LOCAL_ONLY_HISTORICAL	HISTORICAL_PROOFPACK_PATH	pack directory is indexed as historical/local-only governed residue	registry/proofpack-index.jsonl existing governance entry	KEEP_LOCAL_AS_GOVERNED	default proof-pack path	proof_packs/WORKSPACE_HYGIENE_AND_SEAL_2026-03-07_0711_757ae4d4c/
proof_packs/WORKSPACE_HYGIENE_AND_SEAL_2026-03-07_0711_757ae4d4c/03_WORKSPACE_TRUTH.md	681	LOCAL_ONLY_HISTORICAL	HISTORICAL_PROOFPACK_PATH	pack directory is indexed as historical/local-only governed residue	registry/proofpack-index.jsonl existing governance entry	KEEP_LOCAL_AS_GOVERNED	default proof-pack path	proof_packs/WORKSPACE_HYGIENE_AND_SEAL_2026-03-07_0711_757ae4d4c/
proof_packs/WORKSPACE_HYGIENE_AND_SEAL_2026-03-07_0711_757ae4d4c/04_PROOF_PACK_POLICY_TRUTH.md	974	LOCAL_ONLY_HISTORICAL	HISTORICAL_PROOFPACK_PATH	pack directory is indexed as historical/local-only governed residue	registry/proofpack-index.jsonl existing governance entry	KEEP_LOCAL_AS_GOVERNED	default proof-pack path	proof_packs/WORKSPACE_HYGIENE_AND_SEAL_2026-03-07_0711_757ae4d4c/
proof_packs/WORKSPACE_HYGIENE_AND_SEAL_2026-03-07_0711_757ae4d4c/05_ACTION_PATH.md	616	LOCAL_ONLY_HISTORICAL	HISTORICAL_PROOFPACK_PATH	pack directory is indexed as historical/local-only governed residue	registry/proofpack-index.jsonl existing governance entry	KEEP_LOCAL_AS_GOVERNED	default proof-pack path	proof_packs/WORKSPACE_HYGIENE_AND_SEAL_2026-03-07_0711_757ae4d4c/
proof_packs/WORKSPACE_HYGIENE_AND_SEAL_2026-03-07_0711_757ae4d4c/06_LIGHT_RECHECKS.md	662	LOCAL_ONLY_HISTORICAL	HISTORICAL_PROOFPACK_PATH	pack directory is indexed as historical/local-only governed residue	registry/proofpack-index.jsonl existing governance entry	KEEP_LOCAL_AS_GOVERNED	default proof-pack path	proof_packs/WORKSPACE_HYGIENE_AND_SEAL_2026-03-07_0711_757ae4d4c/
proof_packs/WORKSPACE_HYGIENE_AND_SEAL_2026-03-07_0711_757ae4d4c/07_IMPACT_AND_SAFETY.md	346	LOCAL_ONLY_HISTORICAL	HISTORICAL_PROOFPACK_PATH	pack directory is indexed as historical/local-only governed residue	registry/proofpack-index.jsonl existing governance entry	KEEP_LOCAL_AS_GOVERNED	default proof-pack path	proof_packs/WORKSPACE_HYGIENE_AND_SEAL_2026-03-07_0711_757ae4d4c/
proof_packs/WORKSPACE_HYGIENE_AND_SEAL_2026-03-07_0711_757ae4d4c/08_RESIDUAL_RISKS.md	412	LOCAL_ONLY_HISTORICAL	HISTORICAL_PROOFPACK_PATH	pack directory is indexed as historical/local-only governed residue	registry/proofpack-index.jsonl existing governance entry	KEEP_LOCAL_AS_GOVERNED	default proof-pack path	proof_packs/WORKSPACE_HYGIENE_AND_SEAL_2026-03-07_0711_757ae4d4c/
proof_packs/WORKSPACE_HYGIENE_AND_SEAL_2026-03-07_0711_757ae4d4c/09_STOP_LINE_DECISION.md	585	LOCAL_ONLY_HISTORICAL	HISTORICAL_PROOFPACK_PATH	pack directory is indexed as historical/local-only governed residue	registry/proofpack-index.jsonl existing governance entry	KEEP_LOCAL_AS_GOVERNED	default proof-pack path	proof_packs/WORKSPACE_HYGIENE_AND_SEAL_2026-03-07_0711_757ae4d4c/
proof_packs/WORKSPACE_HYGIENE_AND_SEAL_2026-03-07_0711_757ae4d4c/10_ROLLBACK.md	317	LOCAL_ONLY_HISTORICAL	HISTORICAL_PROOFPACK_PATH	pack directory is indexed as historical/local-only governed residue	registry/proofpack-index.jsonl existing governance entry	KEEP_LOCAL_AS_GOVERNED	default proof-pack path	proof_packs/WORKSPACE_HYGIENE_AND_SEAL_2026-03-07_0711_757ae4d4c/
proof_packs/WORKSPACE_HYGIENE_AND_SEAL_2026-03-07_0711_757ae4d4c/11_FINAL_DECISION.md	1038	LOCAL_ONLY_HISTORICAL	HISTORICAL_PROOFPACK_PATH	pack directory is indexed as historical/local-only governed residue	registry/proofpack-index.jsonl existing governance entry	KEEP_LOCAL_AS_GOVERNED	default proof-pack path	proof_packs/WORKSPACE_HYGIENE_AND_SEAL_2026-03-07_0711_757ae4d4c/
proof_packs/WORKSPACE_HYGIENE_AND_SEAL_2026-03-07_0711_757ae4d4c/ROLLBACK.md	139	LOCAL_ONLY_HISTORICAL	HISTORICAL_PROOFPACK_PATH	pack directory is indexed as historical/local-only governed residue	registry/proofpack-index.jsonl existing governance entry	KEEP_LOCAL_AS_GOVERNED	default proof-pack path	proof_packs/WORKSPACE_HYGIENE_AND_SEAL_2026-03-07_0711_757ae4d4c/
proof_packs/WORKSPACE_HYGIENE_AND_SEAL_2026-03-07_0711_757ae4d4c/VERDICT.md	33	LOCAL_ONLY_HISTORICAL	HISTORICAL_PROOFPACK_PATH	pack directory is indexed as historical/local-only governed residue	registry/proofpack-index.jsonl existing governance entry	KEEP_LOCAL_AS_GOVERNED	default proof-pack path	proof_packs/WORKSPACE_HYGIENE_AND_SEAL_2026-03-07_0711_757ae4d4c/
proof_packs/WORKSPACE_HYGIENE_AND_SEAL_2026-03-07_0711_757ae4d4c/raw/baseline_final_decision_previous.md	1219	LOCAL_ONLY_HISTORICAL	TEMPORARY_RAW_LOG_PATH	pack directory is indexed as historical/local-only governed residue	registry/proofpack-index.jsonl existing governance entry	KEEP_LOCAL_AS_GOVERNED	contains /raw/ execution evidence	proof_packs/WORKSPACE_HYGIENE_AND_SEAL_2026-03-07_0711_757ae4d4c/
proof_packs/WORKSPACE_HYGIENE_AND_SEAL_2026-03-07_0711_757ae4d4c/raw/copilot_instructions.md	2831	LOCAL_ONLY_HISTORICAL	TEMPORARY_RAW_LOG_PATH	pack directory is indexed as historical/local-only governed residue	registry/proofpack-index.jsonl existing governance entry	KEEP_LOCAL_AS_GOVERNED	contains /raw/ execution evidence	proof_packs/WORKSPACE_HYGIENE_AND_SEAL_2026-03-07_0711_757ae4d4c/
proof_packs/WORKSPACE_HYGIENE_AND_SEAL_2026-03-07_0711_757ae4d4c/raw/docs_registry_instructions.md	559	LOCAL_ONLY_HISTORICAL	TEMPORARY_RAW_LOG_PATH	pack directory is indexed as historical/local-only governed residue	registry/proofpack-index.jsonl existing governance entry	KEEP_LOCAL_AS_GOVERNED	contains /raw/ execution evidence	proof_packs/WORKSPACE_HYGIENE_AND_SEAL_2026-03-07_0711_757ae4d4c/
proof_packs/WORKSPACE_HYGIENE_AND_SEAL_2026-03-07_0711_757ae4d4c/raw/files__proof_packs__POST_MERGE_VALIDATION_2026-03-07_757ae4d4c__.txt	2691	LOCAL_ONLY_HISTORICAL	TEMPORARY_RAW_LOG_PATH	pack directory is indexed as historical/local-only governed residue	registry/proofpack-index.jsonl existing governance entry	KEEP_LOCAL_AS_GOVERNED	contains /raw/ execution evidence	proof_packs/WORKSPACE_HYGIENE_AND_SEAL_2026-03-07_0711_757ae4d4c/
proof_packs/WORKSPACE_HYGIENE_AND_SEAL_2026-03-07_0711_757ae4d4c/raw/files__proof_packs__PR_CI_UNBLOCK_2026-03-06_1847_5a48aa005__.txt	9289	LOCAL_ONLY_HISTORICAL	TEMPORARY_RAW_LOG_PATH	pack directory is indexed as historical/local-only governed residue	registry/proofpack-index.jsonl existing governance entry	KEEP_LOCAL_AS_GOVERNED	contains /raw/ execution evidence	proof_packs/WORKSPACE_HYGIENE_AND_SEAL_2026-03-07_0711_757ae4d4c/
proof_packs/WORKSPACE_HYGIENE_AND_SEAL_2026-03-07_0711_757ae4d4c/raw/files__proof_packs__PR_MAIN_SEAL_READINESS_2026-03-06_1752_5a48aa005__.txt	3966	LOCAL_ONLY_HISTORICAL	TEMPORARY_RAW_LOG_PATH	pack directory is indexed as historical/local-only governed residue	registry/proofpack-index.jsonl existing governance entry	KEEP_LOCAL_AS_GOVERNED	contains /raw/ execution evidence	proof_packs/WORKSPACE_HYGIENE_AND_SEAL_2026-03-07_0711_757ae4d4c/
proof_packs/WORKSPACE_HYGIENE_AND_SEAL_2026-03-07_0711_757ae4d4c/raw/files__proof_packs__UI_E2E_TOTAL_2026-03-06_1646_5a48aa005__.txt	9945	LOCAL_ONLY_HISTORICAL	TEMPORARY_RAW_LOG_PATH	pack directory is indexed as historical/local-only governed residue	registry/proofpack-index.jsonl existing governance entry	KEEP_LOCAL_AS_GOVERNED	contains /raw/ execution evidence	proof_packs/WORKSPACE_HYGIENE_AND_SEAL_2026-03-07_0711_757ae4d4c/
proof_packs/WORKSPACE_HYGIENE_AND_SEAL_2026-03-07_0711_757ae4d4c/raw/files__proof_packs__WORKSPACE_HYGIENE_AND_SEAL_2026-03-07_0711_757ae4d4c__.txt	2570	LOCAL_ONLY_HISTORICAL	TEMPORARY_RAW_LOG_PATH	pack directory is indexed as historical/local-only governed residue	registry/proofpack-index.jsonl existing governance entry	KEEP_LOCAL_AS_GOVERNED	contains /raw/ execution evidence	proof_packs/WORKSPACE_HYGIENE_AND_SEAL_2026-03-07_0711_757ae4d4c/
proof_packs/WORKSPACE_HYGIENE_AND_SEAL_2026-03-07_0711_757ae4d4c/raw/final_light_rechecks.txt	389	LOCAL_ONLY_HISTORICAL	TEMPORARY_RAW_LOG_PATH	pack directory is indexed as historical/local-only governed residue	registry/proofpack-index.jsonl existing governance entry	KEEP_LOCAL_AS_GOVERNED	contains /raw/ execution evidence	proof_packs/WORKSPACE_HYGIENE_AND_SEAL_2026-03-07_0711_757ae4d4c/
proof_packs/WORKSPACE_HYGIENE_AND_SEAL_2026-03-07_0711_757ae4d4c/raw/gh_runs_for_head.json	7367	LOCAL_ONLY_HISTORICAL	TEMPORARY_RAW_LOG_PATH	pack directory is indexed as historical/local-only governed residue	registry/proofpack-index.jsonl existing governance entry	KEEP_LOCAL_AS_GOVERNED	contains /raw/ execution evidence	proof_packs/WORKSPACE_HYGIENE_AND_SEAL_2026-03-07_0711_757ae4d4c/
proof_packs/WORKSPACE_HYGIENE_AND_SEAL_2026-03-07_0711_757ae4d4c/raw/gh_runs_for_head_table.txt	1281	LOCAL_ONLY_HISTORICAL	TEMPORARY_RAW_LOG_PATH	pack directory is indexed as historical/local-only governed residue	registry/proofpack-index.jsonl existing governance entry	KEEP_LOCAL_AS_GOVERNED	contains /raw/ execution evidence	proof_packs/WORKSPACE_HYGIENE_AND_SEAL_2026-03-07_0711_757ae4d4c/
proof_packs/WORKSPACE_HYGIENE_AND_SEAL_2026-03-07_0711_757ae4d4c/raw/git_branch_show_current.txt	5	LOCAL_ONLY_HISTORICAL	TEMPORARY_RAW_LOG_PATH	pack directory is indexed as historical/local-only governed residue	registry/proofpack-index.jsonl existing governance entry	KEEP_LOCAL_AS_GOVERNED	contains /raw/ execution evidence	proof_packs/WORKSPACE_HYGIENE_AND_SEAL_2026-03-07_0711_757ae4d4c/
proof_packs/WORKSPACE_HYGIENE_AND_SEAL_2026-03-07_0711_757ae4d4c/raw/git_diff_cached_name_only.txt	0	LOCAL_ONLY_HISTORICAL	TEMPORARY_RAW_LOG_PATH	pack directory is indexed as historical/local-only governed residue	registry/proofpack-index.jsonl existing governance entry	KEEP_LOCAL_AS_GOVERNED	contains /raw/ execution evidence	proof_packs/WORKSPACE_HYGIENE_AND_SEAL_2026-03-07_0711_757ae4d4c/
proof_packs/WORKSPACE_HYGIENE_AND_SEAL_2026-03-07_0711_757ae4d4c/raw/git_diff_name_only.txt	0	LOCAL_ONLY_HISTORICAL	TEMPORARY_RAW_LOG_PATH	pack directory is indexed as historical/local-only governed residue	registry/proofpack-index.jsonl existing governance entry	KEEP_LOCAL_AS_GOVERNED	contains /raw/ execution evidence	proof_packs/WORKSPACE_HYGIENE_AND_SEAL_2026-03-07_0711_757ae4d4c/
proof_packs/WORKSPACE_HYGIENE_AND_SEAL_2026-03-07_0711_757ae4d4c/raw/git_log_10_oneline.txt	714	LOCAL_ONLY_HISTORICAL	TEMPORARY_RAW_LOG_PATH	pack directory is indexed as historical/local-only governed residue	registry/proofpack-index.jsonl existing governance entry	KEEP_LOCAL_AS_GOVERNED	contains /raw/ execution evidence	proof_packs/WORKSPACE_HYGIENE_AND_SEAL_2026-03-07_0711_757ae4d4c/
proof_packs/WORKSPACE_HYGIENE_AND_SEAL_2026-03-07_0711_757ae4d4c/raw/git_rev_parse_short.txt	10	LOCAL_ONLY_HISTORICAL	TEMPORARY_RAW_LOG_PATH	pack directory is indexed as historical/local-only governed residue	registry/proofpack-index.jsonl existing governance entry	KEEP_LOCAL_AS_GOVERNED	contains /raw/ execution evidence	proof_packs/WORKSPACE_HYGIENE_AND_SEAL_2026-03-07_0711_757ae4d4c/
proof_packs/WORKSPACE_HYGIENE_AND_SEAL_2026-03-07_0711_757ae4d4c/raw/git_status_short.txt	304	LOCAL_ONLY_HISTORICAL	TEMPORARY_RAW_LOG_PATH	pack directory is indexed as historical/local-only governed residue	registry/proofpack-index.jsonl existing governance entry	KEEP_LOCAL_AS_GOVERNED	contains /raw/ execution evidence	proof_packs/WORKSPACE_HYGIENE_AND_SEAL_2026-03-07_0711_757ae4d4c/
proof_packs/WORKSPACE_HYGIENE_AND_SEAL_2026-03-07_0711_757ae4d4c/raw/gitignore.txt	2966	LOCAL_ONLY_HISTORICAL	TEMPORARY_RAW_LOG_PATH	pack directory is indexed as historical/local-only governed residue	registry/proofpack-index.jsonl existing governance entry	KEEP_LOCAL_AS_GOVERNED	contains /raw/ execution evidence	proof_packs/WORKSPACE_HYGIENE_AND_SEAL_2026-03-07_0711_757ae4d4c/
proof_packs/WORKSPACE_HYGIENE_AND_SEAL_2026-03-07_0711_757ae4d4c/raw/lib_cert.sh	8489	LOCAL_ONLY_HISTORICAL	TEMPORARY_RAW_LOG_PATH	pack directory is indexed as historical/local-only governed residue	registry/proofpack-index.jsonl existing governance entry	KEEP_LOCAL_AS_GOVERNED	contains /raw/ execution evidence	proof_packs/WORKSPACE_HYGIENE_AND_SEAL_2026-03-07_0711_757ae4d4c/
proof_packs/WORKSPACE_HYGIENE_AND_SEAL_2026-03-07_0711_757ae4d4c/raw/metric_head_non_success_or_pending.txt	2	LOCAL_ONLY_HISTORICAL	TEMPORARY_RAW_LOG_PATH	pack directory is indexed as historical/local-only governed residue	registry/proofpack-index.jsonl existing governance entry	KEEP_LOCAL_AS_GOVERNED	contains /raw/ execution evidence	proof_packs/WORKSPACE_HYGIENE_AND_SEAL_2026-03-07_0711_757ae4d4c/
proof_packs/WORKSPACE_HYGIENE_AND_SEAL_2026-03-07_0711_757ae4d4c/raw/metric_head_success_runs.txt	3	LOCAL_ONLY_HISTORICAL	TEMPORARY_RAW_LOG_PATH	pack directory is indexed as historical/local-only governed residue	registry/proofpack-index.jsonl existing governance entry	KEEP_LOCAL_AS_GOVERNED	contains /raw/ execution evidence	proof_packs/WORKSPACE_HYGIENE_AND_SEAL_2026-03-07_0711_757ae4d4c/
proof_packs/WORKSPACE_HYGIENE_AND_SEAL_2026-03-07_0711_757ae4d4c/raw/metric_head_total_runs.txt	3	LOCAL_ONLY_HISTORICAL	TEMPORARY_RAW_LOG_PATH	pack directory is indexed as historical/local-only governed residue	registry/proofpack-index.jsonl existing governance entry	KEEP_LOCAL_AS_GOVERNED	contains /raw/ execution evidence	proof_packs/WORKSPACE_HYGIENE_AND_SEAL_2026-03-07_0711_757ae4d4c/
proof_packs/WORKSPACE_HYGIENE_AND_SEAL_2026-03-07_0711_757ae4d4c/raw/policy_markers_rg.txt	1348	LOCAL_ONLY_HISTORICAL	TEMPORARY_RAW_LOG_PATH	pack directory is indexed as historical/local-only governed residue	registry/proofpack-index.jsonl existing governance entry	KEEP_LOCAL_AS_GOVERNED	contains /raw/ execution evidence	proof_packs/WORKSPACE_HYGIENE_AND_SEAL_2026-03-07_0711_757ae4d4c/
proof_packs/WORKSPACE_HYGIENE_AND_SEAL_2026-03-07_0711_757ae4d4c/raw/proof_pack_tracking_mode_sample.txt	392	LOCAL_ONLY_HISTORICAL	TEMPORARY_RAW_LOG_PATH	pack directory is indexed as historical/local-only governed residue	registry/proofpack-index.jsonl existing governance entry	KEEP_LOCAL_AS_GOVERNED	contains /raw/ execution evidence	proof_packs/WORKSPACE_HYGIENE_AND_SEAL_2026-03-07_0711_757ae4d4c/
proof_packs/WORKSPACE_HYGIENE_AND_SEAL_2026-03-07_0711_757ae4d4c/raw/proof_packs_top_level_inventory.txt	3177	LOCAL_ONLY_HISTORICAL	TEMPORARY_RAW_LOG_PATH	pack directory is indexed as historical/local-only governed residue	registry/proofpack-index.jsonl existing governance entry	KEEP_LOCAL_AS_GOVERNED	contains /raw/ execution evidence	proof_packs/WORKSPACE_HYGIENE_AND_SEAL_2026-03-07_0711_757ae4d4c/
proof_packs/WORKSPACE_HYGIENE_AND_SEAL_2026-03-07_0711_757ae4d4c/raw/recheck_detect_recurrence.exit	2	LOCAL_ONLY_HISTORICAL	TEMPORARY_RAW_LOG_PATH	pack directory is indexed as historical/local-only governed residue	registry/proofpack-index.jsonl existing governance entry	KEEP_LOCAL_AS_GOVERNED	contains /raw/ execution evidence	proof_packs/WORKSPACE_HYGIENE_AND_SEAL_2026-03-07_0711_757ae4d4c/
proof_packs/WORKSPACE_HYGIENE_AND_SEAL_2026-03-07_0711_757ae4d4c/raw/recheck_detect_recurrence.txt	154	LOCAL_ONLY_HISTORICAL	TEMPORARY_RAW_LOG_PATH	pack directory is indexed as historical/local-only governed residue	registry/proofpack-index.jsonl existing governance entry	KEEP_LOCAL_AS_GOVERNED	contains /raw/ execution evidence	proof_packs/WORKSPACE_HYGIENE_AND_SEAL_2026-03-07_0711_757ae4d4c/
proof_packs/WORKSPACE_HYGIENE_AND_SEAL_2026-03-07_0711_757ae4d4c/raw/recheck_verify_instructions.exit	2	LOCAL_ONLY_HISTORICAL	TEMPORARY_RAW_LOG_PATH	pack directory is indexed as historical/local-only governed residue	registry/proofpack-index.jsonl existing governance entry	KEEP_LOCAL_AS_GOVERNED	contains /raw/ execution evidence	proof_packs/WORKSPACE_HYGIENE_AND_SEAL_2026-03-07_0711_757ae4d4c/
proof_packs/WORKSPACE_HYGIENE_AND_SEAL_2026-03-07_0711_757ae4d4c/raw/recheck_verify_instructions.txt	767	LOCAL_ONLY_HISTORICAL	TEMPORARY_RAW_LOG_PATH	pack directory is indexed as historical/local-only governed residue	registry/proofpack-index.jsonl existing governance entry	KEEP_LOCAL_AS_GOVERNED	contains /raw/ execution evidence	proof_packs/WORKSPACE_HYGIENE_AND_SEAL_2026-03-07_0711_757ae4d4c/
proof_packs/WORKSPACE_HYGIENE_AND_SEAL_2026-03-07_0711_757ae4d4c/raw/run-p10-desktop-cert.sh	35976	LOCAL_ONLY_HISTORICAL	TEMPORARY_RAW_LOG_PATH	pack directory is indexed as historical/local-only governed residue	registry/proofpack-index.jsonl existing governance entry	KEEP_LOCAL_AS_GOVERNED	contains /raw/ execution evidence	proof_packs/WORKSPACE_HYGIENE_AND_SEAL_2026-03-07_0711_757ae4d4c/
proof_packs/WORKSPACE_HYGIENE_AND_SEAL_2026-03-07_0711_757ae4d4c/raw/size__proof_packs__POST_MERGE_VALIDATION_2026-03-07_757ae4d4c__.txt	61	LOCAL_ONLY_HISTORICAL	TEMPORARY_RAW_LOG_PATH	pack directory is indexed as historical/local-only governed residue	registry/proofpack-index.jsonl existing governance entry	KEEP_LOCAL_AS_GOVERNED	contains /raw/ execution evidence	proof_packs/WORKSPACE_HYGIENE_AND_SEAL_2026-03-07_0711_757ae4d4c/
proof_packs/WORKSPACE_HYGIENE_AND_SEAL_2026-03-07_0711_757ae4d4c/raw/size__proof_packs__PR_CI_UNBLOCK_2026-03-06_1847_5a48aa005__.txt	58	LOCAL_ONLY_HISTORICAL	TEMPORARY_RAW_LOG_PATH	pack directory is indexed as historical/local-only governed residue	registry/proofpack-index.jsonl existing governance entry	KEEP_LOCAL_AS_GOVERNED	contains /raw/ execution evidence	proof_packs/WORKSPACE_HYGIENE_AND_SEAL_2026-03-07_0711_757ae4d4c/
proof_packs/WORKSPACE_HYGIENE_AND_SEAL_2026-03-07_0711_757ae4d4c/raw/size__proof_packs__PR_MAIN_SEAL_READINESS_2026-03-06_1752_5a48aa005__.txt	67	LOCAL_ONLY_HISTORICAL	TEMPORARY_RAW_LOG_PATH	pack directory is indexed as historical/local-only governed residue	registry/proofpack-index.jsonl existing governance entry	KEEP_LOCAL_AS_GOVERNED	contains /raw/ execution evidence	proof_packs/WORKSPACE_HYGIENE_AND_SEAL_2026-03-07_0711_757ae4d4c/
proof_packs/WORKSPACE_HYGIENE_AND_SEAL_2026-03-07_0711_757ae4d4c/raw/size__proof_packs__UI_E2E_TOTAL_2026-03-06_1646_5a48aa005__.txt	57	LOCAL_ONLY_HISTORICAL	TEMPORARY_RAW_LOG_PATH	pack directory is indexed as historical/local-only governed residue	registry/proofpack-index.jsonl existing governance entry	KEEP_LOCAL_AS_GOVERNED	contains /raw/ execution evidence	proof_packs/WORKSPACE_HYGIENE_AND_SEAL_2026-03-07_0711_757ae4d4c/
proof_packs/WORKSPACE_HYGIENE_AND_SEAL_2026-03-07_0711_757ae4d4c/raw/size__proof_packs__WORKSPACE_HYGIENE_AND_SEAL_2026-03-07_0711_757ae4d4c__.txt	71	LOCAL_ONLY_HISTORICAL	TEMPORARY_RAW_LOG_PATH	pack directory is indexed as historical/local-only governed residue	registry/proofpack-index.jsonl existing governance entry	KEEP_LOCAL_AS_GOVERNED	contains /raw/ execution evidence	proof_packs/WORKSPACE_HYGIENE_AND_SEAL_2026-03-07_0711_757ae4d4c/
proof_packs/WORKSPACE_HYGIENE_AND_SEAL_2026-03-07_0711_757ae4d4c/raw/untracked_proof_packs_from_git_status.txt	289	LOCAL_ONLY_HISTORICAL	TEMPORARY_RAW_LOG_PATH	pack directory is indexed as historical/local-only governed residue	registry/proofpack-index.jsonl existing governance entry	KEEP_LOCAL_AS_GOVERNED	contains /raw/ execution evidence	proof_packs/WORKSPACE_HYGIENE_AND_SEAL_2026-03-07_0711_757ae4d4c/
